observation_id,entity_id,entity_scope,period_end,fiscal_label,published_at,available_at,retrieved_at,source_id,source_sha256,source_url,page_or_table,metric,value,unit,denominator,portfolio_scope,geography,status,missing_reason,metric_definition_version,assumption_set_id,transform_code_version,scope,notes,review_method,raw_value,normalization_multiplier,input_observation_ids,source_page_text_sha256,vintage_status
obs_bd4b57d26614c8066d838d44,WAFD,reported consolidated issuer,2026-06-30,FY2026Q3,2026-07-16,2026-07-17T12:00:00+00:00,2026-10-07T15:13:11.834647+00:00,src_3d1fb233d362d51f86e3167e,5d285d3fbdef414f833415aefc027932c3cde821d9d833d0b92b970f52c40cd5,https://www.wafdbank.com/documents/financial-news/2026/wafd-bank-press-release-20260716.pdf,PDF page 2,acl_including_unfunded,233.83100000000002,USD_million,not_applicable,all,all,observed,,acl_including_unfunded.v1,,74cfb73600d343e5b6adbdff7af447cd57cbfee0+tree.52a2b8b7c2c0727f,"{""basis"": ""reported"", ""entity"": ""WAFD"", ""geography"": ""all"", ""measurement"": ""stock"", ""netting"": ""reported"", ""occupancy"": ""all"", ""ownership"": ""consolidated"", ""period_end"": ""2026-06-30"", ""portfolio"": ""all""}",,human table review; numeric token presence check,233831.0,0.001,[],f9fa2e98e6f532e5c77f1c77031daed040edfb07703e21fb1af01cd720b6a42c,reconstructed from currently retrieved published document; not an archived contemporaneous download
obs_9a14424502f65dcf9b7a12c4,WAFD,reported consolidated issuer,2026-03-31,FY2026Q2,2026-07-16,2026-07-17T12:00:00+00:00,2026-10-07T15:13:11.834647+00:00,src_3d1fb233d362d51f86e3167e,5d285d3fbdef414f833415aefc027932c3cde821d9d833d0b92b970f52c40cd5,https://www.wafdbank.com/documents/financial-news/2026/wafd-bank-press-release-20260716.pdf,PDF page 2,acl_including_unfunded,224.45000000000002,USD_million,not_applicable,all,all,observed,,acl_including_unfunded.v1,,74cfb73600d343e5b6adbdff7af447cd57cbfee0+tree.52a2b8b7c2c0727f,"{""basis"": ""reported"", ""entity"": ""WAFD"", ""geography"": ""all"", ""measurement"": ""stock"", ""netting"": ""reported"", ""occupancy"": ""all"", ""ownership"": ""consolidated"", ""period_end"": ""2026-03-31"", ""portfolio"": ""all""}",,human table review; numeric token presence check,224450.0,0.001,[],f9fa2e98e6f532e5c77f1c77031daed040edfb07703e21fb1af01cd720b6a42c,reconstructed from currently retrieved published document; not an archived contemporaneous download
obs_04acc79215de5305a9645ebd,WAFD,reported consolidated issuer,2025-12-31,FY2026Q1,2026-07-16,2026-07-17T12:00:00+00:00,2026-10-07T15:13:11.834647+00:00,src_3d1fb233d362d51f86e3167e,5d285d3fbdef414f833415aefc027932c3cde821d9d833d0b92b970f52c40cd5,https://www.wafdbank.com/documents/financial-news/2026/wafd-bank-press-release-20260716.pdf,PDF page 2,acl_including_unfunded,221.03900000000002,USD_million,not_applicable,all,all,observed,,acl_including_unfunded.v1,,74cfb73600d343e5b6adbdff7af447cd57cbfee0+tree.52a2b8b7c2c0727f,"{""basis"": ""reported"", ""entity"": ""WAFD"", ""geography"": ""all"", ""measurement"": ""stock"", ""netting"": ""reported"", ""occupancy"": ""all"", ""ownership"": ""consolidated"", ""period_end"": ""2025-12-31"", ""portfolio"": ""all""}",,human table review; numeric token presence check,221039.0,0.001,[],f9fa2e98e6f532e5c77f1c77031daed040edfb07703e21fb1af01cd720b6a42c,reconstructed from currently retrieved published document; not an archived contemporaneous download
obs_741e7afd216f384d2e419c22,WAFD,reported consolidated issuer,2026-06-30,FY2026Q3,2026-07-16,2026-07-17T12:00:00+00:00,2026-10-07T15:13:11.834647+00:00,src_3d1fb233d362d51f86e3167e,5d285d3fbdef414f833415aefc027932c3cde821d9d833d0b92b970f52c40cd5,https://www.wafdbank.com/documents/financial-news/2026/wafd-bank-press-release-20260716.pdf,PDF page 2,nonaccrual_to_net_loans,0.64,percent,net loans,all,all,observed,,nonaccrual_to_net_loans.v1,,74cfb73600d343e5b6adbdff7af447cd57cbfee0+tree.52a2b8b7c2c0727f,"{""basis"": ""reported"", ""entity"": ""WAFD"", ""geography"": ""all"", ""measurement"": ""stock_ratio"", ""netting"": ""reported"", ""occupancy"": ""all"", ""ownership"": ""consolidated"", ""period_end"": ""2026-06-30"", ""portfolio"": ""all""}",Criticized and classified overlap; never add. Delinquency definition differs from COLB buckets.,human table review; numeric token presence check,0.64,1.0,[],f9fa2e98e6f532e5c77f1c77031daed040edfb07703e21fb1af01cd720b6a42c,reconstructed from currently retrieved published document; not an archived contemporaneous download
obs_1f5645602a8c067049f005cf,WAFD,reported consolidated issuer,2026-03-31,FY2026Q2,2026-07-16,2026-07-17T12:00:00+00:00,2026-10-07T15:13:11.834647+00:00,src_3d1fb233d362d51f86e3167e,5d285d3fbdef414f833415aefc027932c3cde821d9d833d0b92b970f52c40cd5,https://www.wafdbank.com/documents/financial-news/2026/wafd-bank-press-release-20260716.pdf,PDF page 2,nonaccrual_to_net_loans,0.62,percent,net loans,all,all,observed,,nonaccrual_to_net_loans.v1,,74cfb73600d343e5b6adbdff7af447cd57cbfee0+tree.52a2b8b7c2c0727f,"{""basis"": ""reported"", ""entity"": ""WAFD"", ""geography"": ""all"", ""measurement"": ""stock_ratio"", ""netting"": ""reported"", ""occupancy"": ""all"", ""ownership"": ""consolidated"", ""period_end"": ""2026-03-31"", ""portfolio"": ""all""}",Criticized and classified overlap; never add. Delinquency definition differs from COLB buckets.,human table review; numeric token presence check,0.62,1.0,[],f9fa2e98e6f532e5c77f1c77031daed040edfb07703e21fb1af01cd720b6a42c,reconstructed from currently retrieved published document; not an archived contemporaneous download
obs_509b2cd90b4ad24049ca5c97,WAFD,reported consolidated issuer,2025-12-31,FY2026Q1,2026-07-16,2026-07-17T12:00:00+00:00,2026-10-07T15:13:11.834647+00:00,src_3d1fb233d362d51f86e3167e,5d285d3fbdef414f833415aefc027932c3cde821d9d833d0b92b970f52c40cd5,https://www.wafdbank.com/documents/financial-news/2026/wafd-bank-press-release-20260716.pdf,PDF page 2,nonaccrual_to_net_loans,0.96,percent,net loans,all,all,observed,,nonaccrual_to_net_loans.v1,,74cfb73600d343e5b6adbdff7af447cd57cbfee0+tree.52a2b8b7c2c0727f,"{""basis"": ""reported"", ""entity"": ""WAFD"", ""geography"": ""all"", ""measurement"": ""stock_ratio"", ""netting"": ""reported"", ""occupancy"": ""all"", ""ownership"": ""consolidated"", ""period_end"": ""2025-12-31"", ""portfolio"": ""all""}",Criticized and classified overlap; never add. Delinquency definition differs from COLB buckets.,human table review; numeric token presence check,0.96,1.0,[],f9fa2e98e6f532e5c77f1c77031daed040edfb07703e21fb1af01cd720b6a42c,reconstructed from currently retrieved published document; not an archived contemporaneous download
obs_c7236d59877321e8b2acc466,WAFD,reported consolidated issuer,2026-06-30,FY2026Q3,2026-07-16,2026-07-17T12:00:00+00:00,2026-10-07T15:13:11.834647+00:00,src_3d1fb233d362d51f86e3167e,5d285d3fbdef414f833415aefc027932c3cde821d9d833d0b92b970f52c40cd5,https://www.wafdbank.com/documents/financial-news/2026/wafd-bank-press-release-20260716.pdf,PDF page 2,delinquencies_to_net_loans,0.75,percent,net loans,all,all,observed,,delinquencies_to_net_loans.v1,,74cfb73600d343e5b6adbdff7af447cd57cbfee0+tree.52a2b8b7c2c0727f,"{""basis"": ""reported"", ""entity"": ""WAFD"", ""geography"": ""all"", ""measurement"": ""stock_ratio"", ""netting"": ""reported"", ""occupancy"": ""all"", ""ownership"": ""consolidated"", ""period_end"": ""2026-06-30"", ""portfolio"": ""all""}",Criticized and classified overlap; never add. Delinquency definition differs from COLB buckets.,human table review; numeric token presence check,0.75,1.0,[],f9fa2e98e6f532e5c77f1c77031daed040edfb07703e21fb1af01cd720b6a42c,reconstructed from currently retrieved published document; not an archived contemporaneous download
obs_60c5b1444637c501cecac074,WAFD,reported consolidated issuer,2026-03-31,FY2026Q2,2026-07-16,2026-07-17T12:00:00+00:00,2026-10-07T15:13:11.834647+00:00,src_3d1fb233d362d51f86e3167e,5d285d3fbdef414f833415aefc027932c3cde821d9d833d0b92b970f52c40cd5,https://www.wafdbank.com/documents/financial-news/2026/wafd-bank-press-release-20260716.pdf,PDF page 2,delinquencies_to_net_loans,0.78,percent,net loans,all,all,observed,,delinquencies_to_net_loans.v1,,74cfb73600d343e5b6adbdff7af447cd57cbfee0+tree.52a2b8b7c2c0727f,"{""basis"": ""reported"", ""entity"": ""WAFD"", ""geography"": ""all"", ""measurement"": ""stock_ratio"", ""netting"": ""reported"", ""occupancy"": ""all"", ""ownership"": ""consolidated"", ""period_end"": ""2026-03-31"", ""portfolio"": ""all""}",Criticized and classified overlap; never add. Delinquency definition differs from COLB buckets.,human table review; numeric token presence check,0.78,1.0,[],f9fa2e98e6f532e5c77f1c77031daed040edfb07703e21fb1af01cd720b6a42c,reconstructed from currently retrieved published document; not an archived contemporaneous download
obs_13d66466fe08a116049b7b68,WAFD,reported consolidated issuer,2025-12-31,FY2026Q1,2026-07-16,2026-07-17T12:00:00+00:00,2026-10-07T15:13:11.834647+00:00,src_3d1fb233d362d51f86e3167e,5d285d3fbdef414f833415aefc027932c3cde821d9d833d0b92b970f52c40cd5,https://www.wafdbank.com/documents/financial-news/2026/wafd-bank-press-release-20260716.pdf,PDF page 2,delinquencies_to_net_loans,1.07,percent,net loans,all,all,observed,,delinquencies_to_net_loans.v1,,74cfb73600d343e5b6adbdff7af447cd57cbfee0+tree.52a2b8b7c2c0727f,"{""basis"": ""reported"", ""entity"": ""WAFD"", ""geography"": ""all"", ""measurement"": ""stock_ratio"", ""netting"": ""reported"", ""occupancy"": ""all"", ""ownership"": ""consolidated"", ""period_end"": ""2025-12-31"", ""portfolio"": ""all""}",Criticized and classified overlap; never add. Delinquency definition differs from COLB buckets.,human table review; numeric token presence check,1.07,1.0,[],f9fa2e98e6f532e5c77f1c77031daed040edfb07703e21fb1af01cd720b6a42c,reconstructed from currently retrieved published document; not an archived contemporaneous download
obs_129232413ed66f9577bc28e0,WAFD,reported consolidated issuer,2026-06-30,FY2026Q3,2026-07-16,2026-07-17T12:00:00+00:00,2026-10-07T15:13:11.834647+00:00,src_3d1fb233d362d51f86e3167e,5d285d3fbdef414f833415aefc027932c3cde821d9d833d0b92b970f52c40cd5,https://www.wafdbank.com/documents/financial-news/2026/wafd-bank-press-release-20260716.pdf,PDF page 2,criticized_to_net_loans,4.93,percent,net loans,all,all,observed,,criticized_to_net_loans.v1,,74cfb73600d343e5b6adbdff7af447cd57cbfee0+tree.52a2b8b7c2c0727f,"{""basis"": ""reported"", ""entity"": ""WAFD"", ""geography"": ""all"", ""measurement"": ""stock_ratio"", ""netting"": ""reported"", ""occupancy"": ""all"", ""ownership"": ""consolidated"", ""period_end"": ""2026-06-30"", ""portfolio"": ""all""}",Criticized and classified overlap; never add. Delinquency definition differs from COLB buckets.,human table review; numeric token presence check,4.93,1.0,[],f9fa2e98e6f532e5c77f1c77031daed040edfb07703e21fb1af01cd720b6a42c,reconstructed from currently retrieved published document; not an archived contemporaneous download
obs_4203d37838d74b758711d393,WAFD,reported consolidated issuer,2026-03-31,FY2026Q2,2026-07-16,2026-07-17T12:00:00+00:00,2026-10-07T15:13:11.834647+00:00,src_3d1fb233d362d51f86e3167e,5d285d3fbdef414f833415aefc027932c3cde821d9d833d0b92b970f52c40cd5,https://www.wafdbank.com/documents/financial-news/2026/wafd-bank-press-release-20260716.pdf,PDF page 2,criticized_to_net_loans,4.24,percent,net loans,all,all,observed,,criticized_to_net_loans.v1,,74cfb73600d343e5b6adbdff7af447cd57cbfee0+tree.52a2b8b7c2c0727f,"{""basis"": ""reported"", ""entity"": ""WAFD"", ""geography"": ""all"", ""measurement"": ""stock_ratio"", ""netting"": ""reported"", ""occupancy"": ""all"", ""ownership"": ""consolidated"", ""period_end"": ""2026-03-31"", ""portfolio"": ""all""}",Criticized and classified overlap; never add. Delinquency definition differs from COLB buckets.,human table review; numeric token presence check,4.24,1.0,[],f9fa2e98e6f532e5c77f1c77031daed040edfb07703e21fb1af01cd720b6a42c,reconstructed from currently retrieved published document; not an archived contemporaneous download
obs_ccfb0a50a6a4972048bcf78a,WAFD,reported consolidated issuer,2025-12-31,FY2026Q1,2026-07-16,2026-07-17T12:00:00+00:00,2026-10-07T15:13:11.834647+00:00,src_3d1fb233d362d51f86e3167e,5d285d3fbdef414f833415aefc027932c3cde821d9d833d0b92b970f52c40cd5,https://www.wafdbank.com/documents/financial-news/2026/wafd-bank-press-release-20260716.pdf,PDF page 2,criticized_to_net_loans,4.6,percent,net loans,all,all,observed,,criticized_to_net_loans.v1,,74cfb73600d343e5b6adbdff7af447cd57cbfee0+tree.52a2b8b7c2c0727f,"{""basis"": ""reported"", ""entity"": ""WAFD"", ""geography"": ""all"", ""measurement"": ""stock_ratio"", ""netting"": ""reported"", ""occupancy"": ""all"", ""ownership"": ""consolidated"", ""period_end"": ""2025-12-31"", ""portfolio"": ""all""}",Criticized and classified overlap; never add. Delinquency definition differs from COLB buckets.,human table review; numeric token presence check,4.6,1.0,[],f9fa2e98e6f532e5c77f1c77031daed040edfb07703e21fb1af01cd720b6a42c,reconstructed from currently retrieved published document; not an archived contemporaneous download
obs_c526df4c0ac2215ab4c30f7a,WAFD,reported consolidated issuer,2026-06-30,FY2026Q3,2026-07-16,2026-07-17T12:00:00+00:00,2026-10-07T15:13:11.834647+00:00,src_3d1fb233d362d51f86e3167e,5d285d3fbdef414f833415aefc027932c3cde821d9d833d0b92b970f52c40cd5,https://www.wafdbank.com/documents/financial-news/2026/wafd-bank-press-release-20260716.pdf,PDF page 2,classified_to_net_loans,2.59,percent,net loans,all,all,observed,,classified_to_net_loans.v1,,74cfb73600d343e5b6adbdff7af447cd57cbfee0+tree.52a2b8b7c2c0727f,"{""basis"": ""reported"", ""entity"": ""WAFD"", ""geography"": ""all"", ""measurement"": ""stock_ratio"", ""netting"": ""reported"", ""occupancy"": ""all"", ""ownership"": ""consolidated"", ""period_end"": ""2026-06-30"", ""portfolio"": ""all""}",Criticized and classified overlap; never add. Delinquency definition differs from COLB buckets.,human table review; numeric token presence check,2.59,1.0,[],f9fa2e98e6f532e5c77f1c77031daed040edfb07703e21fb1af01cd720b6a42c,reconstructed from currently retrieved published document; not an archived contemporaneous download
obs_e45d875d06b7b861d0c34fd2,WAFD,reported consolidated issuer,2026-03-31,FY2026Q2,2026-07-16,2026-07-17T12:00:00+00:00,2026-10-07T15:13:11.834647+00:00,src_3d1fb233d362d51f86e3167e,5d285d3fbdef414f833415aefc027932c3cde821d9d833d0b92b970f52c40cd5,https://www.wafdbank.com/documents/financial-news/2026/wafd-bank-press-release-20260716.pdf,PDF page 2,classified_to_net_loans,2.6,percent,net loans,all,all,observed,,classified_to_net_loans.v1,,74cfb73600d343e5b6adbdff7af447cd57cbfee0+tree.52a2b8b7c2c0727f,"{""basis"": ""reported"", ""entity"": ""WAFD"", ""geography"": ""all"", ""measurement"": ""stock_ratio"", ""netting"": ""reported"", ""occupancy"": ""all"", ""ownership"": ""consolidated"", ""period_end"": ""2026-03-31"", ""portfolio"": ""all""}",Criticized and classified overlap; never add. Delinquency definition differs from COLB buckets.,human table review; numeric token presence check,2.6,1.0,[],f9fa2e98e6f532e5c77f1c77031daed040edfb07703e21fb1af01cd720b6a42c,reconstructed from currently retrieved published document; not an archived contemporaneous download
obs_721b542e122851988f4bd887,WAFD,reported consolidated issuer,2025-12-31,FY2026Q1,2026-07-16,2026-07-17T12:00:00+00:00,2026-10-07T15:13:11.834647+00:00,src_3d1fb233d362d51f86e3167e,5d285d3fbdef414f833415aefc027932c3cde821d9d833d0b92b970f52c40cd5,https://www.wafdbank.com/documents/financial-news/2026/wafd-bank-press-release-20260716.pdf,PDF page 2,classified_to_net_loans,2.94,percent,net loans,all,all,observed,,classified_to_net_loans.v1,,74cfb73600d343e5b6adbdff7af447cd57cbfee0+tree.52a2b8b7c2c0727f,"{""basis"": ""reported"", ""entity"": ""WAFD"", ""geography"": ""all"", ""measurement"": ""stock_ratio"", ""netting"": ""reported"", ""occupancy"": ""all"", ""ownership"": ""consolidated"", ""period_end"": ""2025-12-31"", ""portfolio"": ""all""}",Criticized and classified overlap; never add. Delinquency definition differs from COLB buckets.,human table review; numeric token presence check,2.94,1.0,[],f9fa2e98e6f532e5c77f1c77031daed040edfb07703e21fb1af01cd720b6a42c,reconstructed from currently retrieved published document; not an archived contemporaneous download
obs_da57f18eabef6a708e201158,WAFD,reported consolidated issuer,2026-06-30,FY2026Q3,2026-07-16,2026-07-17T12:00:00+00:00,2026-10-07T15:13:11.834647+00:00,src_3d1fb233d362d51f86e3167e,5d285d3fbdef414f833415aefc027932c3cde821d9d833d0b92b970f52c40cd5,https://www.wafdbank.com/documents/financial-news/2026/wafd-bank-press-release-20260716.pdf,PDF page 7,provision_total,11.0,USD_million,not_applicable,all,all,observed,,provision_total.v1,,74cfb73600d343e5b6adbdff7af447cd57cbfee0+tree.52a2b8b7c2c0727f,"{""basis"": ""reported"", ""entity"": ""WAFD"", ""geography"": ""all"", ""measurement"": ""quarter_flow"", ""netting"": ""reported"", ""occupancy"": ""all"", ""ownership"": ""consolidated"", ""period_end"": ""2026-06-30"", ""portfolio"": ""all""}",,human table review; numeric token presence check,11000.0,0.001,[],607e00f754aa138562153842b54972f26294a708c4e7ca3001d7c586bc8707e2,reconstructed from currently retrieved published document; not an archived contemporaneous download
obs_ad43ef54e0b104b52aa1dbcd,WAFD,reported consolidated issuer,2026-03-31,FY2026Q2,2026-07-16,2026-07-17T12:00:00+00:00,2026-10-07T15:13:11.834647+00:00,src_3d1fb233d362d51f86e3167e,5d285d3fbdef414f833415aefc027932c3cde821d9d833d0b92b970f52c40cd5,https://www.wafdbank.com/documents/financial-news/2026/wafd-bank-press-release-20260716.pdf,PDF page 7,provision_total,4.0,USD_million,not_applicable,all,all,observed,,provision_total.v1,,74cfb73600d343e5b6adbdff7af447cd57cbfee0+tree.52a2b8b7c2c0727f,"{""basis"": ""reported"", ""entity"": ""WAFD"", ""geography"": ""all"", ""measurement"": ""quarter_flow"", ""netting"": ""reported"", ""occupancy"": ""all"", ""ownership"": ""consolidated"", ""period_end"": ""2026-03-31"", ""portfolio"": ""all""}",,human table review; numeric token presence check,4000.0,0.001,[],607e00f754aa138562153842b54972f26294a708c4e7ca3001d7c586bc8707e2,reconstructed from currently retrieved published document; not an archived contemporaneous download
obs_58694daab1b13147d797a65d,WAFD,reported consolidated issuer,2025-12-31,FY2026Q1,2026-07-16,2026-07-17T12:00:00+00:00,2026-10-07T15:13:11.834647+00:00,src_3d1fb233d362d51f86e3167e,5d285d3fbdef414f833415aefc027932c3cde821d9d833d0b92b970f52c40cd5,https://www.wafdbank.com/documents/financial-news/2026/wafd-bank-press-release-20260716.pdf,PDF page 7,provision_total,3.5,USD_million,not_applicable,all,all,observed,,provision_total.v1,,74cfb73600d343e5b6adbdff7af447cd57cbfee0+tree.52a2b8b7c2c0727f,"{""basis"": ""reported"", ""entity"": ""WAFD"", ""geography"": ""all"", ""measurement"": ""quarter_flow"", ""netting"": ""reported"", ""occupancy"": ""all"", ""ownership"": ""consolidated"", ""period_end"": ""2025-12-31"", ""portfolio"": ""all""}",,human table review; numeric token presence check,3500.0,0.001,[],607e00f754aa138562153842b54972f26294a708c4e7ca3001d7c586bc8707e2,reconstructed from currently retrieved published document; not an archived contemporaneous download
obs_2cb26fe2bcfb12c110758be9,WAFD,reported consolidated issuer,2026-06-30,FY2026Q3,2026-07-16,2026-07-17T12:00:00+00:00,2026-10-07T15:13:11.834647+00:00,src_3d1fb233d362d51f86e3167e,5d285d3fbdef414f833415aefc027932c3cde821d9d833d0b92b970f52c40cd5,https://www.wafdbank.com/documents/financial-news/2026/wafd-bank-press-release-20260716.pdf,PDF page 17,nonaccrual_loans,127.569,USD_million,not_applicable,all,all,observed,,nonaccrual_loans.v1,,74cfb73600d343e5b6adbdff7af447cd57cbfee0+tree.52a2b8b7c2c0727f,"{""basis"": ""reported"", ""entity"": ""WAFD"", ""geography"": ""all"", ""measurement"": ""stock"", ""netting"": ""reported"", ""occupancy"": ""all"", ""ownership"": ""consolidated"", ""period_end"": ""2026-06-30"", ""portfolio"": ""all""}",,human table review; numeric token presence check,127569.0,0.001,[],d02d0b67f1f02d8ea70ee7da7691fc300880d3b896dd138857d90fd2797097fd,reconstructed from currently retrieved published document; not an archived contemporaneous download
obs_b3215a6baab8574e6ddba934,WAFD,reported consolidated issuer,2026-03-31,FY2026Q2,2026-07-16,2026-07-17T12:00:00+00:00,2026-10-07T15:13:11.834647+00:00,src_3d1fb233d362d51f86e3167e,5d285d3fbdef414f833415aefc027932c3cde821d9d833d0b92b970f52c40cd5,https://www.wafdbank.com/documents/financial-news/2026/wafd-bank-press-release-20260716.pdf,PDF page 17,nonaccrual_loans,123.85900000000001,USD_million,not_applicable,all,all,observed,,nonaccrual_loans.v1,,74cfb73600d343e5b6adbdff7af447cd57cbfee0+tree.52a2b8b7c2c0727f,"{""basis"": ""reported"", ""entity"": ""WAFD"", ""geography"": ""all"", ""measurement"": ""stock"", ""netting"": ""reported"", ""occupancy"": ""all"", ""ownership"": ""consolidated"", ""period_end"": ""2026-03-31"", ""portfolio"": ""all""}",,human table review; numeric token presence check,123859.0,0.001,[],d02d0b67f1f02d8ea70ee7da7691fc300880d3b896dd138857d90fd2797097fd,reconstructed from currently retrieved published document; not an archived contemporaneous download
obs_5b3d0cd233c27499a442457e,WAFD,reported consolidated issuer,2025-12-31,FY2026Q1,2026-07-16,2026-07-17T12:00:00+00:00,2026-10-07T15:13:11.834647+00:00,src_3d1fb233d362d51f86e3167e,5d285d3fbdef414f833415aefc027932c3cde821d9d833d0b92b970f52c40cd5,https://www.wafdbank.com/documents/financial-news/2026/wafd-bank-press-release-20260716.pdf,PDF page 17,nonaccrual_loans,191.348,USD_million,not_applicable,all,all,observed,,nonaccrual_loans.v1,,74cfb73600d343e5b6adbdff7af447cd57cbfee0+tree.52a2b8b7c2c0727f,"{""basis"": ""reported"", ""entity"": ""WAFD"", ""geography"": ""all"", ""measurement"": ""stock"", ""netting"": ""reported"", ""occupancy"": ""all"", ""ownership"": ""consolidated"", ""period_end"": ""2025-12-31"", ""portfolio"": ""all""}",,human table review; numeric token presence check,191348.0,0.001,[],d02d0b67f1f02d8ea70ee7da7691fc300880d3b896dd138857d90fd2797097fd,reconstructed from currently retrieved published document; not an archived contemporaneous download
obs_cd3d5fca1e7bb425cb91c35e,WAFD,reported consolidated issuer,2026-06-30,FY2026Q3,2026-07-16,2026-07-17T12:00:00+00:00,2026-10-07T15:13:11.834647+00:00,src_3d1fb233d362d51f86e3167e,5d285d3fbdef414f833415aefc027932c3cde821d9d833d0b92b970f52c40cd5,https://www.wafdbank.com/documents/financial-news/2026/wafd-bank-press-release-20260716.pdf,PDF page 17,net_chargeoffs,1.619,USD_million,not_applicable,all,all,observed,,net_chargeoffs.v1,,74cfb73600d343e5b6adbdff7af447cd57cbfee0+tree.52a2b8b7c2c0727f,"{""basis"": ""reported"", ""entity"": ""WAFD"", ""geography"": ""all"", ""measurement"": ""quarter_flow"", ""netting"": ""reported"", ""occupancy"": ""all"", ""ownership"": ""consolidated"", ""period_end"": ""2026-06-30"", ""portfolio"": ""all""}",,human table review; numeric token presence check,1619.0,0.001,[],d02d0b67f1f02d8ea70ee7da7691fc300880d3b896dd138857d90fd2797097fd,reconstructed from currently retrieved published document; not an archived contemporaneous download
obs_ba05717be8378dd15ca9d366,WAFD,reported consolidated issuer,2026-03-31,FY2026Q2,2026-07-16,2026-07-17T12:00:00+00:00,2026-10-07T15:13:11.834647+00:00,src_3d1fb233d362d51f86e3167e,5d285d3fbdef414f833415aefc027932c3cde821d9d833d0b92b970f52c40cd5,https://www.wafdbank.com/documents/financial-news/2026/wafd-bank-press-release-20260716.pdf,PDF page 17,net_chargeoffs,0.589,USD_million,not_applicable,all,all,observed,,net_chargeoffs.v1,,74cfb73600d343e5b6adbdff7af447cd57cbfee0+tree.52a2b8b7c2c0727f,"{""basis"": ""reported"", ""entity"": ""WAFD"", ""geography"": ""all"", ""measurement"": ""quarter_flow"", ""netting"": ""reported"", ""occupancy"": ""all"", ""ownership"": ""consolidated"", ""period_end"": ""2026-03-31"", ""portfolio"": ""all""}",,human table review; numeric token presence check,589.0,0.001,[],d02d0b67f1f02d8ea70ee7da7691fc300880d3b896dd138857d90fd2797097fd,reconstructed from currently retrieved published document; not an archived contemporaneous download
obs_d88c3f05e8f81ac0af68f9c2,WAFD,reported consolidated issuer,2025-12-31,FY2026Q1,2026-07-16,2026-07-17T12:00:00+00:00,2026-10-07T15:13:11.834647+00:00,src_3d1fb233d362d51f86e3167e,5d285d3fbdef414f833415aefc027932c3cde821d9d833d0b92b970f52c40cd5,https://www.wafdbank.com/documents/financial-news/2026/wafd-bank-press-release-20260716.pdf,PDF page 17,net_chargeoffs,3.681,USD_million,not_applicable,all,all,observed,,net_chargeoffs.v1,,74cfb73600d343e5b6adbdff7af447cd57cbfee0+tree.52a2b8b7c2c0727f,"{""basis"": ""reported"", ""entity"": ""WAFD"", ""geography"": ""all"", ""measurement"": ""quarter_flow"", ""netting"": ""reported"", ""occupancy"": ""all"", ""ownership"": ""consolidated"", ""period_end"": ""2025-12-31"", ""portfolio"": ""all""}",,human table review; numeric token presence check,3681.0,0.001,[],d02d0b67f1f02d8ea70ee7da7691fc300880d3b896dd138857d90fd2797097fd,reconstructed from currently retrieved published document; not an archived contemporaneous download
obs_edf21168468405ec4e1d7deb,WAFD,reported consolidated issuer,2026-06-30,FY2026Q3,2026-07-16,2026-07-17T12:00:00+00:00,2026-10-07T15:13:11.834647+00:00,src_3d1fb233d362d51f86e3167e,5d285d3fbdef414f833415aefc027932c3cde821d9d833d0b92b970f52c40cd5,https://www.wafdbank.com/documents/financial-news/2026/wafd-bank-press-release-20260716.pdf,PDF page 15,acl_loans,214.83100000000002,USD_million,not_applicable,all,all,observed,,acl_loans.v1,,74cfb73600d343e5b6adbdff7af447cd57cbfee0+tree.52a2b8b7c2c0727f,"{""basis"": ""reported"", ""entity"": ""WAFD"", ""geography"": ""all"", ""measurement"": ""stock"", ""netting"": ""reported"", ""occupancy"": ""all"", ""ownership"": ""consolidated"", ""period_end"": ""2026-06-30"", ""portfolio"": ""all""}",,human table review; numeric token presence check,214831.0,0.001,[],44801a7812344b0d248067380f449c0753ad4c90cb2002318f8c0d60533bf583,reconstructed from currently retrieved published document; not an archived contemporaneous download
obs_91d02c738b40f1a2100598c2,WAFD,reported consolidated issuer,2026-03-31,FY2026Q2,2026-07-16,2026-07-17T12:00:00+00:00,2026-10-07T15:13:11.834647+00:00,src_3d1fb233d362d51f86e3167e,5d285d3fbdef414f833415aefc027932c3cde821d9d833d0b92b970f52c40cd5,https://www.wafdbank.com/documents/financial-news/2026/wafd-bank-press-release-20260716.pdf,PDF page 15,acl_loans,201.95000000000002,USD_million,not_applicable,all,all,observed,,acl_loans.v1,,74cfb73600d343e5b6adbdff7af447cd57cbfee0+tree.52a2b8b7c2c0727f,"{""basis"": ""reported"", ""entity"": ""WAFD"", ""geography"": ""all"", ""measurement"": ""stock"", ""netting"": ""reported"", ""occupancy"": ""all"", ""ownership"": ""consolidated"", ""period_end"": ""2026-03-31"", ""portfolio"": ""all""}",,human table review; numeric token presence check,201950.0,0.001,[],44801a7812344b0d248067380f449c0753ad4c90cb2002318f8c0d60533bf583,reconstructed from currently retrieved published document; not an archived contemporaneous download
obs_f121aefa6dbd2dd21c32252c,WAFD,reported consolidated issuer,2025-12-31,FY2026Q1,2026-07-16,2026-07-17T12:00:00+00:00,2026-10-07T15:13:11.834647+00:00,src_3d1fb233d362d51f86e3167e,5d285d3fbdef414f833415aefc027932c3cde821d9d833d0b92b970f52c40cd5,https://www.wafdbank.com/documents/financial-news/2026/wafd-bank-press-release-20260716.pdf,PDF page 15,acl_loans,199.53900000000002,USD_million,not_applicable,all,all,observed,,acl_loans.v1,,74cfb73600d343e5b6adbdff7af447cd57cbfee0+tree.52a2b8b7c2c0727f,"{""basis"": ""reported"", ""entity"": ""WAFD"", ""geography"": ""all"", ""measurement"": ""stock"", ""netting"": ""reported"", ""occupancy"": ""all"", ""ownership"": ""consolidated"", ""period_end"": ""2025-12-31"", ""portfolio"": ""all""}",,human table review; numeric token presence check,199539.0,0.001,[],44801a7812344b0d248067380f449c0753ad4c90cb2002318f8c0d60533bf583,reconstructed from currently retrieved published document; not an archived contemporaneous download
obs_fb29fd5b328145363ea3e6d5,COLB,reported consolidated issuer,2026-06-30,CY2026Q2,2026-07-23,2026-07-24T12:00:00+00:00,2026-10-07T15:16:49.974248+00:00,src_4f22b2562f7211bdfae678f1,f8941ed9ca8a9a773bffdd5be1a6ec734a30e8418ae8f941dddea37a563813f3,https://s26.q4cdn.com/577104185/files/doc_earnings/2026/q2/earnings-result/COLB-2026-Q2-Earnings-Release.pdf,PDF page 6,provision_total,27.0,USD_million,not_applicable,all,all,observed,,provision_total.v1,,74cfb73600d343e5b6adbdff7af447cd57cbfee0+tree.52a2b8b7c2c0727f,"{""basis"": ""reported"", ""entity"": ""COLB"", ""geography"": ""all"", ""measurement"": ""quarter_flow"", ""netting"": ""reported"", ""occupancy"": ""all"", ""ownership"": ""consolidated"", ""period_end"": ""2026-06-30"", ""portfolio"": ""all""}",,human table review; numeric token presence check,27.0,1.0,[],5f24b8a7e084cce2e302d48da4fce52324b69cff5869054a02e7f841df23acf8,reconstructed from currently retrieved published document; not an archived contemporaneous download
obs_9b78ce34835b3294a4547542,COLB,reported consolidated issuer,2026-03-31,CY2026Q1,2026-07-23,2026-07-24T12:00:00+00:00,2026-10-07T15:16:49.974248+00:00,src_4f22b2562f7211bdfae678f1,f8941ed9ca8a9a773bffdd5be1a6ec734a30e8418ae8f941dddea37a563813f3,https://s26.q4cdn.com/577104185/files/doc_earnings/2026/q2/earnings-result/COLB-2026-Q2-Earnings-Release.pdf,PDF page 6,provision_total,28.0,USD_million,not_applicable,all,all,observed,,provision_total.v1,,74cfb73600d343e5b6adbdff7af447cd57cbfee0+tree.52a2b8b7c2c0727f,"{""basis"": ""reported"", ""entity"": ""COLB"", ""geography"": ""all"", ""measurement"": ""quarter_flow"", ""netting"": ""reported"", ""occupancy"": ""all"", ""ownership"": ""consolidated"", ""period_end"": ""2026-03-31"", ""portfolio"": ""all""}",,human table review; numeric token presence check,28.0,1.0,[],5f24b8a7e084cce2e302d48da4fce52324b69cff5869054a02e7f841df23acf8,reconstructed from currently retrieved published document; not an archived contemporaneous download
obs_0424bcd96ece8695ccf1d7e7,COLB,reported consolidated issuer,2025-12-31,CY2025Q4,2026-07-23,2026-07-24T12:00:00+00:00,2026-10-07T15:16:49.974248+00:00,src_4f22b2562f7211bdfae678f1,f8941ed9ca8a9a773bffdd5be1a6ec734a30e8418ae8f941dddea37a563813f3,https://s26.q4cdn.com/577104185/files/doc_earnings/2026/q2/earnings-result/COLB-2026-Q2-Earnings-Release.pdf,PDF page 6,provision_total,23.0,USD_million,not_applicable,all,all,observed,,provision_total.v1,,74cfb73600d343e5b6adbdff7af447cd57cbfee0+tree.52a2b8b7c2c0727f,"{""basis"": ""reported"", ""entity"": ""COLB"", ""geography"": ""all"", ""measurement"": ""quarter_flow"", ""netting"": ""reported"", ""occupancy"": ""all"", ""ownership"": ""consolidated"", ""period_end"": ""2025-12-31"", ""portfolio"": ""all""}",,human table review; numeric token presence check,23.0,1.0,[],5f24b8a7e084cce2e302d48da4fce52324b69cff5869054a02e7f841df23acf8,reconstructed from currently retrieved published document; not an archived contemporaneous download
obs_0ea89fd75725cfc02a9ee40d,COLB,reported consolidated issuer,2026-06-30,CY2026Q2,2026-07-23,2026-07-24T12:00:00+00:00,2026-10-07T15:16:49.974248+00:00,src_4f22b2562f7211bdfae678f1,f8941ed9ca8a9a773bffdd5be1a6ec734a30e8418ae8f941dddea37a563813f3,https://s26.q4cdn.com/577104185/files/doc_earnings/2026/q2/earnings-result/COLB-2026-Q2-Earnings-Release.pdf,PDF page 13,nonaccrual_loans,180.0,USD_million,not_applicable,all,all,observed,,nonaccrual_loans.v1,,74cfb73600d343e5b6adbdff7af447cd57cbfee0+tree.52a2b8b7c2c0727f,"{""basis"": ""reported"", ""entity"": ""COLB"", ""geography"": ""all"", ""measurement"": ""stock"", ""netting"": ""reported"", ""occupancy"": ""all"", ""ownership"": ""consolidated"", ""period_end"": ""2026-06-30"", ""portfolio"": ""all""}",NPL includes government guarantees; repurchase-eligible unrepurchased mortgages excluded.,human table review; numeric token presence check,180.0,1.0,[],4fa11e32c2b212d6d10268e71f344dc903e3876947156151bd5d9600df54462f,reconstructed from currently retrieved published document; not an archived contemporaneous download
obs_19803a3ef06b9eb1d4ab1fe6,COLB,reported consolidated issuer,2026-03-31,CY2026Q1,2026-07-23,2026-07-24T12:00:00+00:00,2026-10-07T15:16:49.974248+00:00,src_4f22b2562f7211bdfae678f1,f8941ed9ca8a9a773bffdd5be1a6ec734a30e8418ae8f941dddea37a563813f3,https://s26.q4cdn.com/577104185/files/doc_earnings/2026/q2/earnings-result/COLB-2026-Q2-Earnings-Release.pdf,PDF page 13,nonaccrual_loans,187.0,USD_million,not_applicable,all,all,observed,,nonaccrual_loans.v1,,74cfb73600d343e5b6adbdff7af447cd57cbfee0+tree.52a2b8b7c2c0727f,"{""basis"": ""reported"", ""entity"": ""COLB"", ""geography"": ""all"", ""measurement"": ""stock"", ""netting"": ""reported"", ""occupancy"": ""all"", ""ownership"": ""consolidated"", ""period_end"": ""2026-03-31"", ""portfolio"": ""all""}",NPL includes government guarantees; repurchase-eligible unrepurchased mortgages excluded.,human table review; numeric token presence check,187.0,1.0,[],4fa11e32c2b212d6d10268e71f344dc903e3876947156151bd5d9600df54462f,reconstructed from currently retrieved published document; not an archived contemporaneous download
obs_3dd97462567e7a7b7ddb8298,COLB,reported consolidated issuer,2025-12-31,CY2025Q4,2026-07-23,2026-07-24T12:00:00+00:00,2026-10-07T15:16:49.974248+00:00,src_4f22b2562f7211bdfae678f1,f8941ed9ca8a9a773bffdd5be1a6ec734a30e8418ae8f941dddea37a563813f3,https://s26.q4cdn.com/577104185/files/doc_earnings/2026/q2/earnings-result/COLB-2026-Q2-Earnings-Release.pdf,PDF page 13,nonaccrual_loans,116.0,USD_million,not_applicable,all,all,observed,,nonaccrual_loans.v1,,74cfb73600d343e5b6adbdff7af447cd57cbfee0+tree.52a2b8b7c2c0727f,"{""basis"": ""reported"", ""entity"": ""COLB"", ""geography"": ""all"", ""measurement"": ""stock"", ""netting"": ""reported"", ""occupancy"": ""all"", ""ownership"": ""consolidated"", ""period_end"": ""2025-12-31"", ""portfolio"": ""all""}",NPL includes government guarantees; repurchase-eligible unrepurchased mortgages excluded.,human table review; numeric token presence check,116.0,1.0,[],4fa11e32c2b212d6d10268e71f344dc903e3876947156151bd5d9600df54462f,reconstructed from currently retrieved published document; not an archived contemporaneous download
obs_17dceb1c72e650d606c700f0,COLB,reported consolidated issuer,2026-06-30,CY2026Q2,2026-07-23,2026-07-24T12:00:00+00:00,2026-10-07T15:16:49.974248+00:00,src_4f22b2562f7211bdfae678f1,f8941ed9ca8a9a773bffdd5be1a6ec734a30e8418ae8f941dddea37a563813f3,https://s26.q4cdn.com/577104185/files/doc_earnings/2026/q2/earnings-result/COLB-2026-Q2-Earnings-Release.pdf,PDF page 13,past_due_90plus_accruing,88.0,USD_million,not_applicable,all,all,observed,,past_due_90plus_accruing.v1,,74cfb73600d343e5b6adbdff7af447cd57cbfee0+tree.52a2b8b7c2c0727f,"{""basis"": ""reported"", ""entity"": ""COLB"", ""geography"": ""all"", ""measurement"": ""stock"", ""netting"": ""reported"", ""occupancy"": ""all"", ""ownership"": ""consolidated"", ""period_end"": ""2026-06-30"", ""portfolio"": ""all""}",NPL includes government guarantees; repurchase-eligible unrepurchased mortgages excluded.,human table review; numeric token presence check,88.0,1.0,[],4fa11e32c2b212d6d10268e71f344dc903e3876947156151bd5d9600df54462f,reconstructed from currently retrieved published document; not an archived contemporaneous download
obs_ed4f3031d612ef7f40bedcd4,COLB,reported consolidated issuer,2026-03-31,CY2026Q1,2026-07-23,2026-07-24T12:00:00+00:00,2026-10-07T15:16:49.974248+00:00,src_4f22b2562f7211bdfae678f1,f8941ed9ca8a9a773bffdd5be1a6ec734a30e8418ae8f941dddea37a563813f3,https://s26.q4cdn.com/577104185/files/doc_earnings/2026/q2/earnings-result/COLB-2026-Q2-Earnings-Release.pdf,PDF page 13,past_due_90plus_accruing,74.0,USD_million,not_applicable,all,all,observed,,past_due_90plus_accruing.v1,,74cfb73600d343e5b6adbdff7af447cd57cbfee0+tree.52a2b8b7c2c0727f,"{""basis"": ""reported"", ""entity"": ""COLB"", ""geography"": ""all"", ""measurement"": ""stock"", ""netting"": ""reported"", ""occupancy"": ""all"", ""ownership"": ""consolidated"", ""period_end"": ""2026-03-31"", ""portfolio"": ""all""}",NPL includes government guarantees; repurchase-eligible unrepurchased mortgages excluded.,human table review; numeric token presence check,74.0,1.0,[],4fa11e32c2b212d6d10268e71f344dc903e3876947156151bd5d9600df54462f,reconstructed from currently retrieved published document; not an archived contemporaneous download
obs_db5dba4b55f0665a54003a15,COLB,reported consolidated issuer,2025-12-31,CY2025Q4,2026-07-23,2026-07-24T12:00:00+00:00,2026-10-07T15:16:49.974248+00:00,src_4f22b2562f7211bdfae678f1,f8941ed9ca8a9a773bffdd5be1a6ec734a30e8418ae8f941dddea37a563813f3,https://s26.q4cdn.com/577104185/files/doc_earnings/2026/q2/earnings-result/COLB-2026-Q2-Earnings-Release.pdf,PDF page 13,past_due_90plus_accruing,82.0,USD_million,not_applicable,all,all,observed,,past_due_90plus_accruing.v1,,74cfb73600d343e5b6adbdff7af447cd57cbfee0+tree.52a2b8b7c2c0727f,"{""basis"": ""reported"", ""entity"": ""COLB"", ""geography"": ""all"", ""measurement"": ""stock"", ""netting"": ""reported"", ""occupancy"": ""all"", ""ownership"": ""consolidated"", ""period_end"": ""2025-12-31"", ""portfolio"": ""all""}",NPL includes government guarantees; repurchase-eligible unrepurchased mortgages excluded.,human table review; numeric token presence check,82.0,1.0,[],4fa11e32c2b212d6d10268e71f344dc903e3876947156151bd5d9600df54462f,reconstructed from currently retrieved published document; not an archived contemporaneous download
obs_5a7904e11ed2b7d32b5e44fb,COLB,reported consolidated issuer,2026-06-30,CY2026Q2,2026-07-23,2026-07-24T12:00:00+00:00,2026-10-07T15:16:49.974248+00:00,src_4f22b2562f7211bdfae678f1,f8941ed9ca8a9a773bffdd5be1a6ec734a30e8418ae8f941dddea37a563813f3,https://s26.q4cdn.com/577104185/files/doc_earnings/2026/q2/earnings-result/COLB-2026-Q2-Earnings-Release.pdf,PDF page 13,nonperforming_loans,268.0,USD_million,not_applicable,all,all,observed,,nonperforming_loans.v1,,74cfb73600d343e5b6adbdff7af447cd57cbfee0+tree.52a2b8b7c2c0727f,"{""basis"": ""reported"", ""entity"": ""COLB"", ""geography"": ""all"", ""measurement"": ""stock"", ""netting"": ""reported"", ""occupancy"": ""all"", ""ownership"": ""consolidated"", ""period_end"": ""2026-06-30"", ""portfolio"": ""all""}",NPL includes government guarantees; repurchase-eligible unrepurchased mortgages excluded.,human table review; numeric token presence check,268.0,1.0,[],4fa11e32c2b212d6d10268e71f344dc903e3876947156151bd5d9600df54462f,reconstructed from currently retrieved published document; not an archived contemporaneous download
obs_8e9af21a22681d48365e03fa,COLB,reported consolidated issuer,2026-03-31,CY2026Q1,2026-07-23,2026-07-24T12:00:00+00:00,2026-10-07T15:16:49.974248+00:00,src_4f22b2562f7211bdfae678f1,f8941ed9ca8a9a773bffdd5be1a6ec734a30e8418ae8f941dddea37a563813f3,https://s26.q4cdn.com/577104185/files/doc_earnings/2026/q2/earnings-result/COLB-2026-Q2-Earnings-Release.pdf,PDF page 13,nonperforming_loans,261.0,USD_million,not_applicable,all,all,observed,,nonperforming_loans.v1,,74cfb73600d343e5b6adbdff7af447cd57cbfee0+tree.52a2b8b7c2c0727f,"{""basis"": ""reported"", ""entity"": ""COLB"", ""geography"": ""all"", ""measurement"": ""stock"", ""netting"": ""reported"", ""occupancy"": ""all"", ""ownership"": ""consolidated"", ""period_end"": ""2026-03-31"", ""portfolio"": ""all""}",NPL includes government guarantees; repurchase-eligible unrepurchased mortgages excluded.,human table review; numeric token presence check,261.0,1.0,[],4fa11e32c2b212d6d10268e71f344dc903e3876947156151bd5d9600df54462f,reconstructed from currently retrieved published document; not an archived contemporaneous download
obs_560997a49d2d1f87112d1077,COLB,reported consolidated issuer,2025-12-31,CY2025Q4,2026-07-23,2026-07-24T12:00:00+00:00,2026-10-07T15:16:49.974248+00:00,src_4f22b2562f7211bdfae678f1,f8941ed9ca8a9a773bffdd5be1a6ec734a30e8418ae8f941dddea37a563813f3,https://s26.q4cdn.com/577104185/files/doc_earnings/2026/q2/earnings-result/COLB-2026-Q2-Earnings-Release.pdf,PDF page 13,nonperforming_loans,198.0,USD_million,not_applicable,all,all,observed,,nonperforming_loans.v1,,74cfb73600d343e5b6adbdff7af447cd57cbfee0+tree.52a2b8b7c2c0727f,"{""basis"": ""reported"", ""entity"": ""COLB"", ""geography"": ""all"", ""measurement"": ""stock"", ""netting"": ""reported"", ""occupancy"": ""all"", ""ownership"": ""consolidated"", ""period_end"": ""2025-12-31"", ""portfolio"": ""all""}",NPL includes government guarantees; repurchase-eligible unrepurchased mortgages excluded.,human table review; numeric token presence check,198.0,1.0,[],4fa11e32c2b212d6d10268e71f344dc903e3876947156151bd5d9600df54462f,reconstructed from currently retrieved published document; not an archived contemporaneous download
obs_54388777b419462daa9d2e97,COLB,reported consolidated issuer,2026-06-30,CY2026Q2,2026-07-23,2026-07-24T12:00:00+00:00,2026-10-07T15:16:49.974248+00:00,src_4f22b2562f7211bdfae678f1,f8941ed9ca8a9a773bffdd5be1a6ec734a30e8418ae8f941dddea37a563813f3,https://s26.q4cdn.com/577104185/files/doc_earnings/2026/q2/earnings-result/COLB-2026-Q2-Earnings-Release.pdf,PDF page 13,past_due_31_89,125.0,USD_million,not_applicable,all,all,observed,,past_due_31_89.v1,,74cfb73600d343e5b6adbdff7af447cd57cbfee0+tree.52a2b8b7c2c0727f,"{""basis"": ""reported"", ""entity"": ""COLB"", ""geography"": ""all"", ""measurement"": ""stock"", ""netting"": ""reported"", ""occupancy"": ""all"", ""ownership"": ""consolidated"", ""period_end"": ""2026-06-30"", ""portfolio"": ""all""}",NPL includes government guarantees; repurchase-eligible unrepurchased mortgages excluded.,human table review; numeric token presence check,125.0,1.0,[],4fa11e32c2b212d6d10268e71f344dc903e3876947156151bd5d9600df54462f,reconstructed from currently retrieved published document; not an archived contemporaneous download
obs_ca657000236d8f2c38c9e3fc,COLB,reported consolidated issuer,2026-03-31,CY2026Q1,2026-07-23,2026-07-24T12:00:00+00:00,2026-10-07T15:16:49.974248+00:00,src_4f22b2562f7211bdfae678f1,f8941ed9ca8a9a773bffdd5be1a6ec734a30e8418ae8f941dddea37a563813f3,https://s26.q4cdn.com/577104185/files/doc_earnings/2026/q2/earnings-result/COLB-2026-Q2-Earnings-Release.pdf,PDF page 13,past_due_31_89,168.0,USD_million,not_applicable,all,all,observed,,past_due_31_89.v1,,74cfb73600d343e5b6adbdff7af447cd57cbfee0+tree.52a2b8b7c2c0727f,"{""basis"": ""reported"", ""entity"": ""COLB"", ""geography"": ""all"", ""measurement"": ""stock"", ""netting"": ""reported"", ""occupancy"": ""all"", ""ownership"": ""consolidated"", ""period_end"": ""2026-03-31"", ""portfolio"": ""all""}",NPL includes government guarantees; repurchase-eligible unrepurchased mortgages excluded.,human table review; numeric token presence check,168.0,1.0,[],4fa11e32c2b212d6d10268e71f344dc903e3876947156151bd5d9600df54462f,reconstructed from currently retrieved published document; not an archived contemporaneous download
obs_38bb6dabcf9d6af6654832b0,COLB,reported consolidated issuer,2025-12-31,CY2025Q4,2026-07-23,2026-07-24T12:00:00+00:00,2026-10-07T15:16:49.974248+00:00,src_4f22b2562f7211bdfae678f1,f8941ed9ca8a9a773bffdd5be1a6ec734a30e8418ae8f941dddea37a563813f3,https://s26.q4cdn.com/577104185/files/doc_earnings/2026/q2/earnings-result/COLB-2026-Q2-Earnings-Release.pdf,PDF page 13,past_due_31_89,94.0,USD_million,not_applicable,all,all,observed,,past_due_31_89.v1,,74cfb73600d343e5b6adbdff7af447cd57cbfee0+tree.52a2b8b7c2c0727f,"{""basis"": ""reported"", ""entity"": ""COLB"", ""geography"": ""all"", ""measurement"": ""stock"", ""netting"": ""reported"", ""occupancy"": ""all"", ""ownership"": ""consolidated"", ""period_end"": ""2025-12-31"", ""portfolio"": ""all""}",NPL includes government guarantees; repurchase-eligible unrepurchased mortgages excluded.,human table review; numeric token presence check,94.0,1.0,[],4fa11e32c2b212d6d10268e71f344dc903e3876947156151bd5d9600df54462f,reconstructed from currently retrieved published document; not an archived contemporaneous download
obs_4b1811040442541bc37765d6,COLB,reported consolidated issuer,2026-06-30,CY2026Q2,2026-07-23,2026-07-24T12:00:00+00:00,2026-10-07T15:16:49.974248+00:00,src_4f22b2562f7211bdfae678f1,f8941ed9ca8a9a773bffdd5be1a6ec734a30e8418ae8f941dddea37a563813f3,https://s26.q4cdn.com/577104185/files/doc_earnings/2026/q2/earnings-result/COLB-2026-Q2-Earnings-Release.pdf,PDF page 13,nonperforming_to_gross_loans,0.57,percent,loans and leases net of fees before ACL,all,all,observed,,nonperforming_to_gross_loans.v1,,74cfb73600d343e5b6adbdff7af447cd57cbfee0+tree.52a2b8b7c2c0727f,"{""basis"": ""reported"", ""entity"": ""COLB"", ""geography"": ""all"", ""measurement"": ""stock"", ""netting"": ""reported"", ""occupancy"": ""all"", ""ownership"": ""consolidated"", ""period_end"": ""2026-06-30"", ""portfolio"": ""all""}",,human table review; numeric token presence check,0.57,1.0,[],4fa11e32c2b212d6d10268e71f344dc903e3876947156151bd5d9600df54462f,reconstructed from currently retrieved published document; not an archived contemporaneous download
obs_ebbb7a206a07f74204a64610,COLB,reported consolidated issuer,2026-03-31,CY2026Q1,2026-07-23,2026-07-24T12:00:00+00:00,2026-10-07T15:16:49.974248+00:00,src_4f22b2562f7211bdfae678f1,f8941ed9ca8a9a773bffdd5be1a6ec734a30e8418ae8f941dddea37a563813f3,https://s26.q4cdn.com/577104185/files/doc_earnings/2026/q2/earnings-result/COLB-2026-Q2-Earnings-Release.pdf,PDF page 13,nonperforming_to_gross_loans,0.55,percent,loans and leases net of fees before ACL,all,all,observed,,nonperforming_to_gross_loans.v1,,74cfb73600d343e5b6adbdff7af447cd57cbfee0+tree.52a2b8b7c2c0727f,"{""basis"": ""reported"", ""entity"": ""COLB"", ""geography"": ""all"", ""measurement"": ""stock"", ""netting"": ""reported"", ""occupancy"": ""all"", ""ownership"": ""consolidated"", ""period_end"": ""2026-03-31"", ""portfolio"": ""all""}",,human table review; numeric token presence check,0.55,1.0,[],4fa11e32c2b212d6d10268e71f344dc903e3876947156151bd5d9600df54462f,reconstructed from currently retrieved published document; not an archived contemporaneous download
obs_0cbfae398ac44c515075ea39,COLB,reported consolidated issuer,2025-12-31,CY2025Q4,2026-07-23,2026-07-24T12:00:00+00:00,2026-10-07T15:16:49.974248+00:00,src_4f22b2562f7211bdfae678f1,f8941ed9ca8a9a773bffdd5be1a6ec734a30e8418ae8f941dddea37a563813f3,https://s26.q4cdn.com/577104185/files/doc_earnings/2026/q2/earnings-result/COLB-2026-Q2-Earnings-Release.pdf,PDF page 13,nonperforming_to_gross_loans,0.41,percent,loans and leases net of fees before ACL,all,all,observed,,nonperforming_to_gross_loans.v1,,74cfb73600d343e5b6adbdff7af447cd57cbfee0+tree.52a2b8b7c2c0727f,"{""basis"": ""reported"", ""entity"": ""COLB"", ""geography"": ""all"", ""measurement"": ""stock"", ""netting"": ""reported"", ""occupancy"": ""all"", ""ownership"": ""consolidated"", ""period_end"": ""2025-12-31"", ""portfolio"": ""all""}",,human table review; numeric token presence check,0.41,1.0,[],4fa11e32c2b212d6d10268e71f344dc903e3876947156151bd5d9600df54462f,reconstructed from currently retrieved published document; not an archived contemporaneous download
obs_0b837a20afbef85d55993577,COLB,reported consolidated issuer,2026-06-30,CY2026Q2,2026-07-23,2026-07-24T12:00:00+00:00,2026-10-07T15:16:49.974248+00:00,src_4f22b2562f7211bdfae678f1,f8941ed9ca8a9a773bffdd5be1a6ec734a30e8418ae8f941dddea37a563813f3,https://s26.q4cdn.com/577104185/files/doc_earnings/2026/q2/earnings-result/COLB-2026-Q2-Earnings-Release.pdf,PDF page 13,nonaccrual_to_gross_loans,0.38,percent,loans and leases net of fees before ACL,all,all,observed,,nonaccrual_to_gross_loans.v1,,74cfb73600d343e5b6adbdff7af447cd57cbfee0+tree.52a2b8b7c2c0727f,"{""basis"": ""reported"", ""entity"": ""COLB"", ""geography"": ""all"", ""measurement"": ""stock"", ""netting"": ""reported"", ""occupancy"": ""all"", ""ownership"": ""consolidated"", ""period_end"": ""2026-06-30"", ""portfolio"": ""all""}",,human table review; numeric token presence check,0.38,1.0,[],4fa11e32c2b212d6d10268e71f344dc903e3876947156151bd5d9600df54462f,reconstructed from currently retrieved published document; not an archived contemporaneous download
obs_ce48aaa716f7cf80116fe33e,COLB,reported consolidated issuer,2026-03-31,CY2026Q1,2026-07-23,2026-07-24T12:00:00+00:00,2026-10-07T15:16:49.974248+00:00,src_4f22b2562f7211bdfae678f1,f8941ed9ca8a9a773bffdd5be1a6ec734a30e8418ae8f941dddea37a563813f3,https://s26.q4cdn.com/577104185/files/doc_earnings/2026/q2/earnings-result/COLB-2026-Q2-Earnings-Release.pdf,PDF page 13,nonaccrual_to_gross_loans,0.39,percent,loans and leases net of fees before ACL,all,all,observed,,nonaccrual_to_gross_loans.v1,,74cfb73600d343e5b6adbdff7af447cd57cbfee0+tree.52a2b8b7c2c0727f,"{""basis"": ""reported"", ""entity"": ""COLB"", ""geography"": ""all"", ""measurement"": ""stock"", ""netting"": ""reported"", ""occupancy"": ""all"", ""ownership"": ""consolidated"", ""period_end"": ""2026-03-31"", ""portfolio"": ""all""}",,human table review; numeric token presence check,0.39,1.0,[],4fa11e32c2b212d6d10268e71f344dc903e3876947156151bd5d9600df54462f,reconstructed from currently retrieved published document; not an archived contemporaneous download
obs_7e2c397d0ea4643aa0816ffc,COLB,reported consolidated issuer,2025-12-31,CY2025Q4,2026-07-23,2026-07-24T12:00:00+00:00,2026-10-07T15:16:49.974248+00:00,src_4f22b2562f7211bdfae678f1,f8941ed9ca8a9a773bffdd5be1a6ec734a30e8418ae8f941dddea37a563813f3,https://s26.q4cdn.com/577104185/files/doc_earnings/2026/q2/earnings-result/COLB-2026-Q2-Earnings-Release.pdf,PDF page 13,nonaccrual_to_gross_loans,0.24,percent,loans and leases net of fees before ACL,all,all,observed,,nonaccrual_to_gross_loans.v1,,74cfb73600d343e5b6adbdff7af447cd57cbfee0+tree.52a2b8b7c2c0727f,"{""basis"": ""reported"", ""entity"": ""COLB"", ""geography"": ""all"", ""measurement"": ""stock"", ""netting"": ""reported"", ""occupancy"": ""all"", ""ownership"": ""consolidated"", ""period_end"": ""2025-12-31"", ""portfolio"": ""all""}",,human table review; numeric token presence check,0.24,1.0,[],4fa11e32c2b212d6d10268e71f344dc903e3876947156151bd5d9600df54462f,reconstructed from currently retrieved published document; not an archived contemporaneous download
obs_f48ec953bce6dd7b7aa69dd1,COLB,reported consolidated issuer,2026-06-30,CY2026Q2,2026-07-23,2026-07-24T12:00:00+00:00,2026-10-07T15:16:49.974248+00:00,src_4f22b2562f7211bdfae678f1,f8941ed9ca8a9a773bffdd5be1a6ec734a30e8418ae8f941dddea37a563813f3,https://s26.q4cdn.com/577104185/files/doc_earnings/2026/q2/earnings-result/COLB-2026-Q2-Earnings-Release.pdf,PDF page 14,acl_loans,458.0,USD_million,not_applicable,all,all,observed,,acl_loans.v1,,74cfb73600d343e5b6adbdff7af447cd57cbfee0+tree.52a2b8b7c2c0727f,"{""basis"": ""reported"", ""entity"": ""COLB"", ""geography"": ""all"", ""measurement"": ""stock"", ""netting"": ""reported"", ""occupancy"": ""all"", ""ownership"": ""consolidated"", ""period_end"": ""2026-06-30"", ""portfolio"": ""all""}",,human table review; numeric token presence check,458.0,1.0,[],0a53bbab493e168073f7684eeb1e1d4685c7126402639e132e1cad95e594680e,reconstructed from currently retrieved published document; not an archived contemporaneous download
obs_80563d5e789441eb4b9b650f,COLB,reported consolidated issuer,2026-03-31,CY2026Q1,2026-07-23,2026-07-24T12:00:00+00:00,2026-10-07T15:16:49.974248+00:00,src_4f22b2562f7211bdfae678f1,f8941ed9ca8a9a773bffdd5be1a6ec734a30e8418ae8f941dddea37a563813f3,https://s26.q4cdn.com/577104185/files/doc_earnings/2026/q2/earnings-result/COLB-2026-Q2-Earnings-Release.pdf,PDF page 14,acl_loans,459.0,USD_million,not_applicable,all,all,observed,,acl_loans.v1,,74cfb73600d343e5b6adbdff7af447cd57cbfee0+tree.52a2b8b7c2c0727f,"{""basis"": ""reported"", ""entity"": ""COLB"", ""geography"": ""all"", ""measurement"": ""stock"", ""netting"": ""reported"", ""occupancy"": ""all"", ""ownership"": ""consolidated"", ""period_end"": ""2026-03-31"", ""portfolio"": ""all""}",,human table review; numeric token presence check,459.0,1.0,[],0a53bbab493e168073f7684eeb1e1d4685c7126402639e132e1cad95e594680e,reconstructed from currently retrieved published document; not an archived contemporaneous download
obs_0455b4232d16949e8bc09878,COLB,reported consolidated issuer,2025-12-31,CY2025Q4,2026-07-23,2026-07-24T12:00:00+00:00,2026-10-07T15:16:49.974248+00:00,src_4f22b2562f7211bdfae678f1,f8941ed9ca8a9a773bffdd5be1a6ec734a30e8418ae8f941dddea37a563813f3,https://s26.q4cdn.com/577104185/files/doc_earnings/2026/q2/earnings-result/COLB-2026-Q2-Earnings-Release.pdf,PDF page 14,acl_loans,466.0,USD_million,not_applicable,all,all,observed,,acl_loans.v1,,74cfb73600d343e5b6adbdff7af447cd57cbfee0+tree.52a2b8b7c2c0727f,"{""basis"": ""reported"", ""entity"": ""COLB"", ""geography"": ""all"", ""measurement"": ""stock"", ""netting"": ""reported"", ""occupancy"": ""all"", ""ownership"": ""consolidated"", ""period_end"": ""2025-12-31"", ""portfolio"": ""all""}",,human table review; numeric token presence check,466.0,1.0,[],0a53bbab493e168073f7684eeb1e1d4685c7126402639e132e1cad95e594680e,reconstructed from currently retrieved published document; not an archived contemporaneous download
obs_c4115f2960e29b14facbf103,COLB,reported consolidated issuer,2026-06-30,CY2026Q2,2026-07-23,2026-07-24T12:00:00+00:00,2026-10-07T15:16:49.974248+00:00,src_4f22b2562f7211bdfae678f1,f8941ed9ca8a9a773bffdd5be1a6ec734a30e8418ae8f941dddea37a563813f3,https://s26.q4cdn.com/577104185/files/doc_earnings/2026/q2/earnings-result/COLB-2026-Q2-Earnings-Release.pdf,PDF page 14,acl_including_unfunded,475.0,USD_million,not_applicable,all,all,observed,,acl_including_unfunded.v1,,74cfb73600d343e5b6adbdff7af447cd57cbfee0+tree.52a2b8b7c2c0727f,"{""basis"": ""reported"", ""entity"": ""COLB"", ""geography"": ""all"", ""measurement"": ""stock"", ""netting"": ""reported"", ""occupancy"": ""all"", ""ownership"": ""consolidated"", ""period_end"": ""2026-06-30"", ""portfolio"": ""all""}",,human table review; numeric token presence check,475.0,1.0,[],0a53bbab493e168073f7684eeb1e1d4685c7126402639e132e1cad95e594680e,reconstructed from currently retrieved published document; not an archived contemporaneous download
obs_256547b570fb07641bee2d64,COLB,reported consolidated issuer,2026-03-31,CY2026Q1,2026-07-23,2026-07-24T12:00:00+00:00,2026-10-07T15:16:49.974248+00:00,src_4f22b2562f7211bdfae678f1,f8941ed9ca8a9a773bffdd5be1a6ec734a30e8418ae8f941dddea37a563813f3,https://s26.q4cdn.com/577104185/files/doc_earnings/2026/q2/earnings-result/COLB-2026-Q2-Earnings-Release.pdf,PDF page 14,acl_including_unfunded,478.0,USD_million,not_applicable,all,all,observed,,acl_including_unfunded.v1,,74cfb73600d343e5b6adbdff7af447cd57cbfee0+tree.52a2b8b7c2c0727f,"{""basis"": ""reported"", ""entity"": ""COLB"", ""geography"": ""all"", ""measurement"": ""stock"", ""netting"": ""reported"", ""occupancy"": ""all"", ""ownership"": ""consolidated"", ""period_end"": ""2026-03-31"", ""portfolio"": ""all""}",,human table review; numeric token presence check,478.0,1.0,[],0a53bbab493e168073f7684eeb1e1d4685c7126402639e132e1cad95e594680e,reconstructed from currently retrieved published document; not an archived contemporaneous download
obs_afe9c99d908aaba24f83b06b,COLB,reported consolidated issuer,2025-12-31,CY2025Q4,2026-07-23,2026-07-24T12:00:00+00:00,2026-10-07T15:16:49.974248+00:00,src_4f22b2562f7211bdfae678f1,f8941ed9ca8a9a773bffdd5be1a6ec734a30e8418ae8f941dddea37a563813f3,https://s26.q4cdn.com/577104185/files/doc_earnings/2026/q2/earnings-result/COLB-2026-Q2-Earnings-Release.pdf,PDF page 14,acl_including_unfunded,485.0,USD_million,not_applicable,all,all,observed,,acl_including_unfunded.v1,,74cfb73600d343e5b6adbdff7af447cd57cbfee0+tree.52a2b8b7c2c0727f,"{""basis"": ""reported"", ""entity"": ""COLB"", ""geography"": ""all"", ""measurement"": ""stock"", ""netting"": ""reported"", ""occupancy"": ""all"", ""ownership"": ""consolidated"", ""period_end"": ""2025-12-31"", ""portfolio"": ""all""}",,human table review; numeric token presence check,485.0,1.0,[],0a53bbab493e168073f7684eeb1e1d4685c7126402639e132e1cad95e594680e,reconstructed from currently retrieved published document; not an archived contemporaneous download
obs_f6d8566c2fa2d2d2d62aa010,COLB,reported consolidated issuer,2026-06-30,CY2026Q2,2026-07-23,2026-07-24T12:00:00+00:00,2026-10-07T15:16:49.974248+00:00,src_4f22b2562f7211bdfae678f1,f8941ed9ca8a9a773bffdd5be1a6ec734a30e8418ae8f941dddea37a563813f3,https://s26.q4cdn.com/577104185/files/doc_earnings/2026/q2/earnings-result/COLB-2026-Q2-Earnings-Release.pdf,PDF page 14,net_chargeoffs,30.0,USD_million,not_applicable,all,all,observed,,net_chargeoffs.v1,,74cfb73600d343e5b6adbdff7af447cd57cbfee0+tree.52a2b8b7c2c0727f,"{""basis"": ""reported"", ""entity"": ""COLB"", ""geography"": ""all"", ""measurement"": ""quarter_flow"", ""netting"": ""reported"", ""occupancy"": ""all"", ""ownership"": ""consolidated"", ""period_end"": ""2026-06-30"", ""portfolio"": ""all""}",Positive denotes loss; PDF bridge displays subtraction.,human table review; numeric token presence check,30.0,1.0,[],0a53bbab493e168073f7684eeb1e1d4685c7126402639e132e1cad95e594680e,reconstructed from currently retrieved published document; not an archived contemporaneous download
obs_4052873b4767b177b11edfe9,COLB,reported consolidated issuer,2026-03-31,CY2026Q1,2026-07-23,2026-07-24T12:00:00+00:00,2026-10-07T15:16:49.974248+00:00,src_4f22b2562f7211bdfae678f1,f8941ed9ca8a9a773bffdd5be1a6ec734a30e8418ae8f941dddea37a563813f3,https://s26.q4cdn.com/577104185/files/doc_earnings/2026/q2/earnings-result/COLB-2026-Q2-Earnings-Release.pdf,PDF page 14,net_chargeoffs,35.0,USD_million,not_applicable,all,all,observed,,net_chargeoffs.v1,,74cfb73600d343e5b6adbdff7af447cd57cbfee0+tree.52a2b8b7c2c0727f,"{""basis"": ""reported"", ""entity"": ""COLB"", ""geography"": ""all"", ""measurement"": ""quarter_flow"", ""netting"": ""reported"", ""occupancy"": ""all"", ""ownership"": ""consolidated"", ""period_end"": ""2026-03-31"", ""portfolio"": ""all""}",Positive denotes loss; PDF bridge displays subtraction.,human table review; numeric token presence check,35.0,1.0,[],0a53bbab493e168073f7684eeb1e1d4685c7126402639e132e1cad95e594680e,reconstructed from currently retrieved published document; not an archived contemporaneous download
obs_ed37f04cc156603fbba8e3a5,COLB,reported consolidated issuer,2025-12-31,CY2025Q4,2026-07-23,2026-07-24T12:00:00+00:00,2026-10-07T15:16:49.974248+00:00,src_4f22b2562f7211bdfae678f1,f8941ed9ca8a9a773bffdd5be1a6ec734a30e8418ae8f941dddea37a563813f3,https://s26.q4cdn.com/577104185/files/doc_earnings/2026/q2/earnings-result/COLB-2026-Q2-Earnings-Release.pdf,PDF page 14,net_chargeoffs,30.0,USD_million,not_applicable,all,all,observed,,net_chargeoffs.v1,,74cfb73600d343e5b6adbdff7af447cd57cbfee0+tree.52a2b8b7c2c0727f,"{""basis"": ""reported"", ""entity"": ""COLB"", ""geography"": ""all"", ""measurement"": ""quarter_flow"", ""netting"": ""reported"", ""occupancy"": ""all"", ""ownership"": ""consolidated"", ""period_end"": ""2025-12-31"", ""portfolio"": ""all""}",Positive denotes loss; PDF bridge displays subtraction.,human table review; numeric token presence check,30.0,1.0,[],0a53bbab493e168073f7684eeb1e1d4685c7126402639e132e1cad95e594680e,reconstructed from currently retrieved published document; not an archived contemporaneous download
obs_9d5a4ae93b349797ce1643e1,COLB,reported consolidated issuer,2026-06-30,CY2026Q2,2026-07-23,2026-07-24T12:00:00+00:00,2026-10-07T15:16:52.327494+00:00,src_467aafec62d0e508954950c2,24c8527af2c5125e2dbf31eae9101925395c0d7e5589dcbf28188d3a8e158445,https://s26.q4cdn.com/577104185/files/doc_earnings/2026/q2/presentation/COLB-Q2-2026-Earnings-Presentation-FINAL.pdf,PDF page 26,office_nonaccrual,29.9,USD_million,not_applicable,office deck,all,observed,,office_nonaccrual.v1,,74cfb73600d343e5b6adbdff7af447cd57cbfee0+tree.52a2b8b7c2c0727f,"{""basis"": ""reported"", ""entity"": ""COLB"", ""geography"": ""all"", ""measurement"": ""stock"", ""netting"": ""reported"", ""occupancy"": ""all"", ""ownership"": ""consolidated"", ""period_end"": ""2026-06-30"", ""portfolio"": ""office deck""}",,human table review; numeric token presence check,29.9,1.0,[],1cf786f5ffa226e39d9c2f451efa7362939dd46d202fac2b4b7e9cb9439c9501,reconstructed from currently retrieved published document; not an archived contemporaneous download
obs_db267cad117b4ab1cb7aaf97,COLB,reported consolidated issuer,2026-06-30,CY2026Q2,2026-07-23,2026-07-24T12:00:00+00:00,2026-10-07T15:16:52.327494+00:00,src_467aafec62d0e508954950c2,24c8527af2c5125e2dbf31eae9101925395c0d7e5589dcbf28188d3a8e158445,https://s26.q4cdn.com/577104185/files/doc_earnings/2026/q2/presentation/COLB-Q2-2026-Earnings-Presentation-FINAL.pdf,PDF page 26,office_classified,85.3,USD_million,not_applicable,office deck,all,observed,,office_classified.v1,,74cfb73600d343e5b6adbdff7af447cd57cbfee0+tree.52a2b8b7c2c0727f,"{""basis"": ""reported"", ""entity"": ""COLB"", ""geography"": ""all"", ""measurement"": ""stock"", ""netting"": ""reported"", ""occupancy"": ""all"", ""ownership"": ""consolidated"", ""period_end"": ""2026-06-30"", ""portfolio"": ""office deck""}",,human table review; numeric token presence check,85.3,1.0,[],1cf786f5ffa226e39d9c2f451efa7362939dd46d202fac2b4b7e9cb9439c9501,reconstructed from currently retrieved published document; not an archived contemporaneous download
obs_deb7c96aaee27a576d5faecb,COLB,reported consolidated issuer,2026-03-31,CY2026Q1,2026-04-23,2026-04-24T12:00:00+00:00,2026-10-07T15:17:23.687057+00:00,src_c97292e966d6f66f2efdce99,8151f0c35bd1e099e16d03545f4bab9e4dcbdec6ee6cc5578cf8c4401c64f02b,https://s26.q4cdn.com/577104185/files/doc_earnings/2026/q1/presentation/COLB-Q1-2026-Earnings-Presentation-FINAL.pdf,PDF page 25,office_nonaccrual,30.2,USD_million,not_applicable,office deck,all,observed,,office_nonaccrual.v1,,74cfb73600d343e5b6adbdff7af447cd57cbfee0+tree.52a2b8b7c2c0727f,"{""basis"": ""reported"", ""entity"": ""COLB"", ""geography"": ""all"", ""measurement"": ""stock"", ""netting"": ""reported"", ""occupancy"": ""all"", ""ownership"": ""consolidated"", ""period_end"": ""2026-03-31"", ""portfolio"": ""office deck""}",,human table review; numeric token presence check,30.2,1.0,[],836a24a15451764ca79e9a6ea3c8abf73860a4dad2bf2dfb076211f5d384ca64,reconstructed from currently retrieved published document; not an archived contemporaneous download
obs_cb218fad3a38d007e9f49309,COLB,reported consolidated issuer,2026-03-31,CY2026Q1,2026-04-23,2026-04-24T12:00:00+00:00,2026-10-07T15:17:23.687057+00:00,src_c97292e966d6f66f2efdce99,8151f0c35bd1e099e16d03545f4bab9e4dcbdec6ee6cc5578cf8c4401c64f02b,https://s26.q4cdn.com/577104185/files/doc_earnings/2026/q1/presentation/COLB-Q1-2026-Earnings-Presentation-FINAL.pdf,PDF page 25,office_classified,78.3,USD_million,not_applicable,office deck,all,observed,,office_classified.v1,,74cfb73600d343e5b6adbdff7af447cd57cbfee0+tree.52a2b8b7c2c0727f,"{""basis"": ""reported"", ""entity"": ""COLB"", ""geography"": ""all"", ""measurement"": ""stock"", ""netting"": ""reported"", ""occupancy"": ""all"", ""ownership"": ""consolidated"", ""period_end"": ""2026-03-31"", ""portfolio"": ""office deck""}",,human table review; numeric token presence check,78.3,1.0,[],836a24a15451764ca79e9a6ea3c8abf73860a4dad2bf2dfb076211f5d384ca64,reconstructed from currently retrieved published document; not an archived contemporaneous download
obs_b88b47eb3c35c84df6a2224b,COLB,reported consolidated issuer,2025-12-31,CY2025Q4,2026-01-22,2026-01-23T12:00:00+00:00,2026-10-07T15:17:26.319082+00:00,src_e741b5ff7da1a7ceb9d664d2,8b813e9f9fa1488faab9b8fdd1f324010353e8bc9b903f01a38cc3ceff21ffc8,https://s26.q4cdn.com/577104185/files/doc_earnings/2025/q4/presentation/COLB-Q4-2025-Earnings-Presentation-FINAL.pdf,PDF page 15,office_nonaccrual,15.1,USD_million,not_applicable,office deck,all,observed,,office_nonaccrual.v1,,74cfb73600d343e5b6adbdff7af447cd57cbfee0+tree.52a2b8b7c2c0727f,"{""basis"": ""reported"", ""entity"": ""COLB"", ""geography"": ""all"", ""measurement"": ""stock"", ""netting"": ""reported"", ""occupancy"": ""all"", ""ownership"": ""consolidated"", ""period_end"": ""2025-12-31"", ""portfolio"": ""office deck""}",,human table review; numeric token presence check,15.1,1.0,[],83acd49ecd2188120342af21fe41051aebfad8a58691de331affb7b622d65248,reconstructed from currently retrieved published document; not an archived contemporaneous download
obs_8ea43fca752dcecee6fd3978,COLB,reported consolidated issuer,2025-12-31,CY2025Q4,2026-01-22,2026-01-23T12:00:00+00:00,2026-10-07T15:17:26.319082+00:00,src_e741b5ff7da1a7ceb9d664d2,8b813e9f9fa1488faab9b8fdd1f324010353e8bc9b903f01a38cc3ceff21ffc8,https://s26.q4cdn.com/577104185/files/doc_earnings/2025/q4/presentation/COLB-Q4-2025-Earnings-Presentation-FINAL.pdf,PDF page 15,office_classified,90.8,USD_million,not_applicable,office deck,all,observed,,office_classified.v1,,74cfb73600d343e5b6adbdff7af447cd57cbfee0+tree.52a2b8b7c2c0727f,"{""basis"": ""reported"", ""entity"": ""COLB"", ""geography"": ""all"", ""measurement"": ""stock"", ""netting"": ""reported"", ""occupancy"": ""all"", ""ownership"": ""consolidated"", ""period_end"": ""2025-12-31"", ""portfolio"": ""office deck""}",,human table review; numeric token presence check,90.8,1.0,[],83acd49ecd2188120342af21fe41051aebfad8a58691de331affb7b622d65248,reconstructed from currently retrieved published document; not an archived contemporaneous download
