entity_id,period_end,acl_loans,acl_total,afs,aoci,borrowings_ex_subordinated,borrowings_including_subordinated,brokered_deposits,cash,classified_amortized,classified_to_net_loans_pct,criticized_amortized,criticized_to_net_loans_pct,deposits,htm,loans_gross,loans_net,nco,nib_deposits,nie,nii,nim_gaap_pct,nim_te_pct,nonaccrual,nonaccrual_to_net_loans_pct,npl,office_classified,office_ltv_pct,office_nonaccrual,office_nonowner_dscr,office_past_due_30_89,office_special_mention,past_due_31_89,past_due_90_accruing,past_due_amortized,past_due_to_amortized_loans_pct,past_due_to_net_loans_pct,ppnr_gaap,pretax_income,provision,rating_doubtful,rating_loss,rating_special_mention,rating_substandard,substandard_to_net_loans_pct,uninsured_deposits,uninsured_uncollateralized_deposits
COLB,2024-03-31,414.344,,8616.545,-426.13100000000003,3900.0,,3100.0,,590.851,,869.671,,41706.16,2.247,37642.413,,44.003,13808.554,287.516,423.362,,3.52,98.696,,142.035,60.1,56.0,13.3,1.7,0.5,22.1,109.673,43.339,,,,186.203,169.067,17.136,53.318000000000005,19.948,278.82,517.585,,13500.0,
COLB,2024-06-30,418.671,,8503.0,-455.682,3900.0,,3200.0,,603.297,,879.735,,41523.272000000004,2.203,37709.987,,30.433,13481.616,279.244,427.449,,3.56,92.57000000000001,,153.093,60.8,57.0,11.4,1.78,0.9,11.1,85.998,60.523,,,,192.908,161.088,31.82,56.697,20.807000000000002,276.438,525.793,,13600.0,
COLB,2024-09-30,420.05400000000003,,8676.807,-233.88400000000001,3650.0,,2500.0,,558.034,,906.9780000000001,,41514.688,2.1590000000000003,37503.002,,29.115000000000002,13534.065,271.358,430.218,,3.56,98.796,,165.222,94.1,57.0,11.4,1.8,0.0,12.6,67.31,66.426,,,,225.019,196.25,28.769000000000002,55.456,22.798000000000002,348.944,479.78,,14000.0,
COLB,2024-12-31,424.629,,8274.615,-461.98,3100.0,,3000.0,,503.001,,1002.7529999999999,,41720.732,2.101,37680.901,,25.655,13307.905,266.576,437.373,,3.64,96.47800000000001,,166.893,66.6,57.0,10.3,1.8,19.3,45.6,105.199,70.415,,,,220.544,192.345,28.199,57.113,28.993,499.752,416.895,,14000.0,
COLB,2025-03-31,421.495,,8228.805,-358.472,2550.0,,2989.143,,508.327,,1088.789,,42217.694,2.057,37616.101,,29.321,13413.927,340.122,424.995,,3.6,122.402,,175.147,82.2,57.0,10.0,1.81,19.2,58.8,158.026,52.745000000000005,,,,151.25,123.84700000000001,27.403000000000002,50.845,28.55,580.462,428.932,,14519.5,
COLB,2025-06-30,420.907,,8653.172,-333.784,3350.0,,3349.594,,503.048,,1201.897,,41742.657,2.013,37637.013,,29.345,13219.631,277.995,446.446,,3.75,97.548,,177.434,90.0,57.0,10.0,1.83,19.1,63.8,141.863,79.886,,,,232.913,203.464,29.449,53.332,44.312000000000005,698.849,405.404,,14091.569,
COLB,2025-09-30,473.0,,11013.0,-268.0,2300.0,,2465.0,,583.0,,1459.0,,55771.0,18.0,48462.0,,22.0,17810.0,393.0,505.0,,3.84,120.0,,196.0,85.3,59.0,21.9,1.8,6.7,47.7,85.0,76.0,,,,189.0,119.0,70.0,48.0,51.0,876.0,484.0,,20588.0,
COLB,2025-12-31,466.0,,11112.0,-233.0,3200.0,,2355.0,,704.0,,1412.0,,54211.0,18.0,47776.0,,30.0,17419.0,412.0,627.0,,4.06,116.0,,198.0,90.8,57.0,15.1,1.8,2.2,46.1,94.0,82.0,,,,305.0,282.0,23.0,48.0,59.0,708.0,597.0,,19783.0,
COLB,2026-03-31,459.0,,10915.0,-291.0,3400.0,,1595.0,,725.0,,1283.0,,53489.0,18.0,47697.0,,35.0,17635.0,394.0,594.0,,3.96,187.0,,261.0,78.3,57.0,30.2,1.78,2.7,51.2,168.0,74.0,,,,283.0,255.0,28.0,42.0,64.0,558.0,619.0,,20932.0,
COLB,2026-06-30,458.0,,11131.0,-310.0,4250.0,,978.0,,688.0,,1219.0,,52056.0,17.0,47166.0,,30.0,17218.0,375.0,589.0,,3.93,180.0,,268.0,85.3,57.0,29.9,1.76,7.3,45.4,125.0,88.0,,,,302.0,275.0,27.0,38.0,68.0,531.0,582.0,,20592.0,
WAFD,2024-03-31,,225.077,2438.114,,,5489.501,,1505.771,,,,2.59,21339.773,457.882,,20795.259000000002,0.146,2482.01,,,2.73,,60.806000000000004,0.29,,,,,,,,,,76.048,0.36,,36.962,20.962,16.0,,,,,1.48,,5436.402
WAFD,2024-06-30,,225.324,2428.7690000000002,,,4079.36,,2492.504,,,,3.01,21184.765,447.63800000000003,,20873.919,1.2530000000000001,2514.31,,,2.56,,61.268,0.29,,,,,,,,,,46.721,0.22,,84.238,82.738,1.5,,,,,1.84,,5238.217000000001
WAFD,2024-09-30,,225.25300000000001,2572.709,,,3318.3070000000002,,2381.102,,,,2.41,21373.97,436.97200000000004,,20916.354,0.07,2500.467,,,2.62,,69.541,0.33,,,,,,,,,,53.338,0.25,0.25,80.666,80.666,0.0,,,,,2.04,,5134.192
WAFD,2024-12-31,,225.022,2743.731,,,2914.627,,1507.7350000000001,,,,2.54,21438.777000000002,537.348,,21060.501,0.231,2489.3940000000002,,,2.39,,72.487,0.34,,,,,,,,,,64.442,0.3,0.3,60.251000000000005,60.251000000000005,0.0,,,,,1.96,,5317.511
WAFD,2025-03-31,,222.709,3142.763,,,2814.938,,1231.461,,,,3.32,21427.426,526.5020000000001,,20920.001,5.063,2400.172,,,2.55,,59.886,0.29,,,,,,,,,,57.947,0.27,0.27,74.76,72.01,2.75,,,,,2.51,,5490.142
WAFD,2025-06-30,,219.268,3387.497,,,1991.087,,809.2520000000001,,,,4.07,21386.571,512.854,,20277.164,5.441,2487.8160000000003,,,2.69,,82.696,0.41,,,,,,,,,,53.788,0.26,0.26,81.758,79.758,2.0,,,,,3.52,,5094.400000000001
WAFD,2025-09-30,,221.22,3533.201,,,1817.249,,657.3100000000001,,3.16,,4.39,21437.636000000002,645.802,,20088.618000000002,1.048,2567.539,,,2.71,,128.62800000000001,0.64,,,,,,,,,,122.585,0.6,0.6,80.623,77.623,3.0,,,,,,,5302.026
WAFD,2025-12-31,,221.03900000000002,4142.285,,,2488.411,,734.915,,2.94,,4.6,21416.97,764.794,,19848.156,3.681,2692.68,,,2.7,,191.348,0.96,,,,,,,,,,214.39,1.07,1.07,85.801,82.301,3.5,,,,,,,5607.476000000001
WAFD,2026-03-31,,224.45000000000002,4352.258,,,3114.5480000000002,,669.799,,2.6,,4.24,21124.151,745.727,,19966.983,0.589,2577.976,,,2.81,,123.85900000000001,0.62,,,,,,,,,,156.715,0.78,0.78,87.806,83.806,4.0,,,,,,,5333.317
WAFD,2026-06-30,,233.83100000000002,4190.263,,,3315.697,,676.467,,2.59,,4.93,20932.075,858.261,,20017.876,1.619,2646.6150000000002,,,2.81,,127.569,0.64,,,,,,,,,,151.951,0.75,0.75,95.349,84.349,11.0,,,,,,,5326.972
