ticker,date,dividend,total_return,cash_dividend_return_check,difference_pp
WAFD,2024-02-22,0.26,-0.011832193231316124,-0.011722918545642225,-0.010927468567389909
WAFD,2024-05-23,0.26,-0.03056919713888262,-0.03029245061165653,-0.02767465272260905
WAFD,2024-08-23,0.26,0.05490412102389053,0.054499002905471716,0.04051181184188124
WAFD,2024-11-22,0.26,0.029370902785979425,0.0291610205296835,0.02098822562959235
WAFD,2025-02-21,0.27,-0.011152378309624233,-0.011051586561432458,-0.010079174819177528
WAFD,2025-08-22,0.27,0.051706867251098965,0.05124832394248213,0.045854330861683223
WAFD,2025-11-21,0.27,0.012767253892545405,0.012658201137274672,0.010905275527073321
WAFD,2026-02-13,0.27,0.013876050534310957,0.013761476901425373,0.011457363288558398
COLB,2024-02-22,0.36,0.010044806743633172,0.009846810069089162,0.019799667454400982
COLB,2024-05-23,0.36,-0.02382194671796034,-0.02338585119674741,-0.04360955212129314
COLB,2024-08-23,0.36,0.07075481112394488,0.06967901127172138,0.10757998522235024
COLB,2025-02-28,0.36,0.015963558649739085,0.015748011426355513,0.021554722338357202
COLB,2025-11-28,0.37,-0.009646347036870728,-0.009520496868343442,-0.012585016852728614
COLB,2026-02-27,0.37,-0.05825883330512849,-0.0575539295342582,-0.0704903770870291
COLB,2026-05-29,0.37,0.012640939870448342,0.012483131161238115,0.01578087092102276
HPP,2024-03-15,0.35,0.017543771847290834,0.01740502124167187,0.013875060561896468
KRC,2024-03-27,0.54,0.027303894979143317,0.026890704437796398,0.041319054134691946
KRC,2024-06-28,0.54,0.0123416156252949,0.012128954788166446,0.02126608371284533
KRC,2024-12-31,0.54,0.012262146504526283,0.012098784270109908,0.016336223441637543
KRC,2025-12-31,0.54,-0.007436912090869718,-0.007331754514083633,-0.010515757678608573
KRC,2026-03-31,0.54,0.01804393709893115,0.017699082636200236,0.03448544627309147
KRC,2026-06-30,0.54,-0.010301136611471251,-0.010156257543712632,-0.01448790677586187
KRE,2024-06-24,0.392,0.02063589656549003,0.02046380650647328,0.017209005901674956
KRE,2025-03-24,0.378,0.027214131005711906,0.027034614548014035,0.017951645769787028
KRE,2025-06-23,0.391,0.02299850481967103,0.02284058757590035,0.015791724377067773
KRE,2026-03-23,0.364,0.01809310261030883,0.017988585680435154,0.0104516929873677
