ticker,window,start,end,start_close,end_close,price_return_pct,total_return_pct,excess_vs_KRE_pp
WAFD,september_month,2026-08-31,2026-09-30,35.7599983215332,29.93000030517578,-16.303127209172253,-16.303127209172253,-11.23991331017743
WAFD,merger_first_session,2026-09-04,2026-09-08,36.29999923706055,34.279998779296875,-5.564739670025531,-5.564739670025531,-4.28933642247512
WAFD,announcement_to_month_end,2026-09-04,2026-09-30,36.29999923706055,29.93000030517578,-17.548206792746445,-17.548206792746445,-10.328196674414146
WAFD,month_end_to_latest,2026-09-30,2026-10-06,29.93000030517578,29.920000076293945,-0.033412057400172834,-0.033412057400172834,-0.9406661346873513
WAFD,aug_sep_max_close_drawdown,2026-08-11,2026-09-30,38.060001373291016,29.93000030517578,-21.361010968908012,-20.777378230093625,
COLB,september_month,2026-08-31,2026-09-30,29.639999389648438,28.600000381469727,-3.5087686558520126,-3.5087686558520126,1.5544452431428102
COLB,merger_first_session,2026-09-04,2026-09-08,30.799999237060547,30.270000457763672,-1.7207753000823,-1.7207753000823,-0.4453720525318894
COLB,announcement_to_month_end,2026-09-04,2026-09-30,30.799999237060547,28.600000381469727,-7.142853604176846,-7.142853604176846,0.07715651415545288
COLB,month_end_to_latest,2026-09-30,2026-10-06,28.600000381469727,28.889999389648438,1.0139825325548024,1.0139825325548024,0.10672845526762398
COLB,aug_sep_max_close_drawdown,2026-08-14,2026-09-30,32.689998626708984,28.600000381469727,-12.511466555699313,-11.443830642251228,
HPP,september_month,2026-08-31,2026-09-30,12.569999694824219,11.539999961853027,-8.194111041985952,-8.194111041985952,
HPP,merger_first_session,2026-09-04,2026-09-08,12.609999656677246,12.15999984741211,-3.5685949366925818,-3.5685949366925818,
HPP,announcement_to_month_end,2026-09-04,2026-09-30,12.609999656677246,11.539999961853027,-8.485326914799973,-8.485326914799973,
HPP,month_end_to_latest,2026-09-30,2026-10-06,11.539999961853027,11.579999923706055,0.34662012118935603,0.34662012118935603,
HPP,aug_sep_max_close_drawdown,2026-08-05,2026-09-16,14.970000267028809,11.420000076293945,-23.714095707490955,-23.714095707490955,
KRC,september_month,2026-08-31,2026-09-30,36.29999923706055,33.27000045776367,-8.34710425063423,-6.8608341454881705,
KRC,merger_first_session,2026-09-04,2026-09-08,37.13999938964844,36.150001525878906,-2.6655839527166547,-2.665587131416547,
KRC,announcement_to_month_end,2026-09-04,2026-09-30,37.13999938964844,33.27000045776367,-10.420029605502368,-8.967382852089823,
KRC,month_end_to_latest,2026-09-30,2026-10-06,33.27000045776367,33.900001525878906,1.8936010202795783,1.8936010202795783,
KRC,aug_sep_max_close_drawdown,2026-08-04,2026-09-30,39.36000061035156,33.27000045776367,-15.472561123350792,-14.101843738301268,
KRE,september_month,2026-08-31,2026-09-30,73.55999755859375,69.44000244140625,-5.600863586089355,-5.063213898994823,
KRE,merger_first_session,2026-09-04,2026-09-08,75.2699966430664,74.30999755859375,-1.2754073698515112,-1.2754032475504107,
KRE,announcement_to_month_end,2026-09-04,2026-09-30,75.2699966430664,69.44000244140625,-7.745442356409605,-7.220010118332299,
KRE,month_end_to_latest,2026-09-30,2026-10-06,69.44000244140625,70.06999969482422,0.9072540772871784,0.9072540772871784,
KRE,aug_sep_max_close_drawdown,2026-08-14,2026-09-30,77.93000030517578,69.44000244140625,-10.894389619559208,-10.386887572743387,
SPY,september_month,2026-08-31,2026-09-30,767.0499877929688,762.6300048828125,-0.5762314034935101,-0.3293417783052144,
SPY,merger_first_session,2026-09-04,2026-09-08,770.1900024414062,765.9600219726562,-0.5492125910932955,-0.5492178930014524,
SPY,announcement_to_month_end,2026-09-04,2026-09-30,770.1900024414062,762.6300048828125,-0.9815756546604715,-0.7356960091315701,
SPY,month_end_to_latest,2026-09-30,2026-10-06,762.6300048828125,779.0900268554688,2.1583234159775255,2.1583234159775255,
SPY,aug_sep_max_close_drawdown,2026-08-13,2026-09-16,777.8800048828125,754.0499877929688,-3.06345669515361,-3.0634575025345723,
