LAST UPDATED,FREQUENCY,PERIOD BEGIN,PERIOD END,REGION ID,REGION TYPE,REGION NAME,METRO,HOMES SOLD,HOMES SOLD YOY (%),MEDIAN SALE PRICE NSA ($),MEDIAN SALE PRICE NSA YOY (%),MEDIAN DAYS ON MARKET (DAYS),MEDIAN DAYS ON MARKET YOY (DAYS),AVERAGE SALE TO LIST RATIO (%),AVERAGE SALE TO LIST RATIO YOY (PPTS),SHARE SOLD ABOVE ORIGINAL LIST (%),SHARE SOLD ABOVE ORIGINAL LIST YOY (PPTS),NEW LISTINGS,NEW LISTINGS YOY (%),ACTIVE LISTINGS,ACTIVE LISTINGS YOY (%),INVENTORY,INVENTORY YOY (%),PENDING SALES,PENDING SALES YOY (%),MEDIAN NEW LISTING PRICE ($),MEDIAN NEW LISTING PRICE YOY (%),MEDIAN NEW LISTING PRICE PER SQ.FT. ($),MEDIAN NEW LISTING PRICE PER SQ.FT. YOY (%),MEDIAN SALE PRICE PER SQ.FT. ($),MEDIAN SALE PRICE PER SQ.FT. YOY (%),MONTHS OF SUPPLY,MONTHS OF SUPPLY YOY (%),PERCENT OFF MARKET IN TWO WEEKS (%),PERCENT OFF MARKET IN TWO WEEKS YOY (PPTS),LAST UPDATED_cuts,FREQUENCY_cuts,PERIOD BEGIN_cuts,REGION TYPE_cuts,METRO_cuts,PRICE DROPS,PRICE DROPS YOY (%),AVERAGE SIZE OF PRICE DROP (%),AVERAGE SIZE OF PRICE DROP YOY (PPTS),PERCENT ACTIVE WITH PRICE DROPS (%),PERCENT ACTIVE WITH PRICE DROPS YOY (PPTS),HOMES SOLD WITH PRICE DROPS,HOMES SOLD WITH PRICE DROPS YOY (%)
2026-10-07,Monthly,2024-01-01,2024-01-31,118,County,"King County, WA","Seattle, WA metro area",1132.0,6.49,775000.0,5.44,32.0,-9.0,99.35,1.54,21.82,9.31,1670.0,12.38,3611.0,-10.11,1880.0,-15.81,1673.0,-2.51,800000.0,2.57,519.54,6.06,484.58,7.86,1.7,-45.45,53.14,13.92,2026-10-07,Monthly,2024-01-01,County,"Seattle, WA metro area",378.0,-45.06,3.73,-0.43,10.47,-6.66,326.0,-27.07
2026-10-07,Monthly,2024-02-01,2024-02-29,118,County,"King County, WA","Seattle, WA metro area",1616.0,4.12,840569.0,14.39,8.0,-16.0,101.1,1.84,35.02,11.89,2399.0,41.03,4271.0,9.12,2217.0,8.84,2028.0,7.13,850000.0,6.39,520.5,6.23,509.31,8.87,1.3,10.12,67.01,13.76,2026-10-07,Monthly,2024-02-01,County,"Seattle, WA metro area",402.0,-26.51,3.71,-0.3,9.41,-4.56,268.0,-43.93
2026-10-07,Monthly,2024-03-01,2024-03-31,118,County,"King County, WA","Seattle, WA metro area",2085.0,1.41,864950.0,13.41,6.0,-4.0,102.07,1.98,40.43,9.45,2785.0,1.64,4981.0,4.84,2417.0,-1.27,2568.0,12.19,875000.0,5.42,529.91,7.31,530.73,10.98,1.2,-3.25,72.47,7.11,2026-10-07,Monthly,2024-03-01,County,"Seattle, WA metro area",552.0,-15.6,3.75,-0.21,11.08,-2.68,289.0,-38.9
2026-10-07,Monthly,2024-04-01,2024-04-30,118,County,"King County, WA","Seattle, WA metro area",2331.0,17.55,895000.0,11.88,6.0,0.0,102.62,1.55,46.85,8.57,3226.0,31.89,5634.0,15.59,2853.0,12.06,2738.0,15.92,865000.0,8.13,522.04,4.92,537.41,9.83,1.2,-6.0,74.32,8.19,2026-10-07,Monthly,2024-04-01,County,"Seattle, WA metro area",689.0,23.92,3.63,-0.26,12.23,0.82,258.0,-26.5
2026-10-07,Monthly,2024-05-01,2024-05-31,118,County,"King County, WA","Seattle, WA metro area",2669.0,14.35,900000.0,7.78,6.0,0.0,102.36,0.88,45.56,2.63,3768.0,32.21,6608.0,23.05,3858.0,44.66,2677.0,0.87,890000.0,6.59,524.33,4.94,539.1,7.15,1.5,31.29,67.95,-1.15,2026-10-07,Monthly,2024-05-01,County,"Seattle, WA metro area",1048.0,33.67,3.72,-0.14,15.86,1.26,290.0,-18.31
2026-10-07,Monthly,2024-06-01,2024-06-30,118,County,"King County, WA","Seattle, WA metro area",2336.0,-6.22,889442.0,7.68,6.0,-1.0,101.38,0.16,38.48,-1.54,3184.0,9.15,7030.0,26.19,4207.0,43.39,2602.0,2.97,850000.0,0.01,515.96,1.43,526.15,5.16,1.8,62.31,62.84,-0.44,2026-10-07,Monthly,2024-06-01,County,"Seattle, WA metro area",1285.0,33.16,3.71,-0.21,18.28,0.96,320.0,-18.16
2026-10-07,Monthly,2024-07-01,2024-07-31,118,County,"King County, WA","Seattle, WA metro area",2421.0,11.67,899995.0,11.11,8.0,1.0,100.79,0.12,34.28,-2.25,2780.0,10.14,6967.0,28.23,4302.0,40.91,2413.0,6.58,855000.0,3.64,521.45,3.75,531.12,9.3,1.8,38.1,57.27,-3.42,2026-10-07,Monthly,2024-07-01,County,"Seattle, WA metro area",1401.0,51.46,3.69,-0.21,20.11,3.08,435.0,5.33
2026-10-07,Monthly,2024-08-01,2024-08-31,118,County,"King County, WA","Seattle, WA metro area",2277.0,2.57,879950.0,5.38,11.0,4.0,100.13,-0.27,29.47,-6.12,2578.0,7.73,6865.0,26.45,4398.0,41.14,2212.0,0.14,849950.0,6.26,507.06,1.41,507.58,0.25,2.0,54.55,49.1,-7.9,2026-10-07,Monthly,2024-08-01,County,"Seattle, WA metro area",1302.0,22.37,3.59,-0.11,18.97,-0.63,513.0,34.29
2026-10-07,Monthly,2024-09-01,2024-09-30,118,County,"King County, WA","Seattle, WA metro area",1922.0,0.05,875000.0,9.38,14.0,3.0,99.83,-0.01,27.73,-1.42,2923.0,16.08,7292.0,29.77,4679.0,35.51,2363.0,18.03,862824.0,3.27,531.06,4.7,510.45,3.67,2.4,63.69,51.5,-3.79,2026-10-07,Monthly,2024-09-01,County,"Seattle, WA metro area",1465.0,34.9,3.57,-0.16,20.09,0.76,462.0,4.52
2026-10-07,Monthly,2024-10-01,2024-10-31,118,County,"King County, WA","Seattle, WA metro area",2456.0,31.9,875000.0,8.55,12.0,2.0,100.03,-0.01,28.54,-3.41,2352.0,25.84,7019.0,32.41,4246.0,32.73,2401.0,30.92,830000.0,3.75,513.08,4.3,503.19,2.49,1.8,1.11,44.98,-4.58,2026-10-07,Monthly,2024-10-01,County,"Seattle, WA metro area",1483.0,29.97,3.59,-0.25,21.13,-0.4,593.0,34.77
2026-10-07,Monthly,2024-11-01,2024-11-30,118,County,"King County, WA","Seattle, WA metro area",1899.0,19.81,861895.0,6.41,20.0,6.0,99.64,0.17,24.43,-0.8,1236.0,-3.59,5473.0,22.49,3340.0,23.7,1762.0,18.02,799950.0,3.22,503.94,1.24,513.07,5.82,1.8,5.54,35.75,-5.3,2026-10-07,Monthly,2024-11-01,County,"Seattle, WA metro area",848.0,2.79,3.54,-0.34,15.49,-2.97,533.0,27.82
2026-10-07,Monthly,2024-12-01,2024-12-31,118,County,"King County, WA","Seattle, WA metro area",1660.0,21.79,815000.0,1.88,27.0,3.0,99.29,0.38,19.76,-0.34,820.0,12.95,4146.0,21.16,2522.0,29.13,1266.0,3.09,799950.0,2.57,514.31,5.28,490.25,3.48,1.6,8.93,33.81,-1.62,2026-10-07,Monthly,2024-12-01,County,"Seattle, WA metro area",481.0,77.49,3.48,-0.41,11.6,3.68,515.0,20.61
2026-10-07,Monthly,2025-01-01,2025-01-31,118,County,"King County, WA","Seattle, WA metro area",1277.0,12.81,799000.0,3.1,32.0,0.0,99.26,-0.09,19.26,-2.56,2195.0,31.44,4705.0,30.3,2839.0,51.01,1773.0,5.98,835000.0,4.37,537.63,3.48,502.81,3.76,2.3,58.11,52.17,-0.97,2026-10-07,Monthly,2025-01-01,County,"Seattle, WA metro area",617.0,63.23,3.54,-0.2,13.11,2.65,368.0,12.88
2026-10-07,Monthly,2025-02-01,2025-02-28,118,County,"King County, WA","Seattle, WA metro area",1647.0,1.92,843366.0,0.33,7.0,-1.0,101.39,0.29,34.37,-0.66,2340.0,-2.46,5155.0,20.7,3124.0,40.91,2022.0,-0.3,850000.0,0.0,531.86,2.18,530.03,4.07,1.8,44.42,63.25,-3.76,2026-10-07,Monthly,2025-02-01,County,"Seattle, WA metro area",645.0,60.45,3.67,-0.04,12.51,3.1,335.0,25.0
2026-10-07,Monthly,2025-03-01,2025-03-31,118,County,"King County, WA","Seattle, WA metro area",2117.0,1.53,875000.0,1.16,6.0,0.0,101.55,-0.53,36.18,-4.25,3083.0,10.7,6186.0,24.19,3572.0,47.79,2575.0,0.27,896975.0,2.51,539.27,1.77,534.57,0.72,1.7,54.57,67.42,-5.05,2026-10-07,Monthly,2025-03-01,County,"Seattle, WA metro area",919.0,66.49,3.63,-0.12,14.86,3.77,319.0,10.38
2026-10-07,Monthly,2025-04-01,2025-04-30,118,County,"King County, WA","Seattle, WA metro area",2292.0,-1.67,920000.0,2.79,6.0,0.0,101.73,-0.9,40.58,-6.27,3566.0,10.54,7118.0,26.34,4503.0,57.83,2455.0,-10.34,899900.0,4.03,541.13,3.66,551.14,2.56,2.0,74.07,63.58,-10.74,2026-10-07,Monthly,2025-04-01,County,"Seattle, WA metro area",1361.0,97.53,3.64,0.01,19.12,6.89,331.0,28.29
2026-10-07,Monthly,2025-05-01,2025-05-31,118,County,"King County, WA","Seattle, WA metro area",2317.0,-13.19,875000.0,-2.78,7.0,1.0,100.73,-1.63,33.02,-12.54,4214.0,11.84,8690.0,31.51,5744.0,48.89,2680.0,0.11,903500.0,1.52,538.04,2.61,530.55,-1.59,2.6,106.8,59.18,-8.77,2026-10-07,Monthly,2025-05-01,County,"Seattle, WA metro area",1841.0,75.67,3.56,-0.15,21.19,5.33,380.0,31.03
2026-10-07,Monthly,2025-06-01,2025-06-30,118,County,"King County, WA","Seattle, WA metro area",2506.0,7.28,916000.0,2.99,10.0,4.0,100.02,-1.37,27.69,-10.79,3208.0,0.75,8930.0,27.03,5854.0,39.15,2605.0,0.12,888475.0,4.53,525.15,1.78,541.04,2.83,2.3,53.51,51.17,-11.67,2026-10-07,Monthly,2025-06-01,County,"Seattle, WA metro area",1965.0,52.92,3.65,-0.06,22.0,3.73,471.0,47.19
2026-10-07,Monthly,2025-07-01,2025-07-31,118,County,"King County, WA","Seattle, WA metro area",2382.0,-1.61,880000.0,-2.22,15.0,7.0,99.22,-1.57,21.41,-12.87,2923.0,5.14,8746.0,25.53,5920.0,37.61,2422.0,0.37,850000.0,-0.58,506.23,-2.92,515.7,-2.91,2.6,73.2,42.2,-15.08,2026-10-07,Monthly,2025-07-01,County,"Seattle, WA metro area",1986.0,41.76,3.62,-0.07,22.71,2.6,599.0,37.7
2026-10-07,Monthly,2025-08-01,2025-08-31,118,County,"King County, WA","Seattle, WA metro area",2161.0,-5.09,885000.0,0.57,20.0,9.0,99.21,-0.92,20.22,-9.25,2277.0,-11.68,8153.0,18.76,5572.0,26.69,2216.0,0.18,843725.0,-0.73,515.58,1.68,518.38,2.13,2.7,66.85,39.08,-10.02,2026-10-07,Monthly,2025-08-01,County,"Seattle, WA metro area",1751.0,34.49,3.55,-0.04,21.48,2.51,615.0,19.88
2026-10-07,Monthly,2025-09-01,2025-09-30,118,County,"King County, WA","Seattle, WA metro area",2085.0,8.48,875000.0,0.0,25.0,11.0,98.93,-0.9,17.65,-10.08,2994.0,2.43,8540.0,17.11,5693.0,21.67,2387.0,1.02,895000.0,3.73,524.59,-1.22,514.09,0.71,2.7,29.6,45.37,-6.13,2026-10-07,Monthly,2025-09-01,County,"Seattle, WA metro area",1887.0,28.81,3.67,0.09,22.1,2.01,655.0,41.77
2026-10-07,Monthly,2025-10-01,2025-10-31,118,County,"King County, WA","Seattle, WA metro area",2279.0,-7.21,899000.0,2.74,20.0,8.0,99.05,-0.97,18.03,-10.51,2279.0,-3.1,7943.0,13.16,5195.0,22.35,2183.0,-9.08,849894.0,2.4,517.82,0.92,506.85,0.73,2.4,56.9,37.75,-7.24,2026-10-07,Monthly,2025-10-01,County,"Seattle, WA metro area",1928.0,30.01,3.55,-0.04,24.27,3.14,680.0,14.67
2026-10-07,Monthly,2025-11-01,2025-11-30,118,County,"King County, WA","Seattle, WA metro area",1643.0,-13.48,836782.0,-2.91,27.0,7.0,98.78,-0.87,16.13,-8.3,1252.0,1.29,6429.0,17.47,4212.0,26.11,1684.0,-4.43,766975.0,-4.12,494.97,-1.78,491.15,-4.27,2.6,80.48,29.69,-6.06,2026-10-07,Monthly,2025-11-01,County,"Seattle, WA metro area",1127.0,32.9,3.46,-0.08,17.53,2.04,551.0,3.38
2026-10-07,Monthly,2025-12-01,2025-12-31,118,County,"King County, WA","Seattle, WA metro area",1724.0,3.86,828500.0,1.66,38.0,12.0,98.36,-0.93,12.99,-6.77,786.0,-4.15,4981.0,20.14,3174.0,25.85,1286.0,1.58,775000.0,-3.12,490.52,-4.63,487.94,-0.47,1.9,33.25,29.0,-4.8,2026-10-07,Monthly,2025-12-01,County,"Seattle, WA metro area",615.0,27.86,3.54,0.06,12.35,0.75,642.0,24.66
2026-10-07,Monthly,2026-01-01,2026-01-31,118,County,"King County, WA","Seattle, WA metro area",1162.0,-9.01,799000.0,0.0,46.0,14.0,98.3,-0.96,10.84,-8.42,2210.0,0.68,5357.0,13.86,3558.0,25.33,1660.0,-6.37,840000.0,0.6,518.64,-3.53,490.57,-2.44,3.2,86.67,44.88,-7.29,2026-10-07,Monthly,2026-01-01,County,"Seattle, WA metro area",781.0,26.58,3.4,-0.14,14.58,1.47,423.0,14.95
2026-10-07,Monthly,2026-02-01,2026-02-28,118,County,"King County, WA","Seattle, WA metro area",1512.0,-8.2,850000.0,0.79,16.0,9.0,99.74,-1.65,22.55,-11.81,2605.0,11.32,6129.0,18.89,4190.0,34.12,1860.0,-8.01,850000.0,0.0,511.7,-3.79,501.75,-5.34,2.6,81.61,57.58,-5.67,2026-10-07,Monthly,2026-02-01,County,"Seattle, WA metro area",965.0,49.61,3.6,-0.08,15.74,3.23,405.0,20.9
2026-10-07,Monthly,2026-03-01,2026-03-31,118,County,"King County, WA","Seattle, WA metro area",2027.0,-4.25,880000.0,0.57,9.0,3.0,100.27,-1.28,28.61,-7.57,3172.0,2.89,7325.0,18.41,4708.0,31.8,2422.0,-5.94,888000.0,-1.0,530.16,-1.69,511.64,-4.29,2.4,65.65,56.98,-10.44,2026-10-07,Monthly,2026-03-01,County,"Seattle, WA metro area",1409.0,53.32,3.5,-0.13,19.24,4.38,380.0,19.12
2026-10-07,Monthly,2026-04-01,2026-04-30,118,County,"King County, WA","Seattle, WA metro area",2186.0,-4.62,859000.0,-6.63,10.0,4.0,100.13,-1.59,27.17,-13.4,3737.0,4.8,8396.0,17.95,5769.0,28.11,2367.0,-3.58,895000.0,-0.54,518.82,-4.12,513.57,-6.82,2.6,67.44,55.6,-7.99,2026-10-07,Monthly,2026-04-01,County,"Seattle, WA metro area",1749.0,28.51,3.69,0.05,20.83,1.71,446.0,34.74
2026-10-07,Monthly,2026-05-01,2026-05-31,118,County,"King County, WA","Seattle, WA metro area",2197.0,-5.18,890000.0,1.71,10.0,3.0,99.98,-0.75,26.4,-6.62,3595.0,-14.69,9311.0,7.15,6437.0,12.06,2430.0,-9.33,899000.0,-0.5,513.66,-4.53,520.35,-1.92,3.0,46.59,52.43,-6.75,2026-10-07,Monthly,2026-05-01,County,"Seattle, WA metro area",2025.0,9.99,3.79,0.22,21.75,0.56,448.0,17.89
2026-10-07,Monthly,2026-06-01,2026-06-30,118,County,"King County, WA","Seattle, WA metro area",2340.0,-6.62,899475.0,-1.8,13.0,3.0,99.27,-0.75,22.74,-4.96,3266.0,1.81,9665.0,8.23,6761.0,15.49,2363.0,-9.29,859973.0,-3.21,503.65,-4.09,511.65,-5.43,2.9,55.33,46.85,-4.32,2026-10-07,Monthly,2026-06-01,County,"Seattle, WA metro area",2335.0,18.83,3.8,0.15,24.16,2.15,509.0,8.07
2026-10-07,Monthly,2026-07-01,2026-07-31,118,County,"King County, WA","Seattle, WA metro area",2091.0,-12.22,890000.0,1.14,18.0,3.0,99.03,-0.19,19.66,-1.75,3085.0,5.54,9807.0,12.13,7121.0,20.29,2073.0,-14.41,849000.0,-0.12,497.34,-1.75,499.55,-3.13,3.5,95.09,37.96,-4.23,2026-10-07,Monthly,2026-07-01,County,"Seattle, WA metro area",2462.0,23.97,3.79,0.18,25.1,2.4,544.0,-9.18
2026-10-07,Monthly,2026-08-01,2026-08-31,118,County,"King County, WA","Seattle, WA metro area",1867.0,-13.6,850000.0,-3.95,25.0,5.0,98.58,-0.63,15.64,-4.58,2542.0,11.64,9633.0,18.15,6906.0,23.94,2034.0,-8.21,829990.0,-1.63,495.35,-3.92,483.33,-6.76,3.8,115.79,38.05,-1.03,2026-10-07,Monthly,2026-08-01,County,"Seattle, WA metro area",2280.0,30.21,3.83,0.28,23.67,2.19,584.0,-5.04
2026-10-07,Monthly,2024-01-01,2024-01-31,3096,County,"Pierce County, WA","Tacoma, WA metro area",572.0,-1.38,532250.0,1.38,31.0,-18.0,99.45,0.8,27.97,15.04,671.0,-3.45,1883.0,-15.94,1085.0,-13.68,827.0,-15.44,550000.0,6.8,307.61,9.34,291.97,7.14,2.0,-27.94,42.08,9.56,2026-10-07,Monthly,2024-01-01,County,"Tacoma, WA metro area",277.0,-45.9,3.24,-0.34,14.71,-8.15,216.0,-30.99
2026-10-07,Monthly,2024-02-01,2024-02-29,3096,County,"Pierce County, WA","Tacoma, WA metro area",719.0,-4.26,543180.0,3.46,21.0,-21.0,99.99,0.56,31.71,10.81,941.0,17.33,2020.0,-1.37,1165.0,9.39,920.0,-11.37,549999.0,1.86,311.55,7.41,303.03,8.88,1.6,24.27,54.02,6.82,2026-10-07,Monthly,2024-02-01,County,"Tacoma, WA metro area",281.0,-10.22,3.44,-0.34,13.91,-1.37,192.0,-43.2
2026-10-07,Monthly,2024-03-01,2024-03-31,3096,County,"Pierce County, WA","Tacoma, WA metro area",808.0,-21.71,550000.0,3.78,10.0,-8.0,100.45,0.51,39.98,7.71,1036.0,-4.07,2191.0,2.72,1218.0,13.51,1051.0,-9.94,550000.0,1.87,307.76,3.96,306.9,6.28,1.6,48.33,60.7,4.32,2026-10-07,Monthly,2024-03-01,County,"Tacoma, WA metro area",330.0,7.14,3.61,-0.16,15.06,0.62,182.0,-45.35
2026-10-07,Monthly,2024-04-01,2024-04-30,3096,County,"Pierce County, WA","Tacoma, WA metro area",946.0,7.26,561000.0,6.86,7.0,-2.0,100.62,0.13,41.86,1.84,1314.0,38.9,2525.0,26.25,1442.0,47.14,1176.0,8.39,574850.0,4.52,314.56,5.69,317.55,8.55,1.5,41.32,65.82,3.14,2026-10-07,Monthly,2024-04-01,County,"Tacoma, WA metro area",392.0,72.69,3.47,-0.49,15.52,4.17,166.0,-23.85
2026-10-07,Monthly,2024-05-01,2024-05-31,3096,County,"Pierce County, WA","Tacoma, WA metro area",1039.0,6.56,560000.0,3.42,7.0,0.0,100.74,-0.1,41.39,-5.08,1522.0,19.84,2962.0,32.41,1808.0,64.07,1221.0,-0.25,580950.0,3.93,312.18,4.52,316.71,7.07,1.8,63.02,58.56,-8.93,2026-10-07,Monthly,2024-05-01,County,"Tacoma, WA metro area",643.0,97.24,3.53,-0.29,21.71,7.14,186.0,4.49
2026-10-07,Monthly,2024-06-01,2024-06-30,3096,County,"Pierce County, WA","Tacoma, WA metro area",966.0,-8.78,565000.0,3.67,10.0,4.0,100.24,-1.23,37.99,-11.3,1330.0,0.38,3128.0,29.68,2067.0,49.57,1077.0,-3.32,581450.0,5.73,312.5,2.08,313.36,4.84,2.1,83.47,52.55,-9.65,2026-10-07,Monthly,2024-06-01,County,"Tacoma, WA metro area",718.0,47.13,3.23,-0.53,22.95,2.72,213.0,23.84
2026-10-07,Monthly,2024-07-01,2024-07-31,3096,County,"Pierce County, WA","Tacoma, WA metro area",1021.0,7.14,570000.0,5.36,13.0,4.0,100.11,-0.43,31.64,-9.92,1205.0,9.74,3263.0,32.11,2158.0,48.83,1132.0,5.5,586750.0,6.68,316.84,3.8,312.5,2.01,2.2,61.18,44.61,-11.31,2026-10-07,Monthly,2024-07-01,County,"Tacoma, WA metro area",904.0,66.18,3.37,0.01,27.7,5.68,296.0,46.53
2026-10-07,Monthly,2024-08-01,2024-08-31,3096,County,"Pierce County, WA","Tacoma, WA metro area",1017.0,-0.29,575000.0,4.83,19.0,8.0,99.76,-0.52,26.65,-10.02,1193.0,8.55,3338.0,31.47,2202.0,39.46,1132.0,13.31,575000.0,7.48,310.17,0.47,312.65,2.88,2.2,63.77,40.37,-12.38,2026-10-07,Monthly,2024-08-01,County,"Tacoma, WA metro area",865.0,37.52,3.26,-0.19,25.91,1.14,341.0,34.78
2026-10-07,Monthly,2024-09-01,2024-09-30,3096,County,"Pierce County, WA","Tacoma, WA metro area",918.0,11.27,565000.0,4.63,22.0,9.0,99.64,-0.49,25.49,-9.18,1009.0,8.85,3197.0,27.83,2173.0,38.5,1056.0,17.33,569995.0,1.79,311.33,3.35,313.0,3.75,2.4,46.53,39.3,-4.03,2026-10-07,Monthly,2024-09-01,County,"Tacoma, WA metro area",780.0,36.6,3.25,-0.4,24.4,1.57,343.0,38.31
2026-10-07,Monthly,2024-10-01,2024-10-31,3096,County,"Pierce County, WA","Tacoma, WA metro area",1019.0,29.64,575000.0,8.49,24.0,6.0,99.75,0.13,25.32,-2.8,1007.0,31.29,3167.0,36.33,2028.0,32.46,1091.0,45.08,549950.0,2.79,309.92,1.9,306.12,1.29,2.1,4.38,38.31,-8.5,2026-10-07,Monthly,2024-10-01,County,"Tacoma, WA metro area",795.0,30.76,3.24,-0.42,25.1,-1.07,373.0,45.14
2026-10-07,Monthly,2024-11-01,2024-11-30,3096,County,"Pierce County, WA","Tacoma, WA metro area",813.0,33.94,565000.0,4.44,28.0,7.0,99.5,0.17,24.6,-1.59,677.0,-0.29,2693.0,22.13,1764.0,18.71,885.0,29.96,549950.0,5.35,317.91,3.76,310.47,5.27,2.2,-27.84,34.46,-3.57,2026-10-07,Monthly,2024-11-01,County,"Tacoma, WA metro area",563.0,19.53,3.22,-0.35,20.91,-0.45,341.0,66.34
2026-10-07,Monthly,2024-12-01,2024-12-31,3096,County,"Pierce County, WA","Tacoma, WA metro area",778.0,35.07,550000.0,2.8,32.0,7.0,99.53,-0.04,24.55,-3.4,472.0,6.07,2229.0,15.61,1425.0,17.09,692.0,6.13,539475.0,1.88,313.3,1.98,304.09,2.24,1.9,-29.06,32.37,0.16,2026-10-07,Monthly,2024-12-01,County,"Tacoma, WA metro area",328.0,17.99,3.19,-0.19,14.72,0.3,330.0,61.76
2026-10-07,Monthly,2025-01-01,2025-01-31,3096,County,"Pierce County, WA","Tacoma, WA metro area",644.0,12.59,565000.0,6.15,33.0,2.0,99.43,-0.02,22.52,-5.46,876.0,30.55,2290.0,21.61,1428.0,31.61,893.0,7.98,575000.0,4.55,313.24,1.83,301.71,3.33,2.3,33.12,38.97,-3.11,2026-10-07,Monthly,2025-01-01,County,"Tacoma, WA metro area",440.0,58.84,3.37,0.13,19.21,4.5,243.0,12.5
2026-10-07,Monthly,2025-02-01,2025-02-28,3096,County,"Pierce County, WA","Tacoma, WA metro area",710.0,-1.25,550000.0,1.26,24.0,3.0,99.98,0.0,28.03,-3.68,844.0,-10.31,2264.0,12.08,1401.0,20.26,918.0,-0.22,589995.0,7.27,316.86,1.7,318.93,5.25,1.8,27.54,48.69,-5.33,2026-10-07,Monthly,2025-02-01,County,"Tacoma, WA metro area",388.0,38.08,3.43,-0.01,17.14,3.23,231.0,20.31
2026-10-07,Monthly,2025-03-01,2025-03-31,3096,County,"Pierce County, WA","Tacoma, WA metro area",884.0,9.41,566000.0,2.91,16.0,6.0,100.19,-0.25,30.66,-9.32,1129.0,8.98,2513.0,14.7,1488.0,22.17,1112.0,5.8,585000.0,6.36,314.67,2.24,313.59,2.18,1.7,18.17,53.78,-6.93,2026-10-07,Monthly,2025-03-01,County,"Tacoma, WA metro area",425.0,28.79,3.45,-0.16,16.91,1.85,269.0,47.8
2026-10-07,Monthly,2025-04-01,2025-04-30,3096,County,"Pierce County, WA","Tacoma, WA metro area",928.0,-1.9,565000.0,0.71,10.0,3.0,100.47,-0.16,39.98,-1.88,1366.0,3.96,2835.0,12.28,1809.0,25.45,1079.0,-8.25,591500.0,2.9,319.67,1.62,318.24,0.22,1.9,42.5,59.5,-6.32,2026-10-07,Monthly,2025-04-01,County,"Tacoma, WA metro area",630.0,60.71,3.36,-0.11,22.22,6.7,216.0,30.12
2026-10-07,Monthly,2025-05-01,2025-05-31,3096,County,"Pierce County, WA","Tacoma, WA metro area",1030.0,-0.87,587000.0,4.82,8.0,1.0,100.37,-0.37,39.42,-1.97,1627.0,6.9,3415.0,15.29,2248.0,24.34,1195.0,-2.13,600000.0,3.28,318.18,1.92,318.61,0.6,2.3,45.71,53.89,-4.67,2026-10-07,Monthly,2025-05-01,County,"Tacoma, WA metro area",800.0,24.42,3.28,-0.26,23.43,1.72,235.0,26.34
2026-10-07,Monthly,2025-06-01,2025-06-30,3096,County,"Pierce County, WA","Tacoma, WA metro area",971.0,0.52,580000.0,2.65,13.0,3.0,100.09,-0.15,33.47,-4.52,1437.0,8.05,3670.0,17.33,2532.0,22.5,1160.0,7.71,600000.0,3.19,316.53,1.29,321.87,2.72,2.6,46.79,47.24,-5.31,2026-10-07,Monthly,2025-06-01,County,"Tacoma, WA metro area",1014.0,41.23,3.2,-0.03,27.63,4.68,258.0,21.13
2026-10-07,Monthly,2025-07-01,2025-07-31,3096,County,"Pierce County, WA","Tacoma, WA metro area",1025.0,0.39,580000.0,1.75,18.0,5.0,99.79,-0.32,27.61,-4.03,1305.0,8.3,3827.0,17.28,2684.0,24.37,1164.0,2.83,575000.0,-2.0,317.22,0.12,324.61,3.88,2.7,52.18,39.35,-5.26,2026-10-07,Monthly,2025-07-01,County,"Tacoma, WA metro area",1135.0,25.55,3.22,-0.15,29.66,1.95,323.0,9.12
2026-10-07,Monthly,2025-08-01,2025-08-31,3096,County,"Pierce County, WA","Tacoma, WA metro area",1083.0,6.49,585000.0,1.74,24.0,6.0,99.68,-0.08,23.55,-3.1,1182.0,-0.92,3844.0,15.16,2655.0,20.57,1224.0,8.13,580000.0,0.87,310.41,0.08,319.1,2.06,2.5,29.59,37.83,-2.54,2026-10-07,Monthly,2025-08-01,County,"Tacoma, WA metro area",1043.0,20.58,3.2,-0.07,27.13,1.22,420.0,23.17
2026-10-07,Monthly,2025-09-01,2025-09-30,3096,County,"Pierce County, WA","Tacoma, WA metro area",952.0,3.7,565500.0,0.09,26.0,4.0,99.71,0.07,24.37,-1.12,1097.0,8.72,3737.0,16.89,2654.0,22.14,1063.0,0.66,550000.0,-3.51,314.27,0.94,317.46,1.42,2.8,42.07,35.0,-4.3,2026-10-07,Monthly,2025-09-01,County,"Tacoma, WA metro area",1080.0,38.46,3.2,-0.05,28.9,4.5,388.0,13.12
2026-10-07,Monthly,2025-10-01,2025-10-31,3096,County,"Pierce County, WA","Tacoma, WA metro area",896.0,-12.07,565475.0,-1.66,30.0,6.0,99.81,0.06,24.0,-1.32,985.0,-2.18,3625.0,14.46,2527.0,24.61,1014.0,-7.06,574950.0,4.55,313.1,1.02,315.38,3.02,2.9,85.78,28.8,-9.52,2026-10-07,Monthly,2025-10-01,County,"Tacoma, WA metro area",1049.0,31.95,3.2,-0.04,28.94,3.84,366.0,-1.88
2026-10-07,Monthly,2025-11-01,2025-11-30,3096,County,"Pierce County, WA","Tacoma, WA metro area",737.0,-9.35,575000.0,1.77,35.0,7.0,99.6,0.1,19.54,-5.06,626.0,-7.53,3141.0,16.64,2141.0,21.37,867.0,-2.03,575000.0,4.55,307.98,-3.12,307.86,-0.84,2.9,73.53,26.18,-8.28,2026-10-07,Monthly,2025-11-01,County,"Tacoma, WA metro area",683.0,21.31,3.3,0.08,21.74,0.84,352.0,3.23
2026-10-07,Monthly,2025-12-01,2025-12-31,3096,County,"Pierce County, WA","Tacoma, WA metro area",829.0,6.56,560000.0,1.82,39.0,7.0,99.57,0.04,19.9,-4.65,444.0,-5.93,2575.0,15.52,1723.0,20.91,726.0,4.91,582050.0,7.89,312.5,-0.25,303.26,-0.27,2.1,25.5,23.28,-9.09,2026-10-07,Monthly,2025-12-01,County,"Tacoma, WA metro area",412.0,25.61,3.51,0.32,16.0,1.28,390.0,18.18
2026-10-07,Monthly,2026-01-01,2026-01-31,3096,County,"Pierce County, WA","Tacoma, WA metro area",608.0,-5.59,550000.0,-2.65,52.0,20.0,99.55,0.12,18.26,-4.26,854.0,-2.51,2564.0,11.97,1715.0,20.1,836.0,-6.38,565000.0,-1.74,314.57,0.42,308.47,2.24,2.9,62.34,36.36,-2.61,2026-10-07,Monthly,2026-01-01,County,"Tacoma, WA metro area",498.0,13.18,3.44,0.07,19.42,0.21,296.0,21.81
2026-10-07,Monthly,2026-02-01,2026-02-28,3096,County,"Pierce County, WA","Tacoma, WA metro area",693.0,-2.39,587950.0,6.9,49.0,25.0,99.91,-0.07,25.69,-2.34,934.0,10.66,2634.0,16.34,1742.0,24.34,944.0,2.83,599950.0,1.69,310.23,-2.09,304.52,-4.52,2.3,50.44,44.7,-3.99,2026-10-07,Monthly,2026-02-01,County,"Tacoma, WA metro area",446.0,14.95,3.39,-0.04,16.93,-0.21,287.0,24.24
2026-10-07,Monthly,2026-03-01,2026-03-31,3096,County,"Pierce County, WA","Tacoma, WA metro area",887.0,0.34,564995.0,-0.18,16.0,0.0,100.32,0.13,32.02,1.36,1215.0,7.62,2945.0,17.19,1879.0,26.28,1150.0,3.42,599999.0,2.56,312.72,-0.62,313.68,0.03,2.2,44.96,49.91,-3.86,2026-10-07,Monthly,2026-03-01,County,"Tacoma, WA metro area",588.0,38.35,3.3,-0.16,19.97,3.05,262.0,-2.6
2026-10-07,Monthly,2026-04-01,2026-04-30,3096,County,"Pierce County, WA","Tacoma, WA metro area",935.0,0.75,599990.0,6.19,14.0,4.0,100.35,-0.11,35.94,-4.04,1573.0,15.15,3433.0,21.09,2320.0,28.25,1174.0,8.8,599900.0,1.42,311.73,-2.48,312.09,-1.93,2.5,53.19,52.21,-7.28,2026-10-07,Monthly,2026-04-01,County,"Tacoma, WA metro area",754.0,19.68,3.41,0.05,21.96,-0.26,262.0,21.3
2026-10-07,Monthly,2026-05-01,2026-05-31,3096,County,"Pierce County, WA","Tacoma, WA metro area",995.0,-3.4,589000.0,0.34,12.0,4.0,100.53,0.16,34.97,-4.44,1610.0,-1.04,3903.0,14.29,2686.0,19.48,1209.0,1.17,600000.0,0.0,316.15,-0.64,316.74,-0.59,2.8,53.42,52.44,-1.45,2026-10-07,Monthly,2026-05-01,County,"Tacoma, WA metro area",949.0,18.63,3.28,0.01,24.31,0.89,268.0,14.04
2026-10-07,Monthly,2026-06-01,2026-06-30,3096,County,"Pierce County, WA","Tacoma, WA metro area",1105.0,13.8,600000.0,3.45,15.0,2.0,100.34,0.24,32.58,-0.89,1431.0,-0.42,4092.0,11.5,2895.0,14.34,1246.0,7.41,599990.0,0.0,315.22,-0.42,323.62,0.55,2.6,1.23,42.3,-4.95,2026-10-07,Monthly,2026-06-01,County,"Tacoma, WA metro area",1087.0,7.2,3.35,0.15,26.56,-1.07,324.0,25.58
2026-10-07,Monthly,2026-07-01,2026-07-31,3096,County,"Pierce County, WA","Tacoma, WA metro area",1077.0,5.07,589900.0,1.71,20.0,2.0,99.87,0.08,26.65,-0.96,1446.0,10.8,4317.0,12.8,3105.0,15.69,1136.0,-2.41,589250.0,2.48,315.62,-0.5,315.48,-2.81,3.0,27.33,40.23,0.88,2026-10-07,Monthly,2026-07-01,County,"Tacoma, WA metro area",1315.0,15.86,3.23,0.01,30.46,0.8,354.0,9.6
2026-10-07,Monthly,2026-08-01,2026-08-31,3096,County,"Pierce County, WA","Tacoma, WA metro area",974.0,-10.06,589000.0,0.68,22.0,-2.0,99.91,0.23,24.74,1.2,1214.0,2.71,4286.0,11.5,3097.0,16.65,1070.0,-12.58,595000.0,2.59,311.5,0.35,315.53,-1.12,3.3,75.24,35.89,-1.94,2026-10-07,Monthly,2026-08-01,County,"Tacoma, WA metro area",1289.0,23.59,3.24,0.04,30.07,2.94,376.0,-10.48
2026-10-07,Monthly,2024-01-01,2024-01-31,340,County,"San Francisco County, CA","San Francisco, CA metro area",231.0,5.0,1300000.0,4.0,67.0,5.0,99.84,-0.23,26.41,-0.41,555.0,7.35,1238.0,-5.78,880.0,-7.56,295.0,8.46,1250000.0,-7.39,920.57,-7.5,932.0,7.21,3.9,-53.5,43.73,11.38,2026-10-07,Monthly,2024-01-01,County,"San Francisco, CA metro area",109.0,-1.8,7.7,1.02,8.8,0.36,79.0,-1.25
2026-10-07,Monthly,2024-02-01,2024-02-29,340,County,"San Francisco County, CA","San Francisco, CA metro area",348.0,36.47,1382500.0,5.13,18.0,-6.0,103.7,3.21,46.26,10.58,621.0,18.51,1495.0,1.84,1054.0,0.09,417.0,12.1,1357500.0,4.42,973.25,1.18,1012.07,2.11,2.9,-92.63,41.73,2.75,2026-10-07,Monthly,2024-02-01,County,"San Francisco, CA metro area",135.0,-3.57,6.71,0.67,9.03,-0.51,40.0,-4.76
2026-10-07,Monthly,2024-03-01,2024-03-31,340,County,"San Francisco County, CA","San Francisco, CA metro area",391.0,-10.11,1440000.0,5.88,22.0,-7.0,105.1,2.11,49.1,4.97,636.0,1.44,1680.0,0.48,1133.0,-0.44,526.0,10.97,1295000.0,-0.38,945.45,-3.37,962.47,0.75,3.0,29.1,42.21,0.64,2026-10-07,Monthly,2024-03-01,County,"San Francisco, CA metro area",180.0,-21.74,6.82,0.24,10.71,-3.04,53.0,-32.05
2026-10-07,Monthly,2024-04-01,2024-04-30,340,County,"San Francisco County, CA","San Francisco, CA metro area",518.0,26.34,1400000.0,2.75,21.0,-4.0,106.78,4.06,51.74,8.32,729.0,21.7,1858.0,7.71,1273.0,6.62,510.0,12.83,1275000.0,-1.77,918.41,-2.38,1001.73,0.02,2.5,-45.47,40.2,-0.51,2026-10-07,Monthly,2024-04-01,County,"San Francisco, CA metro area",249.0,-0.4,7.09,0.2,13.4,-1.09,75.0,0.0
2026-10-07,Monthly,2024-05-01,2024-05-31,340,County,"San Francisco County, CA","San Francisco, CA metro area",522.0,13.23,1410500.0,0.75,22.0,-5.0,107.27,3.96,56.9,9.82,712.0,11.6,1975.0,8.16,1326.0,6.94,539.0,9.33,1295000.0,-0.34,931.96,-2.41,999.01,4.26,2.6,-15.46,37.66,-2.7,2026-10-07,Monthly,2024-05-01,County,"San Francisco, CA metro area",260.0,-5.45,6.3,-0.37,13.16,-1.9,78.0,-16.13
2026-10-07,Monthly,2024-06-01,2024-06-30,340,County,"San Francisco County, CA","San Francisco, CA metro area",397.0,-10.59,1460000.0,4.1,21.0,-3.0,107.01,2.68,54.66,3.31,501.0,-9.57,1819.0,1.73,1253.0,6.91,429.0,-5.92,1250000.0,-3.81,907.88,-6.17,988.3,1.1,3.2,51.65,40.79,2.85,2026-10-07,Monthly,2024-06-01,County,"San Francisco, CA metro area",263.0,3.95,6.66,0.08,14.46,0.31,62.0,-11.43
2026-10-07,Monthly,2024-07-01,2024-07-31,340,County,"San Francisco County, CA","San Francisco, CA metro area",453.0,25.48,1400500.0,3.74,24.0,-7.0,105.86,2.7,52.1,8.61,466.0,0.22,1707.0,4.79,1127.0,-3.43,407.0,25.23,1249500.0,4.13,912.5,1.39,970.3,3.47,2.6,-76.97,31.45,6.22,2026-10-07,Monthly,2024-07-01,County,"San Francisco, CA metro area",192.0,-7.69,6.9,0.46,11.25,-1.52,89.0,0.0
2026-10-07,Monthly,2024-08-01,2024-08-31,340,County,"San Francisco County, CA","San Francisco, CA metro area",385.0,10.95,1300000.0,-5.8,32.0,-3.0,104.74,1.62,47.01,2.06,501.0,2.45,1618.0,-1.64,1083.0,-1.9,389.0,22.33,1200000.0,-4.0,919.35,-2.16,970.15,1.41,2.9,-38.09,35.73,16.86,2026-10-07,Monthly,2024-08-01,County,"San Francisco, CA metro area",149.0,-15.34,6.54,-0.4,9.21,-1.49,69.0,-15.85
2026-10-07,Monthly,2024-09-01,2024-09-30,340,County,"San Francisco County, CA","San Francisco, CA metro area",329.0,0.0,1375000.0,1.1,25.0,-7.0,106.07,3.15,51.98,3.04,942.0,2.5,2012.0,0.15,1514.0,1.61,431.0,-4.65,1349000.0,-3.3,937.78,-2.05,982.14,4.22,4.6,7.29,38.98,-0.18,2026-10-07,Monthly,2024-09-01,County,"San Francisco, CA metro area",264.0,-10.51,6.26,-0.76,13.12,-1.56,50.0,6.38
2026-10-07,Monthly,2024-10-01,2024-10-31,340,County,"San Francisco County, CA","San Francisco, CA metro area",500.0,19.33,1540000.0,8.45,18.0,-6.0,107.42,3.38,58.6,9.2,625.0,8.32,2127.0,3.5,1484.0,-0.27,552.0,25.45,1295000.0,-2.26,914.56,-3.33,997.08,1.74,3.1,-60.28,37.68,7.45,2026-10-07,Monthly,2024-10-01,County,"San Francisco, CA metro area",308.0,-21.23,6.44,-0.29,14.48,-4.55,60.0,-17.81
2026-10-07,Monthly,2024-11-01,2024-11-30,340,County,"San Francisco County, CA","San Francisco, CA metro area",461.0,24.93,1350000.0,-3.57,33.0,0.0,104.01,0.45,48.81,5.72,305.0,26.03,1782.0,3.24,1175.0,-1.92,431.0,22.44,1237444.0,10.24,894.35,3.08,951.25,3.49,2.5,-69.78,24.13,0.55,2026-10-07,Monthly,2024-11-01,County,"San Francisco, CA metro area",166.0,-28.76,5.73,-1.3,9.32,-4.18,90.0,-4.26
2026-10-07,Monthly,2024-12-01,2024-12-31,340,County,"San Francisco County, CA","San Francisco, CA metro area",355.0,16.39,1370000.0,14.17,40.0,-9.0,104.03,3.46,42.54,11.39,173.0,58.72,1345.0,2.99,714.0,2.73,299.0,9.52,1099000.0,-0.09,899.95,-4.31,911.21,4.06,2.1,-27.63,17.06,0.94,2026-10-07,Monthly,2024-12-01,County,"San Francisco, CA metro area",79.0,11.27,5.59,-1.1,5.87,0.44,76.0,-20.0
2026-10-07,Monthly,2025-01-01,2025-01-31,340,County,"San Francisco County, CA","San Francisco, CA metro area",284.0,22.94,1265000.0,-2.69,52.0,-15.0,101.73,1.89,35.56,9.16,653.0,17.66,1358.0,9.69,940.0,6.82,366.0,24.07,1250000.0,0.0,916.51,-0.44,921.09,-1.17,3.4,-51.63,42.62,-1.11,2026-10-07,Monthly,2025-01-01,County,"San Francisco, CA metro area",106.0,-2.75,5.78,-1.92,7.81,-1.0,67.0,-15.19
2026-10-07,Monthly,2025-02-01,2025-02-28,340,County,"San Francisco County, CA","San Francisco, CA metro area",356.0,2.3,1392750.0,0.74,17.0,-1.0,106.14,2.44,54.21,7.95,611.0,-1.61,1544.0,3.28,1088.0,3.23,419.0,0.48,1298000.0,-4.38,939.09,-3.51,952.99,-5.84,2.9,-7.53,47.02,5.29,2026-10-07,Monthly,2025-02-01,County,"San Francisco, CA metro area",160.0,18.52,6.21,-0.5,10.36,1.33,42.0,5.0
2026-10-07,Monthly,2025-03-01,2025-03-31,340,County,"San Francisco County, CA","San Francisco, CA metro area",473.0,20.97,1418000.0,-1.53,19.0,-3.0,106.84,1.74,54.33,5.23,710.0,11.64,1780.0,5.95,1200.0,5.91,470.0,-10.65,1298000.0,0.23,922.12,-2.47,992.41,3.11,2.6,-37.27,47.45,5.24,2026-10-07,Monthly,2025-03-01,County,"San Francisco, CA metro area",186.0,3.33,6.31,-0.51,10.45,-0.26,61.0,15.09
2026-10-07,Monthly,2025-04-01,2025-04-30,340,County,"San Francisco County, CA","San Francisco, CA metro area",471.0,-9.07,1450000.0,3.57,18.0,-3.0,107.99,1.21,56.48,4.74,754.0,3.43,1946.0,4.74,1330.0,4.48,516.0,1.18,1375000.0,7.84,941.76,2.54,1020.63,1.89,2.8,36.63,44.38,4.18,2026-10-07,Monthly,2025-04-01,County,"San Francisco, CA metro area",253.0,1.61,6.35,-0.74,13.0,-0.4,58.0,-22.67
2026-10-07,Monthly,2025-05-01,2025-05-31,340,County,"San Francisco County, CA","San Francisco, CA metro area",506.0,-3.07,1548000.0,9.75,18.0,-5.0,106.86,-0.4,56.72,-0.18,731.0,2.67,2050.0,3.8,1398.0,5.43,554.0,2.78,1298000.0,0.23,899.91,-3.44,1004.5,0.55,2.9,23.0,46.75,9.09,2026-10-07,Monthly,2025-05-01,County,"San Francisco, CA metro area",294.0,13.08,6.76,0.46,14.34,1.18,75.0,-3.85
2026-10-07,Monthly,2025-06-01,2025-06-30,340,County,"San Francisco County, CA","San Francisco, CA metro area",500.0,25.94,1469000.0,0.62,24.0,3.0,106.62,-0.4,55.6,0.94,485.0,-3.19,1876.0,3.13,1223.0,-2.39,480.0,11.89,1195000.0,-4.4,900.19,-0.85,973.09,-1.54,2.4,-71.02,36.88,-3.92,2026-10-07,Monthly,2025-06-01,County,"San Francisco, CA metro area",234.0,-11.03,6.57,-0.1,12.47,-1.99,83.0,33.87
2026-10-07,Monthly,2025-07-01,2025-07-31,340,County,"San Francisco County, CA","San Francisco, CA metro area",460.0,1.55,1422500.0,1.57,27.0,4.0,105.41,-0.45,45.65,-6.44,444.0,-4.72,1662.0,-2.64,1058.0,-6.12,422.0,3.69,1188000.0,-4.92,854.3,-6.38,948.01,-2.3,2.4,-19.41,30.57,-0.88,2026-10-07,Monthly,2025-07-01,County,"San Francisco, CA metro area",159.0,-17.19,6.5,-0.4,9.57,-1.68,111.0,24.72
2026-10-07,Monthly,2025-08-01,2025-08-31,340,County,"San Francisco County, CA","San Francisco, CA metro area",398.0,3.38,1302500.0,0.19,35.0,3.0,105.22,0.48,42.96,-4.05,458.0,-8.58,1511.0,-6.61,962.0,-11.17,418.0,7.46,1199000.0,-0.08,886.32,-3.59,909.96,-6.2,2.5,-40.91,36.36,0.63,2026-10-07,Monthly,2025-08-01,County,"San Francisco, CA metro area",139.0,-6.71,6.51,-0.03,9.2,-0.01,84.0,21.74
2026-10-07,Monthly,2025-09-01,2025-09-30,340,County,"San Francisco County, CA","San Francisco, CA metro area",454.0,37.99,1397000.0,1.6,18.0,-7.0,107.17,1.1,53.74,1.77,883.0,-6.26,1839.0,-8.6,1171.0,-22.66,594.0,37.82,1349000.0,0.0,949.45,1.24,993.04,1.11,2.6,-202.25,47.64,8.66,2026-10-07,Monthly,2025-09-01,County,"San Francisco, CA metro area",192.0,-27.27,6.13,-0.13,10.44,-2.68,81.0,62.0
2026-10-07,Monthly,2025-10-01,2025-10-31,340,County,"San Francisco County, CA","San Francisco, CA metro area",625.0,25.0,1475000.0,-4.22,18.0,0.0,108.54,1.12,58.24,-0.36,581.0,-7.04,1738.0,-18.29,1056.0,-28.84,620.0,12.32,1349000.0,4.17,919.12,0.5,1019.2,2.22,1.7,-132.1,41.29,3.61,2026-10-07,Monthly,2025-10-01,County,"San Francisco, CA metro area",180.0,-41.56,6.14,-0.3,10.36,-4.12,94.0,56.67
2026-10-07,Monthly,2025-11-01,2025-11-30,340,County,"San Francisco County, CA","San Francisco, CA metro area",463.0,0.43,1488000.0,10.22,22.0,-11.0,107.7,3.69,57.02,8.21,305.0,0.0,1353.0,-24.07,794.0,-32.43,418.0,-3.02,1295000.0,4.65,876.98,-1.94,1024.19,7.67,1.7,-83.39,42.11,17.98,2026-10-07,Monthly,2025-11-01,County,"San Francisco, CA metro area",103.0,-37.95,7.52,1.79,7.61,-1.7,71.0,-21.11
2026-10-07,Monthly,2025-12-01,2025-12-31,340,County,"San Francisco County, CA","San Francisco, CA metro area",403.0,13.52,1400000.0,2.19,34.0,-6.0,105.55,1.52,43.67,1.14,163.0,-5.78,954.0,-29.07,511.0,-28.43,265.0,-11.37,1195000.0,8.74,901.48,0.17,971.43,6.61,1.3,-76.81,26.79,9.74,2026-10-07,Monthly,2025-12-01,County,"San Francisco, CA metro area",54.0,-31.65,7.12,1.53,5.66,-0.21,97.0,27.63
2026-10-07,Monthly,2026-01-01,2026-01-31,340,County,"San Francisco County, CA","San Francisco, CA metro area",223.0,-21.48,1300000.0,2.77,41.0,-11.0,105.73,4.0,43.95,8.38,578.0,-11.49,1080.0,-20.47,718.0,-23.62,270.0,-26.23,1295000.0,3.6,952.3,3.9,888.42,-3.55,3.3,-9.31,57.04,14.41,2026-10-07,Monthly,2026-01-01,County,"San Francisco, CA metro area",71.0,-33.02,5.86,0.08,6.57,-1.23,48.0,-28.36
2026-10-07,Monthly,2026-02-01,2026-02-28,340,County,"San Francisco County, CA","San Francisco, CA metro area",362.0,1.69,1500000.0,7.7,14.0,-3.0,109.46,3.33,64.36,10.15,598.0,-2.13,1311.0,-15.09,864.0,-20.59,441.0,5.25,1295000.0,-0.23,984.71,4.86,1078.96,13.22,2.2,-62.48,55.78,8.77,2026-10-07,Monthly,2026-02-01,County,"San Francisco, CA metro area",61.0,-61.88,6.56,0.35,4.65,-5.71,32.0,-23.81
2026-10-07,Monthly,2026-03-01,2026-03-31,340,County,"San Francisco County, CA","San Francisco, CA metro area",490.0,3.59,1700000.0,19.89,13.0,-6.0,113.69,6.86,68.78,14.44,796.0,12.11,1653.0,-7.13,1010.0,-15.83,552.0,17.45,1382250.0,6.49,988.52,7.2,1122.14,13.07,2.1,-49.16,60.87,13.42,2026-10-07,Monthly,2026-03-01,County,"San Francisco, CA metro area",128.0,-31.18,6.88,0.57,7.74,-2.71,39.0,-36.07
2026-10-07,Monthly,2026-04-01,2026-04-30,340,County,"San Francisco County, CA","San Francisco, CA metro area",580.0,23.14,1658000.0,14.34,15.0,-3.0,115.25,7.26,66.9,10.42,756.0,0.27,1757.0,-9.71,1065.0,-19.92,602.0,16.67,1398000.0,1.67,990.57,5.18,1119.1,9.65,1.8,-98.76,52.49,8.11,2026-10-07,Monthly,2026-04-01,County,"San Francisco, CA metro area",148.0,-41.5,6.62,0.27,8.42,-4.58,51.0,-12.07
2026-10-07,Monthly,2026-05-01,2026-05-31,340,County,"San Francisco County, CA","San Francisco, CA metro area",585.0,15.61,1770000.0,14.34,15.0,-3.0,115.2,8.34,69.06,12.34,681.0,-6.84,1740.0,-15.12,1013.0,-27.54,647.0,16.79,1395000.0,7.47,959.26,6.59,1136.36,13.13,1.8,-106.56,46.21,-0.54,2026-10-07,Monthly,2026-05-01,County,"San Francisco, CA metro area",135.0,-54.08,6.97,0.21,7.76,-6.58,43.0,-42.67
2026-10-07,Monthly,2026-06-01,2026-06-30,340,County,"San Francisco County, CA","San Francisco, CA metro area",629.0,25.8,1690000.0,15.04,20.0,-4.0,115.43,8.82,69.95,14.35,518.0,6.8,1522.0,-18.87,819.0,-33.03,609.0,26.88,1337000.0,11.88,951.65,5.72,1132.93,16.43,1.3,-114.39,43.51,6.64,2026-10-07,Monthly,2026-06-01,County,"San Francisco, CA metro area",111.0,-52.56,6.38,-0.19,7.29,-5.18,64.0,-22.89
2026-10-07,Monthly,2026-07-01,2026-07-31,340,County,"San Francisco County, CA","San Francisco, CA metro area",508.0,10.43,1505000.0,5.8,21.0,-6.0,112.8,7.39,64.96,19.31,494.0,11.26,1307.0,-21.36,780.0,-26.28,384.0,-9.0,1271500.0,7.03,942.03,10.27,1091.98,15.19,1.6,-79.01,42.71,12.14,2026-10-07,Monthly,2026-07-01,County,"San Francisco, CA metro area",93.0,-41.51,7.96,1.46,7.12,-2.45,51.0,-54.05
2026-10-07,Monthly,2026-08-01,2026-08-31,340,County,"San Francisco County, CA","San Francisco, CA metro area",418.0,5.03,1525000.0,17.08,18.0,-17.0,112.85,7.63,65.07,22.11,527.0,15.07,1303.0,-13.77,792.0,-17.67,425.0,1.67,1299000.0,8.34,963.21,8.68,1067.77,17.34,2.0,-53.98,51.76,15.4,2026-10-07,Monthly,2026-08-01,County,"San Francisco, CA metro area",74.0,-46.76,8.08,1.57,5.68,-3.52,45.0,-46.43
2026-10-07,Monthly,2024-01-01,2024-01-31,343,County,"San Mateo County, CA","San Francisco, CA metro area",221.0,-1.78,1558000.0,16.88,42.0,1.0,99.47,1.0,30.32,3.21,376.0,20.51,804.0,-2.07,510.0,-7.44,245.0,7.93,1599500.0,-3.5,979.51,-1.62,898.24,-0.57,2.4,-14.59,26.53,12.43,2026-10-07,Monthly,2024-01-01,County,"San Francisco, CA metro area",61.0,-37.76,6.47,1.4,7.59,-4.35,19.0,-17.39
2026-10-07,Monthly,2024-02-01,2024-02-29,343,County,"San Mateo County, CA","San Francisco, CA metro area",311.0,19.16,1525000.0,-2.56,15.0,-9.0,103.21,4.04,52.41,17.55,448.0,24.44,952.0,4.62,567.0,3.85,317.0,11.62,1499500.0,-4.79,971.3,4.56,962.48,-0.16,1.8,-19.01,25.24,1.65,2026-10-07,Monthly,2024-02-01,County,"San Francisco, CA metro area",73.0,-19.78,5.58,0.09,7.67,-2.33,12.0,-47.83
2026-10-07,Monthly,2024-03-01,2024-03-31,343,County,"San Mateo County, CA","San Francisco, CA metro area",372.0,-0.27,1626500.0,8.72,13.0,-5.0,104.69,3.22,59.41,15.98,539.0,27.42,1103.0,15.02,605.0,5.77,388.0,6.3,1588000.0,2.45,993.04,-0.99,1056.62,10.14,1.7,9.59,25.77,7.42,2026-10-07,Monthly,2024-03-01,County,"San Francisco, CA metro area",101.0,-12.93,5.79,0.28,9.16,-2.94,10.0,-41.18
2026-10-07,Monthly,2024-04-01,2024-04-30,343,County,"San Mateo County, CA","San Francisco, CA metro area",451.0,45.48,1685000.0,8.71,11.0,-5.0,106.01,3.74,66.74,17.71,597.0,15.7,1193.0,10.67,720.0,12.5,459.0,30.4,1749000.0,9.32,996.06,3.26,1082.58,9.98,1.6,-46.81,22.0,-1.29,2026-10-07,Monthly,2024-04-01,County,"San Francisco, CA metro area",132.0,17.86,5.81,-0.16,11.06,0.67,10.0,-47.37
2026-10-07,Monthly,2024-05-01,2024-05-31,343,County,"San Mateo County, CA","San Francisco, CA metro area",510.0,11.6,1870000.0,18.73,12.0,-1.0,105.73,1.94,65.49,5.1,673.0,24.17,1383.0,18.21,807.0,20.99,522.0,12.99,1598000.0,-4.31,982.1,-0.17,1077.44,8.58,1.6,12.69,18.97,-3.55,2026-10-07,Monthly,2024-05-01,County,"San Francisco, CA metro area",155.0,22.05,6.08,0.09,11.21,0.35,10.0,-47.37
2026-10-07,Monthly,2024-06-01,2024-06-30,343,County,"San Mateo County, CA","San Francisco, CA metro area",469.0,-7.5,1720000.0,1.47,14.0,1.0,105.67,2.85,63.33,9.28,512.0,-4.3,1305.0,10.41,813.0,19.38,482.0,-3.41,1550000.0,-2.82,973.17,1.67,1078.31,6.87,1.7,39.03,18.67,0.24,2026-10-07,Monthly,2024-06-01,County,"San Francisco, CA metro area",162.0,3.85,5.62,-0.38,12.41,-0.78,23.0,15.0
2026-10-07,Monthly,2024-07-01,2024-07-31,343,County,"San Mateo County, CA","San Francisco, CA metro area",428.0,13.23,1705000.0,9.36,17.0,2.0,104.33,0.87,57.24,1.16,504.0,12.75,1314.0,17.22,828.0,22.3,415.0,6.68,1495000.0,0.0,944.15,-1.62,1026.95,2.39,2.0,14.84,12.77,-3.94,2026-10-07,Monthly,2024-07-01,County,"San Francisco, CA metro area",178.0,16.34,5.64,-0.32,13.55,-0.1,23.0,91.67
2026-10-07,Monthly,2024-08-01,2024-08-31,343,County,"San Mateo County, CA","San Francisco, CA metro area",454.0,5.83,1603000.0,3.82,19.0,3.0,104.01,1.53,58.81,8.93,536.0,3.47,1351.0,13.62,816.0,19.47,495.0,11.99,1498000.0,-0.07,954.75,3.16,1012.16,2.99,1.9,21.21,15.35,-2.75,2026-10-07,Monthly,2024-08-01,County,"San Francisco, CA metro area",171.0,3.01,5.53,-0.09,12.66,-1.3,17.0,-37.04
2026-10-07,Monthly,2024-09-01,2024-09-30,343,County,"San Mateo County, CA","San Francisco, CA metro area",462.0,12.68,1562500.0,2.29,20.0,2.0,104.03,1.48,56.06,1.43,585.0,-6.1,1388.0,7.02,896.0,6.79,471.0,9.53,1592500.0,-2.18,976.13,-0.46,971.68,-2.57,1.9,-10.69,14.23,-5.08,2026-10-07,Monthly,2024-09-01,County,"San Francisco, CA metro area",177.0,-7.81,5.3,-0.67,12.75,-2.05,24.0,50.0
2026-10-07,Monthly,2024-10-01,2024-10-31,343,County,"San Mateo County, CA","San Francisco, CA metro area",484.0,19.8,1599500.0,-2.17,17.0,1.0,103.94,1.64,56.61,4.14,508.0,11.89,1383.0,7.96,819.0,-2.73,482.0,24.23,1654500.0,6.13,948.91,-1.81,1005.97,-0.41,1.7,-40.51,14.94,2.57,2026-10-07,Monthly,2024-10-01,County,"San Francisco, CA metro area",165.0,-26.34,5.71,-0.22,11.93,-5.56,21.0,-8.7
2026-10-07,Monthly,2024-11-01,2024-11-30,343,County,"San Mateo County, CA","San Francisco, CA metro area",415.0,11.26,1670000.0,7.6,19.0,-4.0,103.32,1.46,54.7,5.37,257.0,-5.17,1073.0,-3.33,646.0,-7.05,414.0,12.81,1465000.0,1.81,918.52,-2.78,990.74,1.12,1.6,-30.66,12.56,1.39,2026-10-07,Monthly,2024-11-01,County,"San Francisco, CA metro area",110.0,-39.89,5.85,0.16,10.25,-6.23,23.0,35.29
2026-10-07,Monthly,2024-12-01,2024-12-31,343,County,"San Mateo County, CA","San Francisco, CA metro area",359.0,9.79,1450000.0,1.75,33.0,4.0,102.61,1.55,49.86,10.41,131.0,13.91,771.0,-4.81,432.0,-1.14,331.0,1.53,1499000.0,9.02,919.36,6.41,934.21,0.02,1.2,-13.75,11.48,3.81,2026-10-07,Monthly,2024-12-01,County,"San Francisco, CA metro area",42.0,-6.67,4.62,-1.33,5.45,-0.11,26.0,4.0
2026-10-07,Monthly,2025-01-01,2025-01-31,343,County,"San Mateo County, CA","San Francisco, CA metro area",222.0,0.45,1589000.0,1.99,35.0,-7.0,102.21,2.74,46.85,16.53,402.0,6.91,827.0,2.86,561.0,10.0,284.0,15.92,1533500.0,-4.13,937.25,-4.31,939.23,4.56,2.6,22.66,29.58,3.05,2026-10-07,Monthly,2025-01-01,County,"San Francisco, CA metro area",64.0,4.92,6.05,-0.42,7.74,0.15,16.0,-15.79
2026-10-07,Monthly,2025-02-01,2025-02-28,343,County,"San Mateo County, CA","San Francisco, CA metro area",280.0,-9.97,1700000.0,11.48,13.0,-2.0,105.22,2.01,60.71,8.3,497.0,10.94,1049.0,10.19,691.0,21.87,359.0,13.25,1497000.0,-0.17,939.3,-3.29,1022.08,6.19,2.3,54.1,49.86,24.62,2026-10-07,Monthly,2025-02-01,County,"San Francisco, CA metro area",89.0,21.92,6.97,1.39,8.48,0.82,17.0,41.67
2026-10-07,Monthly,2025-03-01,2025-03-31,343,County,"San Mateo County, CA","San Francisco, CA metro area",386.0,3.76,1627500.0,0.06,12.0,-1.0,106.42,1.73,65.8,6.39,601.0,11.5,1281.0,16.14,777.0,28.43,347.0,-10.57,1590000.0,0.13,977.54,-1.56,1051.58,-0.48,2.1,39.95,47.26,21.49,2026-10-07,Monthly,2025-03-01,County,"San Francisco, CA metro area",168.0,66.34,5.68,-0.11,13.11,3.96,20.0,100.0
2026-10-07,Monthly,2025-04-01,2025-04-30,343,County,"San Mateo County, CA","San Francisco, CA metro area",506.0,12.2,1675000.0,-0.59,12.0,1.0,105.09,-0.92,61.86,-4.88,668.0,11.89,1431.0,19.95,877.0,21.81,488.0,6.32,1599000.0,-8.58,971.43,-2.47,1049.38,-3.07,1.7,13.67,58.81,36.81,2026-10-07,Monthly,2025-04-01,County,"San Francisco, CA metro area",206.0,56.06,5.53,-0.28,14.4,3.33,38.0,280.0
2026-10-07,Monthly,2025-05-01,2025-05-31,343,County,"San Mateo County, CA","San Francisco, CA metro area",498.0,-2.35,1750000.0,-6.42,14.0,2.0,104.03,-1.69,56.22,-9.27,625.0,-7.13,1487.0,7.52,917.0,13.63,513.0,-1.72,1745000.0,9.2,1014.66,3.32,1038.46,-3.62,1.9,26.76,48.15,29.18,2026-10-07,Monthly,2025-05-01,County,"San Francisco, CA metro area",241.0,55.48,5.56,-0.52,16.21,5.0,58.0,480.0
2026-10-07,Monthly,2025-06-01,2025-06-30,343,County,"San Mateo County, CA","San Francisco, CA metro area",455.0,-2.99,1730000.0,0.58,16.0,2.0,102.42,-3.26,53.19,-10.14,516.0,0.78,1420.0,8.81,860.0,5.78,475.0,-1.45,1533944.0,-1.04,997.95,2.55,1058.43,-1.84,1.9,15.66,42.32,23.64,2026-10-07,Monthly,2025-06-01,County,"San Francisco, CA metro area",245.0,51.23,5.77,0.15,17.25,4.84,84.0,265.22
2026-10-07,Monthly,2025-07-01,2025-07-31,343,County,"San Mateo County, CA","San Francisco, CA metro area",458.0,7.01,1689000.0,-0.94,19.0,2.0,101.83,-2.5,46.51,-10.74,493.0,-2.18,1341.0,2.05,811.0,-2.05,445.0,7.23,1588000.0,6.22,974.71,3.24,1065.53,3.76,1.8,-16.93,39.55,26.78,2026-10-07,Monthly,2025-07-01,County,"San Francisco, CA metro area",196.0,10.11,5.6,-0.05,14.62,1.07,96.0,317.39
2026-10-07,Monthly,2025-08-01,2025-08-31,343,County,"San Mateo County, CA","San Francisco, CA metro area",426.0,-6.17,1650000.0,2.93,22.0,3.0,101.62,-2.39,43.19,-15.62,470.0,-12.31,1272.0,-5.85,744.0,-8.82,498.0,0.61,1588000.0,6.01,976.04,2.23,1000.0,-1.2,1.8,-5.26,42.37,27.02,2026-10-07,Monthly,2025-08-01,County,"San Francisco, CA metro area",197.0,15.2,5.38,-0.16,15.49,2.83,90.0,429.41
2026-10-07,Monthly,2025-09-01,2025-09-30,343,County,"San Mateo County, CA","San Francisco, CA metro area",472.0,2.16,1641000.0,5.02,19.0,-1.0,102.22,-1.81,45.13,-10.93,609.0,4.1,1345.0,-3.1,840.0,-6.25,482.0,2.34,1645800.0,3.35,984.46,0.85,1016.13,4.57,1.8,-15.97,48.76,34.53,2026-10-07,Monthly,2025-09-01,County,"San Francisco, CA metro area",220.0,24.29,5.5,0.2,16.36,3.6,106.0,341.67
2026-10-07,Monthly,2025-10-01,2025-10-31,343,County,"San Mateo County, CA","San Francisco, CA metro area",533.0,10.12,1655000.0,3.47,15.0,-2.0,103.73,-0.21,52.91,-3.7,559.0,10.04,1392.0,0.65,781.0,-4.64,570.0,18.26,1595000.0,-3.6,976.52,2.91,1033.65,2.75,1.5,-23.44,42.63,27.69,2026-10-07,Monthly,2025-10-01,County,"San Francisco, CA metro area",237.0,43.64,5.57,-0.14,17.03,5.1,93.0,342.86
2026-10-07,Monthly,2025-11-01,2025-11-30,343,County,"San Mateo County, CA","San Francisco, CA metro area",439.0,5.78,1572500.0,-5.84,19.0,0.0,103.29,-0.03,49.43,-5.27,267.0,3.89,1046.0,-2.52,592.0,-8.36,406.0,-1.93,1400000.0,-4.44,946.92,3.09,971.61,-1.93,1.3,-20.81,35.47,22.91,2026-10-07,Monthly,2025-11-01,County,"San Francisco, CA metro area",138.0,25.45,5.88,0.03,13.19,2.94,99.0,330.43
2026-10-07,Monthly,2025-12-01,2025-12-31,343,County,"San Mateo County, CA","San Francisco, CA metro area",394.0,9.75,1510000.0,4.14,25.0,-8.0,102.2,-0.41,42.13,-7.73,158.0,20.61,748.0,-2.98,353.0,-18.29,241.0,-27.19,1398444.0,-6.71,934.53,1.65,966.59,3.47,0.9,-31.77,32.37,20.88,2026-10-07,Monthly,2025-12-01,County,"San Francisco, CA metro area",61.0,45.24,6.44,1.82,8.16,2.71,109.0,319.23
2026-10-07,Monthly,2026-01-01,2026-01-31,343,County,"San Mateo County, CA","San Francisco, CA metro area",224.0,0.9,1549250.0,-2.5,23.0,-12.0,101.75,-0.46,42.41,-4.44,447.0,11.19,792.0,-4.23,500.0,-10.87,246.0,-13.38,1550000.0,1.08,970.23,3.52,952.21,1.38,2.3,-30.47,58.13,28.55,2026-10-07,Monthly,2026-01-01,County,"San Francisco, CA metro area",57.0,-10.94,4.97,-1.08,7.2,-0.54,50.0,212.5
2026-10-07,Monthly,2026-02-01,2026-02-28,343,County,"San Mateo County, CA","San Francisco, CA metro area",308.0,10.0,1575000.0,-7.35,13.0,0.0,104.79,-0.43,57.79,-2.92,517.0,4.02,1013.0,-3.43,614.0,-11.14,398.0,10.86,1598444.0,6.78,960.45,2.25,1026.17,0.4,1.9,-44.27,63.32,13.46,2026-10-07,Monthly,2026-02-01,County,"San Francisco, CA metro area",102.0,14.61,5.74,-1.23,10.07,1.58,38.0,123.53
2026-10-07,Monthly,2026-03-01,2026-03-31,343,County,"San Mateo County, CA","San Francisco, CA metro area",421.0,9.07,1755000.0,7.83,12.0,0.0,106.69,0.27,64.37,-1.43,684.0,13.81,1295.0,1.09,748.0,-3.73,501.0,44.38,1598000.0,0.5,973.49,-0.41,1064.36,1.21,1.8,-24.41,58.68,11.42,2026-10-07,Monthly,2026-03-01,County,"San Francisco, CA metro area",169.0,0.6,6.0,0.32,13.05,-0.06,34.0,70.0
2026-10-07,Monthly,2026-04-01,2026-04-30,343,County,"San Mateo County, CA","San Francisco, CA metro area",548.0,8.3,1771500.0,5.76,13.0,1.0,105.27,0.18,59.12,-2.73,672.0,0.6,1415.0,-1.12,811.0,-7.53,550.0,12.7,1649500.0,3.16,1008.33,3.8,1089.47,3.82,1.5,-25.33,56.18,-2.63,2026-10-07,Monthly,2026-04-01,County,"San Francisco, CA metro area",211.0,2.43,5.78,0.24,14.91,0.52,61.0,60.53
2026-10-07,Monthly,2026-05-01,2026-05-31,343,County,"San Mateo County, CA","San Francisco, CA metro area",500.0,0.4,1795000.0,2.57,14.0,0.0,105.44,1.4,59.0,2.78,613.0,-1.92,1420.0,-4.51,805.0,-12.21,554.0,7.99,1699000.0,-2.64,1030.72,1.58,1082.61,4.25,1.7,-23.91,48.74,0.59,2026-10-07,Monthly,2026-05-01,County,"San Francisco, CA metro area",202.0,-16.18,5.83,0.27,14.23,-1.98,84.0,44.83
2026-10-07,Monthly,2026-06-01,2026-06-30,343,County,"San Mateo County, CA","San Francisco, CA metro area",556.0,22.2,1800000.0,4.05,15.0,-1.0,105.33,2.91,59.71,6.53,527.0,2.13,1330.0,-6.34,745.0,-13.37,523.0,10.11,1650000.0,7.57,1019.46,2.16,1109.33,4.81,1.3,-55.02,44.55,2.23,2026-10-07,Monthly,2026-06-01,County,"San Francisco, CA metro area",180.0,-26.53,5.89,0.12,13.53,-3.72,84.0,0.0
2026-10-07,Monthly,2026-07-01,2026-07-31,343,County,"San Mateo County, CA","San Francisco, CA metro area",492.0,7.42,1675500.0,-0.8,19.0,0.0,104.4,2.57,50.0,3.49,491.0,-0.41,1231.0,-8.2,715.0,-11.84,455.0,2.25,1548000.0,-2.52,976.59,0.19,1084.34,1.77,1.5,-32.81,44.84,5.28,2026-10-07,Monthly,2026-07-01,County,"San Francisco, CA metro area",201.0,2.55,6.09,0.49,16.33,1.71,99.0,3.13
2026-10-07,Monthly,2026-08-01,2026-08-31,343,County,"San Mateo County, CA","San Francisco, CA metro area",450.0,5.63,1671250.0,1.29,15.0,-7.0,104.68,3.06,51.33,8.14,490.0,4.26,1201.0,-5.58,684.0,-8.06,451.0,-9.44,1598500.0,0.66,1005.35,3.0,1035.26,3.53,1.6,-23.4,47.89,5.52,2026-10-07,Monthly,2026-08-01,County,"San Francisco, CA metro area",166.0,-15.74,5.96,0.59,13.82,-1.67,85.0,-5.56
2026-10-07,Monthly,2024-01-01,2024-01-31,345,County,"Santa Clara County, CA","San Jose, CA metro area",537.0,20.67,1450000.0,8.91,24.0,-10.0,102.39,3.74,50.84,18.93,833.0,20.72,1562.0,-5.62,872.0,-19.03,573.0,19.62,1399000.0,7.62,859.72,2.31,869.79,8.61,1.7,-82.29,23.91,8.46,2026-10-07,Monthly,2024-01-01,County,"San Jose, CA metro area",100.0,-41.52,4.42,-0.53,6.4,-3.93,20.0,-41.18
2026-10-07,Monthly,2024-02-01,2024-02-29,345,County,"Santa Clara County, CA","San Jose, CA metro area",719.0,26.81,1460000.0,14.51,10.0,-9.0,105.77,4.96,65.92,18.83,1075.0,25.29,1942.0,0.73,1006.0,-5.89,734.0,22.54,1499999.0,1.56,937.09,6.05,896.5,11.93,1.4,-40.71,24.66,1.62,2026-10-07,Monthly,2024-02-01,County,"San Jose, CA metro area",116.0,-31.36,6.05,1.0,5.97,-2.79,29.0,-21.62
2026-10-07,Monthly,2024-03-01,2024-03-31,345,County,"Santa Clara County, CA","San Jose, CA metro area",970.0,2.97,1633500.0,15.44,9.0,-5.0,107.51,5.31,72.78,17.26,1350.0,19.05,2347.0,7.27,1057.0,-5.63,1051.0,7.68,1499000.0,3.38,909.75,4.13,980.39,10.98,1.1,-10.26,26.36,6.89,2026-10-07,Monthly,2024-03-01,County,"San Jose, CA metro area",177.0,-15.71,5.36,-0.17,7.54,-2.06,28.0,-28.21
2026-10-07,Monthly,2024-04-01,2024-04-30,345,County,"Santa Clara County, CA","San Jose, CA metro area",1192.0,39.42,1688000.0,12.53,9.0,-1.0,108.86,4.9,76.43,13.97,1665.0,48.66,2717.0,22.22,1429.0,21.82,1217.0,33.88,1500000.0,1.39,923.02,3.3,1016.85,12.36,1.2,-17.31,21.77,0.43,2026-10-07,Monthly,2024-04-01,County,"San Jose, CA metro area",283.0,50.53,6.16,0.83,10.42,1.96,15.0,-34.78
2026-10-07,Monthly,2024-05-01,2024-05-31,345,County,"Santa Clara County, CA","San Jose, CA metro area",1390.0,19.11,1680000.0,11.18,10.0,-1.0,107.4,2.79,75.68,10.3,1750.0,36.08,3170.0,30.51,1651.0,44.44,1420.0,20.34,1499888.0,0.74,913.71,3.45,1009.29,9.62,1.2,21.53,20.21,-0.3,2026-10-07,Monthly,2024-05-01,County,"San Jose, CA metro area",361.0,51.68,5.43,-0.44,11.39,1.59,38.0,2.7
2026-10-07,Monthly,2024-06-01,2024-06-30,345,County,"Santa Clara County, CA","San Jose, CA metro area",1203.0,4.43,1630000.0,5.43,12.0,1.0,105.98,1.57,71.82,5.07,1403.0,27.08,3041.0,37.54,1791.0,67.7,1200.0,4.53,1499000.0,5.19,908.78,3.38,992.58,8.32,1.5,56.17,16.58,-0.58,2026-10-07,Monthly,2024-06-01,County,"San Jose, CA metro area",353.0,41.77,5.45,-0.48,11.61,0.35,42.0,2.44
2026-10-07,Monthly,2024-07-01,2024-07-31,345,County,"Santa Clara County, CA","San Jose, CA metro area",1153.0,28.83,1600000.0,6.67,14.0,3.0,104.1,-0.64,65.65,0.63,1220.0,18.68,2994.0,43.87,1725.0,58.11,1156.0,29.02,1490000.0,2.87,899.25,3.34,959.23,4.34,1.5,28.63,16.0,-2.63,2026-10-07,Monthly,2024-07-01,County,"San Jose, CA metro area",365.0,61.5,4.86,-0.42,12.19,1.33,39.0,14.71
2026-10-07,Monthly,2024-08-01,2024-08-31,345,County,"Santa Clara County, CA","San Jose, CA metro area",1128.0,5.82,1562000.0,2.73,17.0,6.0,103.75,-0.65,59.66,-6.1,1204.0,1.09,2915.0,28.3,1687.0,47.85,1130.0,2.08,1498000.0,4.17,912.08,4.78,953.31,3.61,1.5,43.94,14.69,-4.55,2026-10-07,Monthly,2024-08-01,County,"San Jose, CA metro area",370.0,22.52,5.54,0.7,12.69,-0.6,35.0,20.69
2026-10-07,Monthly,2024-09-01,2024-09-30,345,County,"Santa Clara County, CA","San Jose, CA metro area",968.0,8.16,1550000.0,2.11,15.0,4.0,103.68,-0.97,60.85,-8.76,1338.0,16.45,3003.0,31.71,1875.0,47.64,1019.0,13.6,1500000.0,5.63,923.3,5.77,947.22,3.01,1.9,51.8,17.08,0.69,2026-10-07,Monthly,2024-09-01,County,"San Jose, CA metro area",398.0,42.65,4.92,-0.42,13.25,1.02,49.0,53.13
2026-10-07,Monthly,2024-10-01,2024-10-31,345,County,"Santa Clara County, CA","San Jose, CA metro area",1113.0,17.41,1670000.0,8.13,14.0,1.0,104.87,0.96,63.88,-0.36,1167.0,16.58,3020.0,33.63,1735.0,33.26,1123.0,17.47,1499888.0,5.26,912.82,4.14,978.08,9.13,1.6,19.16,14.51,-0.13,2026-10-07,Monthly,2024-10-01,County,"San Jose, CA metro area",380.0,18.01,4.96,-0.01,12.58,-1.67,55.0,37.5
2026-10-07,Monthly,2024-11-01,2024-11-30,345,County,"Santa Clara County, CA","San Jose, CA metro area",1036.0,27.9,1572500.0,8.45,20.0,5.0,103.68,0.65,58.69,2.02,644.0,-9.8,2370.0,18.15,1359.0,24.0,1045.0,32.45,1494303.0,3.06,892.82,-0.65,930.44,4.16,1.3,-4.13,12.06,-0.87,2026-10-07,Monthly,2024-11-01,County,"San Jose, CA metro area",191.0,-17.67,5.03,-0.16,8.06,-3.51,42.0,27.27
2026-10-07,Monthly,2024-12-01,2024-12-31,345,County,"Santa Clara County, CA","San Jose, CA metro area",892.0,29.28,1502000.0,5.18,28.0,8.0,103.04,1.11,51.23,-0.22,384.0,6.67,1741.0,19.82,990.0,35.25,824.0,19.77,1486500.0,14.35,927.13,13.93,920.44,1.65,1.1,5.06,10.44,-1.92,2026-10-07,Monthly,2024-12-01,County,"San Jose, CA metro area",109.0,23.86,5.6,1.3,6.26,0.2,48.0,33.33
2026-10-07,Monthly,2025-01-01,2025-01-31,345,County,"Santa Clara County, CA","San Jose, CA metro area",590.0,9.87,1522000.0,4.97,24.0,0.0,103.15,0.76,54.24,3.4,1037.0,24.49,2021.0,29.39,1271.0,45.76,845.0,47.47,1498000.0,7.08,898.4,4.5,917.11,5.44,2.2,54.81,36.8,12.9,2026-10-07,Monthly,2025-01-01,County,"San Jose, CA metro area",147.0,47.0,4.55,0.13,7.27,0.87,22.0,10.0
2026-10-07,Monthly,2025-02-01,2025-02-28,345,County,"Santa Clara County, CA","San Jose, CA metro area",726.0,0.97,1627500.0,11.47,10.0,0.0,106.95,1.18,67.91,1.98,1305.0,21.4,2565.0,32.08,1583.0,57.36,874.0,19.07,1499888.0,-0.01,936.03,-0.11,942.73,5.16,2.0,68.26,55.72,31.06,2026-10-07,Monthly,2025-02-01,County,"San Jose, CA metro area",202.0,74.14,5.55,-0.5,7.88,1.9,43.0,48.28
2026-10-07,Monthly,2025-03-01,2025-03-31,345,County,"Santa Clara County, CA","San Jose, CA metro area",1020.0,5.15,1672500.0,2.39,10.0,1.0,106.32,-1.19,71.76,-1.02,1555.0,15.19,3119.0,32.89,1835.0,73.6,896.0,-14.75,1598000.0,6.6,945.0,3.87,1025.48,4.6,1.9,73.3,43.53,17.17,2026-10-07,Monthly,2025-03-01,County,"San Jose, CA metro area",386.0,118.08,5.57,0.21,12.38,4.83,47.0,67.86
2026-10-07,Monthly,2025-04-01,2025-04-30,345,County,"Santa Clara County, CA","San Jose, CA metro area",1186.0,-0.5,1750000.0,3.67,11.0,2.0,105.64,-3.22,67.28,-9.14,1585.0,-4.8,3389.0,24.73,2036.0,42.48,1089.0,-10.52,1599500.0,6.63,935.27,1.33,1012.89,-0.39,1.7,51.79,53.99,32.22,2026-10-07,Monthly,2025-04-01,County,"San Jose, CA metro area",525.0,85.51,5.62,-0.54,15.49,5.08,70.0,366.67
2026-10-07,Monthly,2025-05-01,2025-05-31,345,County,"Santa Clara County, CA","San Jose, CA metro area",1075.0,-22.66,1735000.0,3.27,14.0,4.0,103.48,-3.92,54.88,-20.8,1480.0,-15.43,3484.0,9.91,2050.0,24.17,1258.0,-11.41,1596500.0,6.44,944.9,3.41,1025.78,1.63,2.0,74.32,48.09,27.88,2026-10-07,Monthly,2025-05-01,County,"San Jose, CA metro area",599.0,65.93,5.72,0.29,17.19,5.8,169.0,344.74
2026-10-07,Monthly,2025-06-01,2025-06-30,345,County,"Santa Clara County, CA","San Jose, CA metro area",1150.0,-4.41,1709000.0,4.85,15.0,3.0,102.96,-3.02,52.0,-19.82,1215.0,-13.4,3225.0,6.05,1971.0,10.05,1078.0,-10.17,1500000.0,0.07,914.24,0.6,996.18,0.36,1.7,22.51,43.32,26.74,2026-10-07,Monthly,2025-06-01,County,"San Jose, CA metro area",604.0,71.1,5.44,-0.01,18.73,7.12,213.0,407.14
2026-10-07,Monthly,2025-07-01,2025-07-31,345,County,"Santa Clara County, CA","San Jose, CA metro area",1039.0,-9.89,1615000.0,0.94,19.0,5.0,102.12,-1.98,46.87,-18.78,1146.0,-6.07,3098.0,3.47,1857.0,7.65,1039.0,-10.12,1499925.0,0.67,900.21,0.11,965.61,0.67,1.8,30.09,38.59,22.59,2026-10-07,Monthly,2025-07-01,County,"San Jose, CA metro area",546.0,49.59,5.12,0.26,17.62,5.43,233.0,497.44
2026-10-07,Monthly,2025-08-01,2025-08-31,345,County,"Santa Clara County, CA","San Jose, CA metro area",1010.0,-10.46,1570000.0,0.51,21.0,4.0,101.57,-2.18,42.28,-17.39,1051.0,-12.71,2884.0,-1.06,1616.0,-4.21,1086.0,-3.89,1550000.0,3.47,925.06,1.42,934.33,-1.99,1.7,10.79,44.94,30.25,2026-10-07,Monthly,2025-08-01,County,"San Jose, CA metro area",502.0,35.68,5.03,-0.51,17.41,4.71,236.0,574.29
2026-10-07,Monthly,2025-09-01,2025-09-30,345,County,"Santa Clara County, CA","San Jose, CA metro area",1016.0,4.96,1645500.0,6.16,17.0,2.0,102.32,-1.36,47.93,-12.91,1281.0,-4.26,2881.0,-4.06,1711.0,-8.75,1042.0,2.26,1600000.0,6.67,936.14,1.39,941.5,-0.6,1.7,-25.29,48.75,31.68,2026-10-07,Monthly,2025-09-01,County,"San Jose, CA metro area",451.0,13.32,5.42,0.5,15.65,2.4,227.0,363.27
2026-10-07,Monthly,2025-10-01,2025-10-31,345,County,"Santa Clara County, CA","San Jose, CA metro area",1095.0,-1.62,1640000.0,-1.8,16.0,2.0,102.47,-2.39,51.87,-12.01,1038.0,-11.05,2736.0,-9.4,1547.0,-10.84,1095.0,-2.49,1589000.0,5.94,913.18,0.04,951.62,-2.71,1.5,-15.09,43.01,28.5,2026-10-07,Monthly,2025-10-01,County,"San Jose, CA metro area",504.0,32.63,5.11,0.15,18.42,5.84,232.0,321.82
2026-10-07,Monthly,2025-11-01,2025-11-30,345,County,"Santa Clara County, CA","San Jose, CA metro area",831.0,-19.79,1638500.0,4.2,17.0,-3.0,102.57,-1.11,49.34,-9.35,573.0,-11.02,2112.0,-10.89,1238.0,-8.9,737.0,-29.47,1399000.0,-6.38,883.07,-1.09,948.67,1.96,1.5,17.8,44.1,32.04,2026-10-07,Monthly,2025-11-01,County,"San Jose, CA metro area",276.0,44.5,5.1,0.07,13.07,5.01,184.0,338.1
2026-10-07,Monthly,2025-12-01,2025-12-31,345,County,"Santa Clara County, CA","San Jose, CA metro area",760.0,-14.8,1500000.0,-0.13,21.0,-7.0,101.98,-1.05,45.0,-6.23,397.0,3.39,1632.0,-6.26,817.0,-17.47,529.0,-35.8,1480000.0,-0.44,911.39,-1.7,906.64,-1.5,1.1,-3.6,34.97,24.53,2026-10-07,Monthly,2025-12-01,County,"San Jose, CA metro area",141.0,29.36,4.75,-0.85,8.64,2.38,180.0,275.0
2026-10-07,Monthly,2026-01-01,2026-01-31,345,County,"Santa Clara County, CA","San Jose, CA metro area",488.0,-17.29,1465000.0,-3.75,27.0,3.0,101.8,-1.35,46.72,-7.52,1194.0,15.14,2001.0,-0.99,1227.0,-3.46,703.0,-16.8,1498000.0,0.0,888.05,-1.15,888.89,-3.08,2.6,37.21,54.62,17.82,2026-10-07,Monthly,2026-01-01,County,"San Jose, CA metro area",174.0,18.37,4.78,0.24,8.7,1.42,103.0,368.18
2026-10-07,Monthly,2026-02-01,2026-02-28,345,County,"Santa Clara County, CA","San Jose, CA metro area",793.0,9.23,1600000.0,-1.69,10.0,0.0,104.4,-2.55,60.66,-7.25,1299.0,-0.46,2518.0,-1.83,1508.0,-4.74,973.0,11.33,1549000.0,3.27,909.62,-2.82,944.68,0.21,1.8,-26.02,61.66,5.94,2026-10-07,Monthly,2026-02-01,County,"San Jose, CA metro area",283.0,40.1,5.53,-0.02,11.24,3.36,93.0,116.28
2026-10-07,Monthly,2026-03-01,2026-03-31,345,County,"Santa Clara County, CA","San Jose, CA metro area",1062.0,4.12,1680000.0,0.45,10.0,0.0,104.91,-1.41,64.12,-7.64,1759.0,13.12,3258.0,4.46,1964.0,7.03,1184.0,32.14,1589500.0,-0.53,925.93,-2.02,974.18,-5.0,1.9,5.2,60.47,16.95,2026-10-07,Monthly,2026-03-01,County,"San Jose, CA metro area",520.0,34.72,5.58,0.01,15.96,3.58,127.0,170.21
2026-10-07,Monthly,2026-04-01,2026-04-30,345,County,"Santa Clara County, CA","San Jose, CA metro area",1177.0,-0.76,1700000.0,-2.86,13.0,2.0,103.95,-1.69,58.28,-9.0,1720.0,8.52,3678.0,8.53,2243.0,10.17,1249.0,14.69,1598000.0,-0.09,926.22,-0.97,983.8,-2.87,1.9,18.9,47.8,-6.2,2026-10-07,Monthly,2026-04-01,County,"San Jose, CA metro area",637.0,21.33,5.65,0.04,17.32,1.83,178.0,154.29
2026-10-07,Monthly,2026-05-01,2026-05-31,345,County,"Santa Clara County, CA","San Jose, CA metro area",1169.0,8.74,1650000.0,-4.9,15.0,1.0,103.26,-0.23,55.52,0.63,1449.0,-2.09,3688.0,5.86,2321.0,13.22,1186.0,-5.72,1549950.0,-2.92,901.33,-4.61,981.51,-4.32,2.1,8.11,46.96,-1.13,2026-10-07,Monthly,2026-05-01,County,"San Jose, CA metro area",757.0,26.38,5.22,-0.5,20.53,3.33,207.0,22.49
2026-10-07,Monthly,2026-06-01,2026-06-30,345,County,"Santa Clara County, CA","San Jose, CA metro area",1161.0,0.96,1650000.0,-3.45,18.0,3.0,102.26,-0.71,49.87,-2.13,1184.0,-2.55,3502.0,8.59,2101.0,6.6,1145.0,6.22,1500000.0,0.0,901.78,-1.36,963.16,-3.31,1.8,9.57,37.38,-5.94,2026-10-07,Monthly,2026-06-01,County,"San Jose, CA metro area",674.0,11.59,5.11,-0.33,19.25,0.52,275.0,29.11
2026-10-07,Monthly,2026-07-01,2026-07-31,345,County,"Santa Clara County, CA","San Jose, CA metro area",1038.0,-0.1,1599000.0,-0.99,24.0,5.0,101.7,-0.43,42.2,-4.68,1230.0,7.33,3326.0,7.36,2076.0,11.79,995.0,-4.23,1489999.0,-0.66,895.96,-0.47,922.63,-4.45,2.1,21.98,40.8,2.21,2026-10-07,Monthly,2026-07-01,County,"San Jose, CA metro area",581.0,6.41,5.32,0.2,17.47,-0.16,274.0,17.6
2026-10-07,Monthly,2026-08-01,2026-08-31,345,County,"Santa Clara County, CA","San Jose, CA metro area",926.0,-8.32,1525000.0,-2.87,19.0,-2.0,102.0,0.43,46.76,4.48,1281.0,21.88,3347.0,16.05,2056.0,27.23,1053.0,-3.04,1584000.0,2.19,924.98,-0.01,915.13,-2.05,2.3,64.1,42.83,-2.11,2026-10-07,Monthly,2026-08-01,County,"San Jose, CA metro area",571.0,13.75,4.99,-0.04,17.06,-0.35,230.0,-2.54
2026-10-07,Monthly,2024-01-01,2024-01-31,2,County,"Snohomish County, WA","Seattle, WA metro area",559.0,13.85,698950.0,4.79,28.0,-7.0,99.6,1.18,23.26,5.74,595.0,2.41,1180.0,-25.69,493.0,-39.51,701.0,-4.23,704995.0,4.14,397.33,10.54,390.59,8.19,0.9,-80.39,53.92,17.86,2026-10-07,Monthly,2024-01-01,County,"Seattle, WA metro area",95.0,-66.67,3.64,-0.2,8.05,-9.9,177.0,-12.81
2026-10-07,Monthly,2024-02-01,2024-02-29,2,County,"Snohomish County, WA","Seattle, WA metro area",629.0,-2.48,707000.0,4.74,9.0,-20.0,101.39,2.09,40.54,18.99,805.0,26.37,1294.0,-10.76,571.0,-11.61,746.0,-10.98,745000.0,6.44,401.79,8.82,382.0,1.26,0.9,-5.72,70.11,20.47,2026-10-07,Monthly,2024-02-01,County,"Seattle, WA metro area",69.0,-53.69,3.55,-0.41,5.33,-4.94,107.0,-52.65
2026-10-07,Monthly,2024-03-01,2024-03-31,2,County,"Snohomish County, WA","Seattle, WA metro area",707.0,-14.41,730000.0,6.65,6.0,-8.0,102.06,2.09,50.64,18.07,974.0,6.1,1544.0,-0.96,606.0,-18.66,965.0,14.74,765000.0,9.29,402.04,5.25,414.2,11.85,0.9,-4.63,74.72,10.51,2026-10-07,Monthly,2024-03-01,County,"Seattle, WA metro area",133.0,-31.44,3.41,-0.16,8.61,-3.83,68.0,-63.44
2026-10-07,Monthly,2024-04-01,2024-04-30,2,County,"Snohomish County, WA","Seattle, WA metro area",865.0,16.89,749950.0,7.99,5.0,-1.0,102.64,2.01,54.34,12.71,1069.0,26.36,1675.0,5.81,720.0,1.98,977.0,9.78,759990.0,7.05,410.47,6.99,410.23,6.7,0.8,-12.17,74.92,9.98,2026-10-07,Monthly,2024-04-01,County,"Seattle, WA metro area",179.0,8.48,3.76,-0.17,10.69,0.26,62.0,-43.64
2026-10-07,Monthly,2024-05-01,2024-05-31,2,County,"Snohomish County, WA","Seattle, WA metro area",930.0,4.49,780000.0,8.33,6.0,0.0,102.16,0.94,52.58,6.74,1369.0,30.75,2084.0,19.22,1077.0,37.72,1033.0,2.89,789970.0,8.22,412.09,6.48,414.96,6.12,1.2,28.87,71.54,-0.87,2026-10-07,Monthly,2024-05-01,County,"Seattle, WA metro area",334.0,50.45,3.72,-0.18,16.03,3.33,86.0,-33.33
2026-10-07,Monthly,2024-06-01,2024-06-30,2,County,"Snohomish County, WA","Seattle, WA metro area",904.0,0.11,775000.0,4.03,6.0,0.0,101.35,0.03,45.46,-0.71,1157.0,7.53,2229.0,20.16,1289.0,40.72,948.0,0.32,765000.0,2.47,415.04,7.48,421.6,7.29,1.4,41.15,64.87,-0.31,2026-10-07,Monthly,2024-06-01,County,"Seattle, WA metro area",439.0,38.49,3.6,0.06,19.69,2.61,119.0,0.0
2026-10-07,Monthly,2024-07-01,2024-07-31,2,County,"Snohomish County, WA","Seattle, WA metro area",941.0,12.83,765000.0,6.32,7.0,-1.0,100.46,-0.75,36.13,-8.35,1030.0,7.29,2317.0,23.97,1353.0,46.27,958.0,0.1,750000.0,5.49,415.16,6.63,417.77,7.02,1.5,33.97,53.34,-6.95,2026-10-07,Monthly,2024-07-01,County,"Seattle, WA metro area",511.0,64.84,3.45,-0.14,22.05,5.47,181.0,39.23
2026-10-07,Monthly,2024-08-01,2024-08-31,2,County,"Snohomish County, WA","Seattle, WA metro area",912.0,-3.8,758475.0,8.35,11.0,3.0,100.25,-0.39,34.54,-6.39,1018.0,3.67,2365.0,24.28,1359.0,35.22,1004.0,16.47,767475.0,8.41,415.1,7.41,417.68,6.32,1.5,44.43,48.41,-15.28,2026-10-07,Monthly,2024-08-01,County,"Seattle, WA metro area",566.0,58.1,3.34,-0.34,23.93,5.12,202.0,5.21
2026-10-07,Monthly,2024-09-01,2024-09-30,2,County,"Snohomish County, WA","Seattle, WA metro area",888.0,8.82,754998.0,5.23,16.0,8.0,99.81,-0.51,27.93,-4.06,943.0,4.08,2301.0,20.72,1378.0,24.93,897.0,11.15,760000.0,8.58,406.16,6.06,413.18,6.43,1.6,20.01,46.04,-6.25,2026-10-07,Monthly,2024-09-01,County,"Seattle, WA metro area",513.0,25.43,3.17,-0.62,22.29,0.84,267.0,63.8
2026-10-07,Monthly,2024-10-01,2024-10-31,2,County,"Snohomish County, WA","Seattle, WA metro area",903.0,21.21,755950.0,8.0,16.0,4.0,99.82,-0.16,27.02,-2.64,908.0,26.11,2284.0,25.56,1355.0,27.11,900.0,24.14,749950.0,11.1,405.9,4.09,403.05,4.14,1.6,7.2,45.11,-7.58,2026-10-07,Monthly,2024-10-01,County,"Seattle, WA metro area",533.0,29.06,3.25,-0.43,23.34,0.63,255.0,41.67
2026-10-07,Monthly,2024-11-01,2024-11-30,2,County,"Snohomish County, WA","Seattle, WA metro area",771.0,23.95,750000.0,5.86,19.0,3.0,99.59,-0.03,24.38,-1.82,566.0,6.79,1920.0,20.6,1092.0,22.28,775.0,23.41,739998.0,5.87,404.92,4.45,403.08,5.59,1.4,-1.93,40.77,0.81,2026-10-07,Monthly,2024-11-01,County,"Seattle, WA metro area",354.0,17.22,3.22,-0.24,18.44,-0.53,247.0,49.7
2026-10-07,Monthly,2024-12-01,2024-12-31,2,County,"Snohomish County, WA","Seattle, WA metro area",733.0,23.4,750000.0,10.29,21.0,-3.0,99.57,0.15,23.19,-0.21,384.0,18.15,1475.0,21.4,841.0,43.27,573.0,-3.86,739973.0,9.63,402.78,5.42,398.93,8.21,1.2,16.44,35.43,-0.31,2026-10-07,Monthly,2024-12-01,County,"Seattle, WA metro area",213.0,61.36,3.06,-0.68,14.44,3.58,245.0,25.0
2026-10-07,Monthly,2025-01-01,2025-01-31,2,County,"Snohomish County, WA","Seattle, WA metro area",537.0,-3.94,742610.0,6.25,32.0,4.0,99.78,0.18,22.72,-0.54,812.0,36.47,1651.0,39.92,904.0,83.37,742.0,5.85,750000.0,6.38,407.35,2.52,396.04,1.4,1.7,82.82,49.46,-4.46,2026-10-07,Monthly,2025-01-01,County,"Seattle, WA metro area",261.0,174.74,2.89,-0.75,15.81,7.76,174.0,-1.69
2026-10-07,Monthly,2025-02-01,2025-02-28,2,County,"Snohomish County, WA","Seattle, WA metro area",651.0,3.5,740000.0,4.67,14.0,5.0,100.2,-1.19,33.03,-7.51,752.0,-6.58,1654.0,27.82,927.0,62.35,735.0,-1.47,750000.0,0.67,410.09,2.07,398.63,4.35,1.3,45.15,54.56,-15.55,2026-10-07,Monthly,2025-02-01,County,"Seattle, WA metro area",220.0,218.84,3.02,-0.53,13.3,7.97,155.0,44.86
2026-10-07,Monthly,2025-03-01,2025-03-31,2,County,"Snohomish County, WA","Seattle, WA metro area",765.0,8.2,750000.0,2.74,8.0,2.0,100.72,-1.34,33.2,-17.43,1085.0,11.4,2009.0,30.12,1082.0,78.55,952.0,-1.35,765700.0,0.09,412.65,2.64,411.96,-0.54,1.5,57.58,65.55,-9.17,2026-10-07,Monthly,2025-03-01,County,"Seattle, WA metro area",338.0,154.14,3.06,-0.35,16.82,8.21,151.0,122.06
2026-10-07,Monthly,2025-04-01,2025-04-30,2,County,"Snohomish County, WA","Seattle, WA metro area",889.0,2.77,750000.0,0.01,7.0,2.0,100.99,-1.66,37.35,-16.99,1109.0,3.74,2186.0,30.51,1259.0,74.86,938.0,-3.99,795000.0,4.61,417.86,1.8,418.6,2.04,1.4,58.38,65.03,-9.89,2026-10-07,Monthly,2025-04-01,County,"Seattle, WA metro area",460.0,156.98,3.4,-0.36,21.04,10.36,150.0,141.94
2026-10-07,Monthly,2025-05-01,2025-05-31,2,County,"Snohomish County, WA","Seattle, WA metro area",897.0,-3.55,800000.0,2.56,8.0,2.0,100.46,-1.7,34.0,-18.58,1484.0,8.4,2734.0,31.19,1699.0,57.75,1023.0,-0.97,799000.0,1.14,418.1,1.46,423.45,2.05,2.0,76.06,59.34,-12.2,2026-10-07,Monthly,2025-05-01,County,"Seattle, WA metro area",573.0,71.56,3.27,-0.45,20.96,4.93,178.0,106.98
2026-10-07,Monthly,2025-06-01,2025-06-30,2,County,"Snohomish County, WA","Seattle, WA metro area",921.0,1.88,775000.0,0.0,9.0,3.0,100.22,-1.13,31.05,-14.41,1200.0,3.72,2895.0,29.88,1910.0,48.18,917.0,-3.27,749450.0,-2.03,412.62,-0.58,419.35,-0.53,2.1,64.79,48.75,-16.13,2026-10-07,Monthly,2025-06-01,County,"Seattle, WA metro area",711.0,61.96,3.46,-0.14,24.56,4.86,202.0,69.75
2026-10-07,Monthly,2025-07-01,2025-07-31,2,County,"Snohomish County, WA","Seattle, WA metro area",906.0,-3.72,760000.0,-0.65,17.0,10.0,99.41,-1.05,23.84,-12.29,1108.0,7.57,3012.0,30.0,1962.0,45.01,933.0,-2.61,739000.0,-1.47,410.04,-1.23,409.09,-2.08,2.2,75.2,42.34,-11.0,2026-10-07,Monthly,2025-07-01,County,"Seattle, WA metro area",793.0,55.19,3.2,-0.25,26.33,4.27,252.0,39.23
2026-10-07,Monthly,2025-08-01,2025-08-31,2,County,"Snohomish County, WA","Seattle, WA metro area",843.0,-7.57,759900.0,0.19,22.0,11.0,99.19,-1.07,19.22,-15.32,903.0,-11.3,2857.0,20.8,1908.0,40.4,909.0,-9.46,750000.0,-2.28,418.44,0.8,408.31,-2.24,2.3,79.9,37.51,-10.89,2026-10-07,Monthly,2025-08-01,County,"Seattle, WA metro area",718.0,26.86,3.41,0.06,25.13,1.2,292.0,44.55
2026-10-07,Monthly,2025-09-01,2025-09-30,2,County,"Snohomish County, WA","Seattle, WA metro area",824.0,-7.21,734358.0,-2.73,27.0,11.0,99.51,-0.3,21.0,-6.93,947.0,0.42,2847.0,23.73,1859.0,34.91,885.0,-1.34,745000.0,-1.97,414.9,2.15,410.83,-0.57,2.3,70.43,39.44,-6.61,2026-10-07,Monthly,2025-09-01,County,"Seattle, WA metro area",749.0,46.0,3.35,0.18,26.31,4.01,321.0,20.22
2026-10-07,Monthly,2025-10-01,2025-10-31,2,County,"Snohomish County, WA","Seattle, WA metro area",811.0,-10.19,735000.0,-2.77,26.0,10.0,99.51,-0.31,19.24,-7.79,836.0,-7.93,2688.0,17.69,1761.0,29.96,808.0,-10.22,739000.0,-1.46,404.61,-0.32,408.88,1.45,2.2,69.32,35.52,-9.59,2026-10-07,Monthly,2025-10-01,County,"Seattle, WA metro area",750.0,40.71,3.13,-0.12,27.9,4.57,300.0,17.65
2026-10-07,Monthly,2025-11-01,2025-11-30,2,County,"Snohomish County, WA","Seattle, WA metro area",648.0,-15.95,725000.0,-3.33,27.0,8.0,99.24,-0.35,20.52,-3.86,498.0,-12.01,2252.0,17.29,1433.0,31.23,689.0,-11.1,730000.0,-1.35,404.15,-0.19,399.13,-0.98,2.2,79.51,33.24,-7.54,2026-10-07,Monthly,2025-11-01,County,"Seattle, WA metro area",449.0,26.84,3.22,0.0,19.94,1.5,253.0,2.43
2026-10-07,Monthly,2025-12-01,2025-12-31,2,County,"Snohomish County, WA","Seattle, WA metro area",706.0,-3.68,725000.0,-3.33,34.0,13.0,99.28,-0.29,15.72,-7.47,327.0,-14.84,1758.0,19.19,1110.0,31.99,514.0,-10.3,677000.0,-8.51,387.6,-3.77,397.01,-0.48,1.6,43.91,27.04,-8.38,2026-10-07,Monthly,2025-12-01,County,"Seattle, WA metro area",279.0,30.99,3.19,0.14,15.87,1.43,271.0,10.61
2026-10-07,Monthly,2026-01-01,2026-01-31,2,County,"Snohomish County, WA","Seattle, WA metro area",427.0,-20.48,685000.0,-7.76,49.0,17.0,99.22,-0.56,17.1,-5.62,759.0,-6.53,1861.0,12.72,1180.0,30.53,649.0,-12.53,750000.0,0.0,404.98,-0.58,390.24,-1.46,2.9,111.6,42.68,-6.78,2026-10-07,Monthly,2026-01-01,County,"Seattle, WA metro area",294.0,12.64,3.2,0.31,15.8,-0.01,174.0,0.0
2026-10-07,Monthly,2026-02-01,2026-02-28,2,County,"Snohomish County, WA","Seattle, WA metro area",609.0,-6.45,724950.0,-2.03,22.0,9.0,100.08,-0.12,26.77,-6.26,877.0,16.62,2048.0,23.82,1318.0,42.18,738.0,0.41,750000.0,0.0,401.54,-2.09,403.41,1.2,2.0,69.09,53.12,-1.44,2026-10-07,Monthly,2026-02-01,County,"Seattle, WA metro area",305.0,38.64,3.1,0.08,14.89,1.59,179.0,15.48
2026-10-07,Monthly,2026-03-01,2026-03-31,2,County,"Snohomish County, WA","Seattle, WA metro area",786.0,2.75,744975.0,-0.67,13.0,5.0,99.9,-0.83,27.99,-5.21,1151.0,6.08,2457.0,22.3,1529.0,41.31,912.0,-4.2,735148.0,-3.99,393.61,-4.61,407.34,-1.12,2.0,54.86,57.13,-8.42,2026-10-07,Monthly,2026-03-01,County,"Seattle, WA metro area",487.0,44.08,3.29,0.22,19.82,3.0,185.0,22.52
2026-10-07,Monthly,2026-04-01,2026-04-30,2,County,"Snohomish County, WA","Seattle, WA metro area",716.0,-19.46,750000.0,0.0,10.0,3.0,100.36,-0.63,32.68,-4.66,1327.0,19.66,2851.0,30.42,1903.0,51.15,919.0,-2.03,759000.0,-4.53,408.9,-2.15,406.23,-2.95,2.7,124.16,53.75,-11.28,2026-10-07,Monthly,2026-04-01,County,"Seattle, WA metro area",671.0,45.87,3.23,-0.18,23.54,2.49,153.0,2.0
2026-10-07,Monthly,2026-05-01,2026-05-31,2,County,"Snohomish County, WA","Seattle, WA metro area",874.0,-2.56,759975.0,-5.0,13.0,5.0,100.08,-0.37,29.63,-4.37,1368.0,-7.82,3246.0,18.73,2154.0,26.78,1009.0,-1.37,750000.0,-6.13,403.81,-3.42,403.46,-4.72,2.5,58.95,48.96,-10.38,2026-10-07,Monthly,2026-05-01,County,"Seattle, WA metro area",783.0,36.65,3.38,0.1,24.12,3.16,202.0,13.48
2026-10-07,Monthly,2026-06-01,2026-06-30,2,County,"Snohomish County, WA","Seattle, WA metro area",987.0,7.17,730000.0,-5.81,14.0,5.0,99.69,-0.53,25.53,-5.52,1338.0,11.5,3477.0,20.1,2385.0,24.87,1001.0,9.16,734950.0,-1.93,401.32,-2.74,408.99,-2.47,2.4,34.26,46.45,-2.29,2026-10-07,Monthly,2026-06-01,County,"Seattle, WA metro area",945.0,32.91,3.34,-0.12,27.18,2.62,252.0,24.75
2026-10-07,Monthly,2026-07-01,2026-07-31,2,County,"Snohomish County, WA","Seattle, WA metro area",890.0,-1.77,715000.0,-5.92,19.0,2.0,99.69,0.28,24.72,0.88,1224.0,10.47,3593.0,19.29,2570.0,30.99,899.0,-3.64,739450.0,0.06,396.77,-3.24,404.11,-1.22,3.0,74.61,39.04,-3.29,2026-10-07,Monthly,2026-07-01,County,"Seattle, WA metro area",1097.0,38.34,3.36,0.16,30.53,4.2,286.0,13.49
2026-10-07,Monthly,2026-08-01,2026-08-31,2,County,"Snohomish County, WA","Seattle, WA metro area",783.0,-7.12,725000.0,-4.59,23.0,1.0,99.51,0.33,21.46,2.24,957.0,5.98,3518.0,23.14,2513.0,31.71,837.0,-7.92,695000.0,-7.33,394.6,-5.7,388.82,-4.77,3.3,97.76,35.72,-1.79,2026-10-07,Monthly,2026-08-01,County,"Seattle, WA metro area",1016.0,41.5,3.44,0.03,28.88,3.75,276.0,-5.48
