cbsa,metro_name,yr,qtr,index_nsa,index_sa,yoy_nsa_pct,qoq_sa_pct,period_end,source_url,source_sha256,retrieved_at,available_at,published_at,metric_definition_version,transform_code_version,assumption_set_id,vintage
36084,"Oakland-Fremont-Berkeley, CA (MSAD)",2024,1,465.04,463.14,2.7440236843268018,-0.9071847319097937,2024-03-31,https://www.fhfa.gov/hpi/download/quarterly_datasets/hpi_po_metro.txt,d664a8e2e92f64aa17201b3bdd84d0ab4d1a4d00e9c6c15d5b34fb400c10d842,2026-10-08T02:30:43.756281+00:00,2026-10-08T02:30:43.756281+00:00,,FHFA-purchase-only-metro@1,aef4a56a6829d5420685a4d498058e83ccc08e12+tree.4e67479291c8900b,,current revised; historical publication unavailable
36084,"Oakland-Fremont-Berkeley, CA (MSAD)",2024,2,471.64,461.7,-0.6592665922446672,-0.3109211037699233,2024-06-30,https://www.fhfa.gov/hpi/download/quarterly_datasets/hpi_po_metro.txt,d664a8e2e92f64aa17201b3bdd84d0ab4d1a4d00e9c6c15d5b34fb400c10d842,2026-10-08T02:30:43.756281+00:00,2026-10-08T02:30:43.756281+00:00,,FHFA-purchase-only-metro@1,aef4a56a6829d5420685a4d498058e83ccc08e12+tree.4e67479291c8900b,,current revised; historical publication unavailable
36084,"Oakland-Fremont-Berkeley, CA (MSAD)",2024,3,466.79,464.46,-1.3983650535476677,0.5977907732293675,2024-09-30,https://www.fhfa.gov/hpi/download/quarterly_datasets/hpi_po_metro.txt,d664a8e2e92f64aa17201b3bdd84d0ab4d1a4d00e9c6c15d5b34fb400c10d842,2026-10-08T02:30:43.756281+00:00,2026-10-08T02:30:43.756281+00:00,,FHFA-purchase-only-metro@1,aef4a56a6829d5420685a4d498058e83ccc08e12+tree.4e67479291c8900b,,current revised; historical publication unavailable
36084,"Oakland-Fremont-Berkeley, CA (MSAD)",2024,4,460.88,465.36,-0.20570339735400678,0.193773414287568,2024-12-31,https://www.fhfa.gov/hpi/download/quarterly_datasets/hpi_po_metro.txt,d664a8e2e92f64aa17201b3bdd84d0ab4d1a4d00e9c6c15d5b34fb400c10d842,2026-10-08T02:30:43.756281+00:00,2026-10-08T02:30:43.756281+00:00,,FHFA-purchase-only-metro@1,aef4a56a6829d5420685a4d498058e83ccc08e12+tree.4e67479291c8900b,,current revised; historical publication unavailable
36084,"Oakland-Fremont-Berkeley, CA (MSAD)",2025,1,470.12,467.95,1.0923791501806335,0.5565583634175697,2025-03-31,https://www.fhfa.gov/hpi/download/quarterly_datasets/hpi_po_metro.txt,d664a8e2e92f64aa17201b3bdd84d0ab4d1a4d00e9c6c15d5b34fb400c10d842,2026-10-08T02:30:43.756281+00:00,2026-10-08T02:30:43.756281+00:00,,FHFA-purchase-only-metro@1,aef4a56a6829d5420685a4d498058e83ccc08e12+tree.4e67479291c8900b,,current revised; historical publication unavailable
36084,"Oakland-Fremont-Berkeley, CA (MSAD)",2025,2,461.44,452.63,-2.1626664405054674,-3.2738540442354913,2025-06-30,https://www.fhfa.gov/hpi/download/quarterly_datasets/hpi_po_metro.txt,d664a8e2e92f64aa17201b3bdd84d0ab4d1a4d00e9c6c15d5b34fb400c10d842,2026-10-08T02:30:43.756281+00:00,2026-10-08T02:30:43.756281+00:00,,FHFA-purchase-only-metro@1,aef4a56a6829d5420685a4d498058e83ccc08e12+tree.4e67479291c8900b,,current revised; historical publication unavailable
36084,"Oakland-Fremont-Berkeley, CA (MSAD)",2025,3,451.9,449.88,-3.1898712483129588,-0.6075602589311391,2025-09-30,https://www.fhfa.gov/hpi/download/quarterly_datasets/hpi_po_metro.txt,d664a8e2e92f64aa17201b3bdd84d0ab4d1a4d00e9c6c15d5b34fb400c10d842,2026-10-08T02:30:43.756281+00:00,2026-10-08T02:30:43.756281+00:00,,FHFA-purchase-only-metro@1,aef4a56a6829d5420685a4d498058e83ccc08e12+tree.4e67479291c8900b,,current revised; historical publication unavailable
36084,"Oakland-Fremont-Berkeley, CA (MSAD)",2025,4,449.93,453.46,-2.375889602499559,0.7957677602916213,2025-12-31,https://www.fhfa.gov/hpi/download/quarterly_datasets/hpi_po_metro.txt,d664a8e2e92f64aa17201b3bdd84d0ab4d1a4d00e9c6c15d5b34fb400c10d842,2026-10-08T02:30:43.756281+00:00,2026-10-08T02:30:43.756281+00:00,,FHFA-purchase-only-metro@1,aef4a56a6829d5420685a4d498058e83ccc08e12+tree.4e67479291c8900b,,current revised; historical publication unavailable
36084,"Oakland-Fremont-Berkeley, CA (MSAD)",2026,1,453.03,450.7,-3.6352420658555373,-0.6086534644731634,2026-03-31,https://www.fhfa.gov/hpi/download/quarterly_datasets/hpi_po_metro.txt,d664a8e2e92f64aa17201b3bdd84d0ab4d1a4d00e9c6c15d5b34fb400c10d842,2026-10-08T02:30:43.756281+00:00,2026-10-08T02:30:43.756281+00:00,,FHFA-purchase-only-metro@1,aef4a56a6829d5420685a4d498058e83ccc08e12+tree.4e67479291c8900b,,current revised; historical publication unavailable
36084,"Oakland-Fremont-Berkeley, CA (MSAD)",2026,2,463.7,455.66,0.48977115117891934,1.1005103172842423,2026-06-30,https://www.fhfa.gov/hpi/download/quarterly_datasets/hpi_po_metro.txt,d664a8e2e92f64aa17201b3bdd84d0ab4d1a4d00e9c6c15d5b34fb400c10d842,2026-10-08T02:30:43.756281+00:00,2026-10-08T02:30:43.756281+00:00,,FHFA-purchase-only-metro@1,aef4a56a6829d5420685a4d498058e83ccc08e12+tree.4e67479291c8900b,,current revised; historical publication unavailable
41884,"San Francisco-San Mateo-Redwood City, CA (MSAD)",2024,1,503.1,504.87,0.4652834634662595,-0.8639817778388625,2024-03-31,https://www.fhfa.gov/hpi/download/quarterly_datasets/hpi_po_metro.txt,d664a8e2e92f64aa17201b3bdd84d0ab4d1a4d00e9c6c15d5b34fb400c10d842,2026-10-08T02:30:43.756281+00:00,2026-10-08T02:30:43.756281+00:00,,FHFA-purchase-only-metro@1,aef4a56a6829d5420685a4d498058e83ccc08e12+tree.4e67479291c8900b,,current revised; historical publication unavailable
41884,"San Francisco-San Mateo-Redwood City, CA (MSAD)",2024,2,525.39,509.14,1.2878101443966727,0.8457622754372451,2024-06-30,https://www.fhfa.gov/hpi/download/quarterly_datasets/hpi_po_metro.txt,d664a8e2e92f64aa17201b3bdd84d0ab4d1a4d00e9c6c15d5b34fb400c10d842,2026-10-08T02:30:43.756281+00:00,2026-10-08T02:30:43.756281+00:00,,FHFA-purchase-only-metro@1,aef4a56a6829d5420685a4d498058e83ccc08e12+tree.4e67479291c8900b,,current revised; historical publication unavailable
41884,"San Francisco-San Mateo-Redwood City, CA (MSAD)",2024,3,519.38,519.91,0.8524437367715798,2.115331735868331,2024-09-30,https://www.fhfa.gov/hpi/download/quarterly_datasets/hpi_po_metro.txt,d664a8e2e92f64aa17201b3bdd84d0ab4d1a4d00e9c6c15d5b34fb400c10d842,2026-10-08T02:30:43.756281+00:00,2026-10-08T02:30:43.756281+00:00,,FHFA-purchase-only-metro@1,aef4a56a6829d5420685a4d498058e83ccc08e12+tree.4e67479291c8900b,,current revised; historical publication unavailable
41884,"San Francisco-San Mateo-Redwood City, CA (MSAD)",2024,4,508.68,509.5,0.060979208057121426,-2.0022696235886928,2024-12-31,https://www.fhfa.gov/hpi/download/quarterly_datasets/hpi_po_metro.txt,d664a8e2e92f64aa17201b3bdd84d0ab4d1a4d00e9c6c15d5b34fb400c10d842,2026-10-08T02:30:43.756281+00:00,2026-10-08T02:30:43.756281+00:00,,FHFA-purchase-only-metro@1,aef4a56a6829d5420685a4d498058e83ccc08e12+tree.4e67479291c8900b,,current revised; historical publication unavailable
41884,"San Francisco-San Mateo-Redwood City, CA (MSAD)",2025,1,510.78,512.37,1.5265354800238384,0.5632973503434835,2025-03-31,https://www.fhfa.gov/hpi/download/quarterly_datasets/hpi_po_metro.txt,d664a8e2e92f64aa17201b3bdd84d0ab4d1a4d00e9c6c15d5b34fb400c10d842,2026-10-08T02:30:43.756281+00:00,2026-10-08T02:30:43.756281+00:00,,FHFA-purchase-only-metro@1,aef4a56a6829d5420685a4d498058e83ccc08e12+tree.4e67479291c8900b,,current revised; historical publication unavailable
41884,"San Francisco-San Mateo-Redwood City, CA (MSAD)",2025,2,544.28,527.11,3.595424351434162,2.876827292776696,2025-06-30,https://www.fhfa.gov/hpi/download/quarterly_datasets/hpi_po_metro.txt,d664a8e2e92f64aa17201b3bdd84d0ab4d1a4d00e9c6c15d5b34fb400c10d842,2026-10-08T02:30:43.756281+00:00,2026-10-08T02:30:43.756281+00:00,,FHFA-purchase-only-metro@1,aef4a56a6829d5420685a4d498058e83ccc08e12+tree.4e67479291c8900b,,current revised; historical publication unavailable
41884,"San Francisco-San Mateo-Redwood City, CA (MSAD)",2025,3,500.3,501.2,-3.6736108436982495,-4.915482536851901,2025-09-30,https://www.fhfa.gov/hpi/download/quarterly_datasets/hpi_po_metro.txt,d664a8e2e92f64aa17201b3bdd84d0ab4d1a4d00e9c6c15d5b34fb400c10d842,2026-10-08T02:30:43.756281+00:00,2026-10-08T02:30:43.756281+00:00,,FHFA-purchase-only-metro@1,aef4a56a6829d5420685a4d498058e83ccc08e12+tree.4e67479291c8900b,,current revised; historical publication unavailable
41884,"San Francisco-San Mateo-Redwood City, CA (MSAD)",2025,4,516.91,518.1,1.617913029802609,3.3719074221867595,2025-12-31,https://www.fhfa.gov/hpi/download/quarterly_datasets/hpi_po_metro.txt,d664a8e2e92f64aa17201b3bdd84d0ab4d1a4d00e9c6c15d5b34fb400c10d842,2026-10-08T02:30:43.756281+00:00,2026-10-08T02:30:43.756281+00:00,,FHFA-purchase-only-metro@1,aef4a56a6829d5420685a4d498058e83ccc08e12+tree.4e67479291c8900b,,current revised; historical publication unavailable
41884,"San Francisco-San Mateo-Redwood City, CA (MSAD)",2026,1,564.48,565.79,10.513332550217314,9.204786720710278,2026-03-31,https://www.fhfa.gov/hpi/download/quarterly_datasets/hpi_po_metro.txt,d664a8e2e92f64aa17201b3bdd84d0ab4d1a4d00e9c6c15d5b34fb400c10d842,2026-10-08T02:30:43.756281+00:00,2026-10-08T02:30:43.756281+00:00,,FHFA-purchase-only-metro@1,aef4a56a6829d5420685a4d498058e83ccc08e12+tree.4e67479291c8900b,,current revised; historical publication unavailable
41884,"San Francisco-San Mateo-Redwood City, CA (MSAD)",2026,2,531.5,514.37,-2.348056147571098,-9.088177592392931,2026-06-30,https://www.fhfa.gov/hpi/download/quarterly_datasets/hpi_po_metro.txt,d664a8e2e92f64aa17201b3bdd84d0ab4d1a4d00e9c6c15d5b34fb400c10d842,2026-10-08T02:30:43.756281+00:00,2026-10-08T02:30:43.756281+00:00,,FHFA-purchase-only-metro@1,aef4a56a6829d5420685a4d498058e83ccc08e12+tree.4e67479291c8900b,,current revised; historical publication unavailable
41940,"San Jose-Sunnyvale-Santa Clara, CA",2024,1,539.89,536.69,3.148583328556964,-2.0674427940585938,2024-03-31,https://www.fhfa.gov/hpi/download/quarterly_datasets/hpi_po_metro.txt,d664a8e2e92f64aa17201b3bdd84d0ab4d1a4d00e9c6c15d5b34fb400c10d842,2026-10-08T02:30:43.756281+00:00,2026-10-08T02:30:43.756281+00:00,,FHFA-purchase-only-metro@1,aef4a56a6829d5420685a4d498058e83ccc08e12+tree.4e67479291c8900b,,current revised; historical publication unavailable
41940,"San Jose-Sunnyvale-Santa Clara, CA",2024,2,573.56,559.16,3.5400306886902877,4.186774488065725,2024-06-30,https://www.fhfa.gov/hpi/download/quarterly_datasets/hpi_po_metro.txt,d664a8e2e92f64aa17201b3bdd84d0ab4d1a4d00e9c6c15d5b34fb400c10d842,2026-10-08T02:30:43.756281+00:00,2026-10-08T02:30:43.756281+00:00,,FHFA-purchase-only-metro@1,aef4a56a6829d5420685a4d498058e83ccc08e12+tree.4e67479291c8900b,,current revised; historical publication unavailable
41940,"San Jose-Sunnyvale-Santa Clara, CA",2024,3,561.25,570.55,4.531401326082096,2.0369840474998124,2024-09-30,https://www.fhfa.gov/hpi/download/quarterly_datasets/hpi_po_metro.txt,d664a8e2e92f64aa17201b3bdd84d0ab4d1a4d00e9c6c15d5b34fb400c10d842,2026-10-08T02:30:43.756281+00:00,2026-10-08T02:30:43.756281+00:00,,FHFA-purchase-only-metro@1,aef4a56a6829d5420685a4d498058e83ccc08e12+tree.4e67479291c8900b,,current revised; historical publication unavailable
41940,"San Jose-Sunnyvale-Santa Clara, CA",2024,4,556.03,560.65,2.7269200214310674,-1.7351678205240528,2024-12-31,https://www.fhfa.gov/hpi/download/quarterly_datasets/hpi_po_metro.txt,d664a8e2e92f64aa17201b3bdd84d0ab4d1a4d00e9c6c15d5b34fb400c10d842,2026-10-08T02:30:43.756281+00:00,2026-10-08T02:30:43.756281+00:00,,FHFA-purchase-only-metro@1,aef4a56a6829d5420685a4d498058e83ccc08e12+tree.4e67479291c8900b,,current revised; historical publication unavailable
41940,"San Jose-Sunnyvale-Santa Clara, CA",2025,1,564.99,561.52,4.649095186056429,0.15517702666547617,2025-03-31,https://www.fhfa.gov/hpi/download/quarterly_datasets/hpi_po_metro.txt,d664a8e2e92f64aa17201b3bdd84d0ab4d1a4d00e9c6c15d5b34fb400c10d842,2026-10-08T02:30:43.756281+00:00,2026-10-08T02:30:43.756281+00:00,,FHFA-purchase-only-metro@1,aef4a56a6829d5420685a4d498058e83ccc08e12+tree.4e67479291c8900b,,current revised; historical publication unavailable
41940,"San Jose-Sunnyvale-Santa Clara, CA",2025,2,563.53,551.26,-1.74872724736731,-1.8271833594529108,2025-06-30,https://www.fhfa.gov/hpi/download/quarterly_datasets/hpi_po_metro.txt,d664a8e2e92f64aa17201b3bdd84d0ab4d1a4d00e9c6c15d5b34fb400c10d842,2026-10-08T02:30:43.756281+00:00,2026-10-08T02:30:43.756281+00:00,,FHFA-purchase-only-metro@1,aef4a56a6829d5420685a4d498058e83ccc08e12+tree.4e67479291c8900b,,current revised; historical publication unavailable
41940,"San Jose-Sunnyvale-Santa Clara, CA",2025,3,544.46,553.7,-2.991536748329615,0.44262235605703193,2025-09-30,https://www.fhfa.gov/hpi/download/quarterly_datasets/hpi_po_metro.txt,d664a8e2e92f64aa17201b3bdd84d0ab4d1a4d00e9c6c15d5b34fb400c10d842,2026-10-08T02:30:43.756281+00:00,2026-10-08T02:30:43.756281+00:00,,FHFA-purchase-only-metro@1,aef4a56a6829d5420685a4d498058e83ccc08e12+tree.4e67479291c8900b,,current revised; historical publication unavailable
41940,"San Jose-Sunnyvale-Santa Clara, CA",2025,4,583.91,586.8,5.014117943276442,5.977966407802038,2025-12-31,https://www.fhfa.gov/hpi/download/quarterly_datasets/hpi_po_metro.txt,d664a8e2e92f64aa17201b3bdd84d0ab4d1a4d00e9c6c15d5b34fb400c10d842,2026-10-08T02:30:43.756281+00:00,2026-10-08T02:30:43.756281+00:00,,FHFA-purchase-only-metro@1,aef4a56a6829d5420685a4d498058e83ccc08e12+tree.4e67479291c8900b,,current revised; historical publication unavailable
41940,"San Jose-Sunnyvale-Santa Clara, CA",2026,1,566.44,562.63,0.2566417104727492,-4.118950238582131,2026-03-31,https://www.fhfa.gov/hpi/download/quarterly_datasets/hpi_po_metro.txt,d664a8e2e92f64aa17201b3bdd84d0ab4d1a4d00e9c6c15d5b34fb400c10d842,2026-10-08T02:30:43.756281+00:00,2026-10-08T02:30:43.756281+00:00,,FHFA-purchase-only-metro@1,aef4a56a6829d5420685a4d498058e83ccc08e12+tree.4e67479291c8900b,,current revised; historical publication unavailable
41940,"San Jose-Sunnyvale-Santa Clara, CA",2026,2,552.34,542.3,-1.9856973009422685,-3.613387128308132,2026-06-30,https://www.fhfa.gov/hpi/download/quarterly_datasets/hpi_po_metro.txt,d664a8e2e92f64aa17201b3bdd84d0ab4d1a4d00e9c6c15d5b34fb400c10d842,2026-10-08T02:30:43.756281+00:00,2026-10-08T02:30:43.756281+00:00,,FHFA-purchase-only-metro@1,aef4a56a6829d5420685a4d498058e83ccc08e12+tree.4e67479291c8900b,,current revised; historical publication unavailable
42644,"Seattle-Bellevue-Kent, WA (MSAD)",2024,1,629.94,621.49,7.8608975566323736,2.0777215688850825,2024-03-31,https://www.fhfa.gov/hpi/download/quarterly_datasets/hpi_po_metro.txt,d664a8e2e92f64aa17201b3bdd84d0ab4d1a4d00e9c6c15d5b34fb400c10d842,2026-10-08T02:30:43.756281+00:00,2026-10-08T02:30:43.756281+00:00,,FHFA-purchase-only-metro@1,aef4a56a6829d5420685a4d498058e83ccc08e12+tree.4e67479291c8900b,,current revised; historical publication unavailable
42644,"Seattle-Bellevue-Kent, WA (MSAD)",2024,2,639.66,621.94,5.624174372523116,0.07240663566590033,2024-06-30,https://www.fhfa.gov/hpi/download/quarterly_datasets/hpi_po_metro.txt,d664a8e2e92f64aa17201b3bdd84d0ab4d1a4d00e9c6c15d5b34fb400c10d842,2026-10-08T02:30:43.756281+00:00,2026-10-08T02:30:43.756281+00:00,,FHFA-purchase-only-metro@1,aef4a56a6829d5420685a4d498058e83ccc08e12+tree.4e67479291c8900b,,current revised; historical publication unavailable
42644,"Seattle-Bellevue-Kent, WA (MSAD)",2024,3,637.53,633.93,4.41554612902697,1.9278386982666929,2024-09-30,https://www.fhfa.gov/hpi/download/quarterly_datasets/hpi_po_metro.txt,d664a8e2e92f64aa17201b3bdd84d0ab4d1a4d00e9c6c15d5b34fb400c10d842,2026-10-08T02:30:43.756281+00:00,2026-10-08T02:30:43.756281+00:00,,FHFA-purchase-only-metro@1,aef4a56a6829d5420685a4d498058e83ccc08e12+tree.4e67479291c8900b,,current revised; historical publication unavailable
42644,"Seattle-Bellevue-Kent, WA (MSAD)",2024,4,623.18,639.09,4.986690926244131,0.813969996687347,2024-12-31,https://www.fhfa.gov/hpi/download/quarterly_datasets/hpi_po_metro.txt,d664a8e2e92f64aa17201b3bdd84d0ab4d1a4d00e9c6c15d5b34fb400c10d842,2026-10-08T02:30:43.756281+00:00,2026-10-08T02:30:43.756281+00:00,,FHFA-purchase-only-metro@1,aef4a56a6829d5420685a4d498058e83ccc08e12+tree.4e67479291c8900b,,current revised; historical publication unavailable
42644,"Seattle-Bellevue-Kent, WA (MSAD)",2025,1,647.82,638.5,2.8383655586246226,-0.09231876574504749,2025-03-31,https://www.fhfa.gov/hpi/download/quarterly_datasets/hpi_po_metro.txt,d664a8e2e92f64aa17201b3bdd84d0ab4d1a4d00e9c6c15d5b34fb400c10d842,2026-10-08T02:30:43.756281+00:00,2026-10-08T02:30:43.756281+00:00,,FHFA-purchase-only-metro@1,aef4a56a6829d5420685a4d498058e83ccc08e12+tree.4e67479291c8900b,,current revised; historical publication unavailable
42644,"Seattle-Bellevue-Kent, WA (MSAD)",2025,2,654.99,637.92,2.39658568614578,-0.09083790133125325,2025-06-30,https://www.fhfa.gov/hpi/download/quarterly_datasets/hpi_po_metro.txt,d664a8e2e92f64aa17201b3bdd84d0ab4d1a4d00e9c6c15d5b34fb400c10d842,2026-10-08T02:30:43.756281+00:00,2026-10-08T02:30:43.756281+00:00,,FHFA-purchase-only-metro@1,aef4a56a6829d5420685a4d498058e83ccc08e12+tree.4e67479291c8900b,,current revised; historical publication unavailable
42644,"Seattle-Bellevue-Kent, WA (MSAD)",2025,3,637.14,633.45,-0.06117359183096527,-0.700714823175308,2025-09-30,https://www.fhfa.gov/hpi/download/quarterly_datasets/hpi_po_metro.txt,d664a8e2e92f64aa17201b3bdd84d0ab4d1a4d00e9c6c15d5b34fb400c10d842,2026-10-08T02:30:43.756281+00:00,2026-10-08T02:30:43.756281+00:00,,FHFA-purchase-only-metro@1,aef4a56a6829d5420685a4d498058e83ccc08e12+tree.4e67479291c8900b,,current revised; historical publication unavailable
42644,"Seattle-Bellevue-Kent, WA (MSAD)",2025,4,619.64,634.83,-0.5680541737539624,0.2178546057305164,2025-12-31,https://www.fhfa.gov/hpi/download/quarterly_datasets/hpi_po_metro.txt,d664a8e2e92f64aa17201b3bdd84d0ab4d1a4d00e9c6c15d5b34fb400c10d842,2026-10-08T02:30:43.756281+00:00,2026-10-08T02:30:43.756281+00:00,,FHFA-purchase-only-metro@1,aef4a56a6829d5420685a4d498058e83ccc08e12+tree.4e67479291c8900b,,current revised; historical publication unavailable
42644,"Seattle-Bellevue-Kent, WA (MSAD)",2026,1,640.06,630.75,-1.1978636040875679,-0.642691744246493,2026-03-31,https://www.fhfa.gov/hpi/download/quarterly_datasets/hpi_po_metro.txt,d664a8e2e92f64aa17201b3bdd84d0ab4d1a4d00e9c6c15d5b34fb400c10d842,2026-10-08T02:30:43.756281+00:00,2026-10-08T02:30:43.756281+00:00,,FHFA-purchase-only-metro@1,aef4a56a6829d5420685a4d498058e83ccc08e12+tree.4e67479291c8900b,,current revised; historical publication unavailable
42644,"Seattle-Bellevue-Kent, WA (MSAD)",2026,2,638.47,622.37,-2.5221759110826136,-1.3285770907649597,2026-06-30,https://www.fhfa.gov/hpi/download/quarterly_datasets/hpi_po_metro.txt,d664a8e2e92f64aa17201b3bdd84d0ab4d1a4d00e9c6c15d5b34fb400c10d842,2026-10-08T02:30:43.756281+00:00,2026-10-08T02:30:43.756281+00:00,,FHFA-purchase-only-metro@1,aef4a56a6829d5420685a4d498058e83ccc08e12+tree.4e67479291c8900b,,current revised; historical publication unavailable
45104,"Tacoma-Lakewood, WA (MSAD)",2024,1,565.07,559.61,3.26382924288664,-0.8029921650654082,2024-03-31,https://www.fhfa.gov/hpi/download/quarterly_datasets/hpi_po_metro.txt,d664a8e2e92f64aa17201b3bdd84d0ab4d1a4d00e9c6c15d5b34fb400c10d842,2026-10-08T02:30:43.756281+00:00,2026-10-08T02:30:43.756281+00:00,,FHFA-purchase-only-metro@1,aef4a56a6829d5420685a4d498058e83ccc08e12+tree.4e67479291c8900b,,current revised; historical publication unavailable
45104,"Tacoma-Lakewood, WA (MSAD)",2024,2,587.02,571.54,4.735226948329996,2.1318418184092414,2024-06-30,https://www.fhfa.gov/hpi/download/quarterly_datasets/hpi_po_metro.txt,d664a8e2e92f64aa17201b3bdd84d0ab4d1a4d00e9c6c15d5b34fb400c10d842,2026-10-08T02:30:43.756281+00:00,2026-10-08T02:30:43.756281+00:00,,FHFA-purchase-only-metro@1,aef4a56a6829d5420685a4d498058e83ccc08e12+tree.4e67479291c8900b,,current revised; historical publication unavailable
45104,"Tacoma-Lakewood, WA (MSAD)",2024,3,580.54,574.6,2.5580327173797768,0.5353955978584235,2024-09-30,https://www.fhfa.gov/hpi/download/quarterly_datasets/hpi_po_metro.txt,d664a8e2e92f64aa17201b3bdd84d0ab4d1a4d00e9c6c15d5b34fb400c10d842,2026-10-08T02:30:43.756281+00:00,2026-10-08T02:30:43.756281+00:00,,FHFA-purchase-only-metro@1,aef4a56a6829d5420685a4d498058e83ccc08e12+tree.4e67479291c8900b,,current revised; historical publication unavailable
45104,"Tacoma-Lakewood, WA (MSAD)",2024,4,582.45,586.09,4.059099923177256,1.9996519317786232,2024-12-31,https://www.fhfa.gov/hpi/download/quarterly_datasets/hpi_po_metro.txt,d664a8e2e92f64aa17201b3bdd84d0ab4d1a4d00e9c6c15d5b34fb400c10d842,2026-10-08T02:30:43.756281+00:00,2026-10-08T02:30:43.756281+00:00,,FHFA-purchase-only-metro@1,aef4a56a6829d5420685a4d498058e83ccc08e12+tree.4e67479291c8900b,,current revised; historical publication unavailable
45104,"Tacoma-Lakewood, WA (MSAD)",2025,1,592.4,587.79,4.836568920664686,0.290057840945912,2025-03-31,https://www.fhfa.gov/hpi/download/quarterly_datasets/hpi_po_metro.txt,d664a8e2e92f64aa17201b3bdd84d0ab4d1a4d00e9c6c15d5b34fb400c10d842,2026-10-08T02:30:43.756281+00:00,2026-10-08T02:30:43.756281+00:00,,FHFA-purchase-only-metro@1,aef4a56a6829d5420685a4d498058e83ccc08e12+tree.4e67479291c8900b,,current revised; historical publication unavailable
45104,"Tacoma-Lakewood, WA (MSAD)",2025,2,595.97,580.53,1.524649926748678,-1.2351349971928771,2025-06-30,https://www.fhfa.gov/hpi/download/quarterly_datasets/hpi_po_metro.txt,d664a8e2e92f64aa17201b3bdd84d0ab4d1a4d00e9c6c15d5b34fb400c10d842,2026-10-08T02:30:43.756281+00:00,2026-10-08T02:30:43.756281+00:00,,FHFA-purchase-only-metro@1,aef4a56a6829d5420685a4d498058e83ccc08e12+tree.4e67479291c8900b,,current revised; historical publication unavailable
45104,"Tacoma-Lakewood, WA (MSAD)",2025,3,603.59,597.03,3.9704413132600758,2.8422303756911793,2025-09-30,https://www.fhfa.gov/hpi/download/quarterly_datasets/hpi_po_metro.txt,d664a8e2e92f64aa17201b3bdd84d0ab4d1a4d00e9c6c15d5b34fb400c10d842,2026-10-08T02:30:43.756281+00:00,2026-10-08T02:30:43.756281+00:00,,FHFA-purchase-only-metro@1,aef4a56a6829d5420685a4d498058e83ccc08e12+tree.4e67479291c8900b,,current revised; historical publication unavailable
45104,"Tacoma-Lakewood, WA (MSAD)",2025,4,588.49,591.46,1.036998884024376,-0.9329514429760488,2025-12-31,https://www.fhfa.gov/hpi/download/quarterly_datasets/hpi_po_metro.txt,d664a8e2e92f64aa17201b3bdd84d0ab4d1a4d00e9c6c15d5b34fb400c10d842,2026-10-08T02:30:43.756281+00:00,2026-10-08T02:30:43.756281+00:00,,FHFA-purchase-only-metro@1,aef4a56a6829d5420685a4d498058e83ccc08e12+tree.4e67479291c8900b,,current revised; historical publication unavailable
45104,"Tacoma-Lakewood, WA (MSAD)",2026,1,593.23,589.13,0.14010803511141923,-0.393940418625105,2026-03-31,https://www.fhfa.gov/hpi/download/quarterly_datasets/hpi_po_metro.txt,d664a8e2e92f64aa17201b3bdd84d0ab4d1a4d00e9c6c15d5b34fb400c10d842,2026-10-08T02:30:43.756281+00:00,2026-10-08T02:30:43.756281+00:00,,FHFA-purchase-only-metro@1,aef4a56a6829d5420685a4d498058e83ccc08e12+tree.4e67479291c8900b,,current revised; historical publication unavailable
45104,"Tacoma-Lakewood, WA (MSAD)",2026,2,607.73,592.37,1.97325368726613,0.5499635055081331,2026-06-30,https://www.fhfa.gov/hpi/download/quarterly_datasets/hpi_po_metro.txt,d664a8e2e92f64aa17201b3bdd84d0ab4d1a4d00e9c6c15d5b34fb400c10d842,2026-10-08T02:30:43.756281+00:00,2026-10-08T02:30:43.756281+00:00,,FHFA-purchase-only-metro@1,aef4a56a6829d5420685a4d498058e83ccc08e12+tree.4e67479291c8900b,,current revised; historical publication unavailable
