horizon_years,common_exit_price,common_borrow_rate,preferred_borrow_rate,preferred_exit_to_match,preferred_yield_to_match,match_possible,status
0.5,0.0,0.01,0.05,,,False,scenario
0.5,3.0,0.01,0.05,2.7685651515151513,0.42892254110405076,True,scenario
0.5,5.0,0.01,0.05,5.2029085858585855,0.2282377213444811,True,scenario
0.5,8.0,0.01,0.05,8.854423737373736,0.13411375321780322,True,scenario
0.5,11.88,0.01,0.05,13.57705,0.08746377158513816,True,scenario
0.5,16.0,0.01,0.05,18.591797474747477,0.06387225342858514,True,scenario
0.5,20.0,0.01,0.05,23.46048434343434,0.05061702830241585,True,scenario
0.5,30.0,0.01,0.05,35.632201515151515,0.0333265964353915,True,scenario
0.5,0.0,0.03,0.05,,,False,scenario
0.5,3.0,0.03,0.05,2.9131651515151513,0.40763222757294604,True,scenario
0.5,5.0,0.03,0.05,5.347508585858586,0.22206602961617072,True,scenario
0.5,8.0,0.03,0.05,8.999023737373737,0.13195875848934682,True,scenario
0.5,11.88,0.03,0.05,13.721649999999999,0.08654207037783358,True,scenario
0.5,16.0,0.03,0.05,18.736397474747474,0.0633793129976287,True,scenario
0.5,20.0,0.03,0.05,23.605084343434346,0.050306958565487954,True,scenario
0.5,30.0,0.03,0.05,35.77680151515151,0.03319189949098979,True,scenario
0.5,0.0,0.05,0.05,,,False,scenario
0.5,3.0,0.05,0.05,3.0577651515151514,0.38835552802725304,True,scenario
0.5,5.0,0.05,0.05,5.492108585858586,0.2162193229495948,True,scenario
0.5,8.0,0.05,0.05,9.143623737373737,0.1298719232229779,True,scenario
0.5,11.88,0.05,0.05,13.866249999999999,0.08563959253583342,True,scenario
0.5,16.0,0.05,0.05,18.880997474747478,0.06289392292903118,True,scenario
0.5,20.0,0.05,0.05,23.749684343434343,0.05000066454897061,True,scenario
0.5,30.0,0.05,0.05,35.921401515151516,0.03305828697967469,True,scenario
0.5,0.0,0.1,0.05,,,False,scenario
0.5,3.0,0.1,0.05,3.4192651515151518,0.3472968451931236,True,scenario
0.5,5.0,0.1,0.05,5.853608585858586,0.2028663144421403,True,scenario
0.5,8.0,0.1,0.05,9.505123737373737,0.12493261874443583,True,scenario
0.5,11.88,0.1,0.05,14.227750000000002,0.08346365377519284,True,scenario
0.5,16.0,0.1,0.05,19.242497474747477,0.06171236356187095,True,scenario
0.5,20.0,0.1,0.05,24.111184343434346,0.04925100248438709,True,scenario
0.5,30.0,0.1,0.05,36.282901515151515,0.032728915009845816,True,scenario
1.0,0.0,0.01,0.05,,,False,scenario
1.0,3.0,0.01,0.05,1.8856151515151516,0.6297679561207419,True,scenario
1.0,5.0,0.01,0.05,4.319958585858586,0.2748868944918336,True,scenario
1.0,8.0,0.01,0.05,7.971473737373737,0.14896868999674218,True,scenario
1.0,11.88,0.01,0.05,12.6941,0.09354739603437817,True,scenario
1.0,16.0,0.01,0.05,17.708847474747472,0.06705687660890161,True,scenario
1.0,20.0,0.01,0.05,22.577534343434344,0.05259653166446542,True,scenario
1.0,30.0,0.01,0.05,34.749251515151514,0.034173397935843924,True,scenario
1.0,0.0,0.03,0.05,,,False,scenario
1.0,3.0,0.03,0.05,2.1748151515151517,0.5460234168281805,True,scenario
1.0,5.0,0.03,0.05,4.609158585858586,0.2576392150279625,True,scenario
1.0,8.0,0.03,0.05,8.260673737373736,0.14375340774293,True,scenario
1.0,11.88,0.03,0.05,12.9833,0.09146364945737986,True,scenario
1.0,16.0,0.03,0.05,17.998047474747473,0.06597937924467341,True,scenario
1.0,20.0,0.03,0.05,22.86673434343434,0.051931333183173285,True,scenario
1.0,30.0,0.03,0.05,35.03845151515152,0.03389133790591444,True,scenario
1.0,0.0,0.05,0.05,,,False,scenario
1.0,3.0,0.05,0.05,2.464015151515152,0.48193697156033816,True,scenario
1.0,5.0,0.05,0.05,4.8983585858585865,0.24242814795721096,True,scenario
1.0,8.0,0.05,0.05,8.549873737373735,0.13889093996898771,True,scenario
1.0,11.88,0.05,0.05,13.2725,0.08947071011489922,True,scenario
1.0,16.0,0.05,0.05,18.287247474747474,0.06493596161148894,True,scenario
1.0,20.0,0.05,0.05,23.155934343434343,0.05128275034761035,True,scenario
1.0,30.0,0.05,0.05,35.327651515151516,0.0336138958880609,True,scenario
1.0,0.0,0.1,0.05,,,False,scenario
1.0,3.0,0.1,0.05,3.1870151515151512,0.3726056964101492,True,scenario
1.0,5.0,0.1,0.05,5.6213585858585855,0.21124786506011975,True,scenario
1.0,8.0,0.1,0.05,9.272873737373736,0.12806170272909634,True,scenario
1.0,11.88,0.1,0.05,13.995500000000002,0.08484870136829695,True,scenario
1.0,16.0,0.1,0.05,19.010247474747473,0.062466309372217914,True,scenario
1.0,20.0,0.1,0.05,23.878934343434345,0.04973002492158995,True,scenario
1.0,30.0,0.1,0.05,36.05065151515152,0.03293976530496023,True,scenario
2.0,0.0,0.01,0.05,,,False,scenario
2.0,3.0,0.01,0.05,0.11971515151515133,9.919379334784605,True,scenario
2.0,5.0,0.01,0.05,2.554058585858586,0.46494626496627667,True,scenario
2.0,8.0,0.01,0.05,6.205573737373738,0.19136022715323692,True,scenario
2.0,11.88,0.01,0.05,10.928200000000002,0.10866382386852362,True,scenario
2.0,16.0,0.01,0.05,15.942947474747474,0.07448434499837109,True,scenario
2.0,20.0,0.01,0.05,20.811634343434342,0.05705943033612027,True,scenario
2.0,30.0,0.01,0.05,32.98335151515151,0.03600301198786606,True,scenario
2.0,0.0,0.03,0.05,,,False,scenario
2.0,3.0,0.03,0.05,0.6981151515151502,1.70100877687974,True,scenario
2.0,5.0,0.03,0.05,3.132458585858587,0.37909519549945264,True,scenario
2.0,8.0,0.03,0.05,6.783973737373737,0.17504489934238954,True,scenario
2.0,11.88,0.03,0.05,11.506600000000002,0.10320164079745535,True,scenario
2.0,16.0,0.03,0.05,16.521347474747472,0.071876703871465,True,scenario
2.0,20.0,0.03,0.05,21.390034343434344,0.05551650740404268,True,scenario
2.0,30.0,0.03,0.05,33.561751515151514,0.03538253953950827,True,scenario
2.0,0.0,0.05,0.05,,,False,scenario
2.0,3.0,0.05,0.05,1.2765151515151514,0.9302670623145401,True,scenario
2.0,5.0,0.05,0.05,3.7108585858585856,0.3200068050357265,True,scenario
2.0,8.0,0.05,0.05,7.362373737373737,0.16129308866403705,True,scenario
2.0,11.88,0.05,0.05,12.085,0.09826230864708316,True,scenario
2.0,16.0,0.05,0.05,17.09974747474747,0.06944546998449386,True,scenario
2.0,20.0,0.05,0.05,21.968434343434343,0.0540548307373987,True,scenario
2.0,30.0,0.05,0.05,34.140151515151516,0.034783091090646846,True,scenario
2.0,0.0,0.1,0.05,,,False,scenario
2.0,3.0,0.1,0.05,2.722515151515153,0.4361775541778434,True,scenario
2.0,5.0,0.1,0.05,5.156858585858585,0.23027585112696833,True,scenario
2.0,8.0,0.1,0.05,8.808373737373739,0.13481489721098724,True,scenario
2.0,11.88,0.1,0.05,13.530999999999999,0.08776143670090904,True,scenario
2.0,16.0,0.1,0.05,18.545747474747472,0.06403085136454817,True,scenario
2.0,20.0,0.1,0.05,23.41443434343434,0.05071657861053508,True,scenario
2.0,30.0,0.1,0.05,35.58615151515151,0.03336972247460921,True,scenario
