Date (EDT),Open,High,Low,Close,Change,Volume,Change Since
2026-10-08,14.32,14.56,14.14,14.46,+0.208%,8100,0.000%
2026-10-07,14.35,14.47,14.16,14.43,+0.139%,5657,+0.208%
2026-10-06,14.18,14.44,14.15,14.41,+1.622%,48922,+0.347%
2026-10-05,14.15,14.19,14.02,14.18,-0.978%,6748,+1.975%
2026-10-02,14.41,14.44,14.26,14.32,-0.590%,7801,+0.978%
2026-10-01,14.59,14.6,14.37,14.4,-1.806%,16317,+0.382%
2026-09-30,14.2,14.75,14.11,14.67,+3.895%,24806,-1.431%
2026-09-29,14.05,14.25,14.01,14.12,-0.912%,8827,+2.408%
2026-09-28,14.17,14.43,14.17,14.25,0.000%,3270,+1.474%
2026-09-25,14.44,14.47,14.1,14.25,-1.961%,2710,+1.474%
2026-09-24,14.41,14.64,14.41,14.54,+0.380%,22346,-0.516%
2026-09-23,14.47,14.65,14.46,14.48,-0.924%,21716,-0.138%
2026-09-22,14.48,14.62,14.48,14.62,+1.002%,20171,-1.061%
2026-09-21,14.49,14.68,14.45,14.47,-0.958%,22032,-0.069%
2026-09-18,14.23,15.34,14.23,14.61,+2.096%,7975,-1.027%
2026-09-17,14.3,14.52,14.25,14.31,+0.292%,7973,+1.048%
2026-09-16,14.17,14.39,14.15,14.27,+0.481%,2515,+1.344%
2026-09-15,14.16,14.38,14.16,14.2,-0.351%,4288,+1.831%
2026-09-14,14.02,14.31,14.02,14.25,+0.352%,14673,+1.474%
2026-09-11,14.2,14.22,14.18,14.2,-0.838%,9205,+1.831%
2026-09-10,14.18,14.41,14.18,14.32,+0.140%,5826,+0.978%
2026-09-09,14.23,14.62,14.23,14.3,0.000%,70967,+1.119%
2026-09-04,14.16,14.32,14.16,14.3,+0.105%,7897,+1.119%
2026-09-03,14.2,14.36,14.17,14.29,+0.246%,13082,+1.225%
2026-09-02,14.41,14.41,14.09,14.25,-1.110%,40116,+1.474%
2026-09-01,14.49,14.49,14.28,14.41,-1.504%,16376,+0.347%
2026-08-31,14.32,14.67,14.32,14.63,+1.951%,19542,-1.162%
2026-08-28,14.3,14.35,14.3,14.35,+0.209%,3064,+0.767%
2026-08-27,14.16,14.34,14.16,14.32,+0.491%,6604,+0.978%
2026-08-26,14.17,14.34,14.17,14.25,-0.350%,3855,+1.474%
2026-08-25,14.17,14.34,14.14,14.3,+0.846%,11176,+1.119%
2026-08-24,14.1,14.18,14.1,14.18,+0.212%,3067,+1.975%
2026-08-21,14.16,14.16,14.15,14.15,-0.071%,3978,+2.191%
2026-08-20,14.1,14.25,14.1,14.16,-0.632%,104099,+2.119%
2026-08-19,14.0,14.25,14.0,14.25,+2.077%,21187,+1.474%
2026-08-18,14.07,14.07,13.96,13.96,-1.203%,1790,+3.582%
2026-08-17,14.24,14.24,14.11,14.13,-0.563%,4189,+2.335%
2026-08-14,14.3,14.3,14.11,14.21,-0.733%,607,+1.759%
2026-08-13,14.31,14.31,14.31,14.31,+0.703%,834,+1.013%
2026-08-12,14.29,14.4,14.06,14.21,+0.744%,3858,+1.724%
2026-08-11,14.09,14.33,14.09,14.11,-1.535%,16135,+2.481%
2026-08-10,14.36,14.41,14.33,14.33,-0.796%,7204,+0.907%
2026-08-07,14.36,14.5,14.36,14.45,-0.311%,2451,+0.104%
2026-08-06,14.36,14.49,14.36,14.49,+0.485%,4004,-0.207%
2026-08-05,14.35,14.42,14.35,14.42,+0.488%,2941,+0.277%
2026-08-04,14.45,14.45,14.34,14.35,+0.490%,5128,+0.767%
2026-08-03,14.53,14.9,14.28,14.28,-2.791%,2189,+1.261%
2026-07-31,14.23,14.92,14.23,14.69,+3.378%,36946,-1.566%
2026-07-30,14.26,14.33,14.21,14.21,-0.837%,4296,+1.759%
2026-07-29,14.26,14.63,14.26,14.33,-0.139%,1522,+0.907%
2026-07-28,14.5,14.5,14.35,14.35,+0.209%,793,+0.767%
2026-07-27,14.4,14.4,14.32,14.32,+0.491%,758,+0.978%
2026-07-24,14.25,14.27,14.25,14.25,0.000%,1176,+1.474%
2026-07-23,14.25,14.34,14.25,14.25,-0.070%,4903,+1.474%
2026-07-22,14.25,14.34,14.25,14.26,+0.070%,3208,+1.403%
2026-07-21,14.35,14.37,14.25,14.25,-0.140%,5980,+1.474%
2026-07-20,14.58,14.58,14.27,14.27,-1.586%,69506,+1.331%
2026-07-17,14.13,14.51,14.13,14.5,+1.541%,17207,-0.276%
2026-07-16,14.37,14.54,14.06,14.28,-1.721%,22433,+1.261%
2026-07-15,14.27,14.53,14.27,14.53,+1.149%,16359,-0.482%
2026-07-14,14.24,14.38,14.2,14.37,+0.949%,16106,+0.661%
2026-07-13,14.12,14.28,14.05,14.23,-0.280%,22498,+1.616%
2026-07-10,14.12,14.42,14.1,14.27,+0.599%,19807,+1.331%
2026-07-09,14.05,14.22,13.87,14.19,+0.961%,25965,+1.939%
2026-07-08,14.51,14.76,13.97,14.05,-4.292%,51726,+2.918%
2026-07-07,14.54,14.68,14.21,14.68,+0.205%,21690,-1.499%
2026-07-06,14.69,14.71,14.37,14.65,-0.374%,4484,-1.297%
2026-07-02,14.46,14.76,14.46,14.71,+1.694%,4073,-1.666%
2026-07-01,13.93,14.49,13.93,14.46,+4.029%,6574,0.000%
2026-06-30,14.12,14.68,13.82,13.9,-1.767%,279174,+4.029%
2026-06-29,14.1,14.85,14.08,14.15,+0.426%,19437,+2.191%
2026-06-26,14.11,14.21,13.94,14.09,-0.984%,24712,+2.626%
2026-06-25,14.58,14.58,14.0,14.23,-0.974%,34425,+1.616%
2026-06-24,14.68,14.68,14.36,14.37,+0.070%,3314,+0.626%
2026-06-23,14.4,14.63,14.35,14.36,-0.485%,13131,+0.696%
2026-06-22,14.72,14.85,14.4,14.43,-2.828%,8945,+0.208%
2026-06-18,14.76,14.93,14.7,14.85,-0.067%,15086,-2.626%
2026-06-17,15.05,15.15,14.86,14.86,-1.032%,6238,-2.692%
2026-06-16,14.95,15.06,14.85,15.02,+0.907%,46872,-3.696%
2026-06-15,15.23,15.23,14.88,14.88,-0.067%,5565,-2.823%
2026-06-12,14.88,15.08,14.88,14.89,-0.667%,2552,-2.888%
2026-06-11,14.86,15.12,14.82,14.99,-0.332%,37380,-3.536%
2026-06-10,14.68,15.24,14.6,15.04,+0.737%,8412,-3.856%
2026-06-09,14.53,14.94,14.5,14.93,+2.330%,2342,-3.148%
2026-06-08,14.53,14.7,14.5,14.59,+0.621%,18498,-0.891%
2026-06-05,14.5,14.73,14.5,14.5,-0.956%,8109,-0.276%
2026-06-04,14.61,14.8,14.57,14.64,+0.966%,8464,-1.230%
2026-06-03,14.53,14.99,14.5,14.5,-1.361%,4542,-0.276%
2026-06-02,14.42,14.7,14.22,14.7,-1.143%,5116,-1.633%
2026-06-01,14.55,14.87,14.36,14.87,+1.432%,16604,-2.757%
2026-05-29,14.72,14.81,14.26,14.66,-0.408%,5939,-1.364%
2026-05-28,14.77,14.77,14.59,14.72,-1.670%,5741,-1.766%
2026-05-27,14.48,14.99,14.48,14.97,+3.384%,3525,-3.407%
2026-05-26,14.48,14.48,14.48,14.48,0.000%,344,-0.138%
2026-05-22,14.48,14.48,14.48,14.48,+0.337%,202,-0.138%
2026-05-21,14.23,14.9,14.23,14.43,+0.078%,1338,+0.199%
2026-05-20,14.27,14.87,14.07,14.42,+0.769%,6365,+0.277%
2026-05-19,14.57,14.9,14.08,14.31,-2.321%,9219,+1.048%
2026-05-18,14.58,14.83,14.58,14.65,-2.431%,7786,-1.297%
2026-05-15,15.31,15.31,14.94,15.02,-2.563%,1805,-3.696%
2026-05-14,15.33,15.51,15.33,15.41,-0.900%,5941,-6.165%
2026-05-13,15.54,15.56,14.29,15.55,-0.193%,3518,-7.010%
2026-05-12,15.29,15.58,15.28,15.58,+0.841%,12093,-7.189%
2026-05-11,15.53,15.6,15.44,15.45,-1.530%,5552,-6.408%
2026-05-08,15.1,15.69,14.92,15.69,+4.950%,7467,-7.839%
2026-05-07,14.16,15.15,14.16,14.95,+3.103%,10933,-3.278%
2026-05-06,14.7,14.71,14.5,14.5,+0.069%,9005,-0.276%
2026-05-05,14.3,14.53,14.28,14.49,+0.485%,2682,-0.207%
2026-05-04,14.39,14.42,14.05,14.42,+1.549%,5129,+0.277%
2026-05-01,14.2,14.27,14.01,14.2,+0.070%,9518,+1.831%
2026-04-30,14.16,14.25,14.16,14.19,+0.925%,7162,+1.903%
2026-04-29,14.05,14.28,14.01,14.06,+0.071%,9066,+2.845%
2026-04-28,13.99,14.07,13.99,14.05,0.000%,6054,+2.918%
2026-04-27,13.95,14.07,13.67,14.05,-1.404%,16343,+2.918%
2026-04-24,14.13,14.25,13.95,14.25,0.000%,5917,+1.474%
2026-04-23,14.1,14.29,14.1,14.25,+1.136%,6541,+1.474%
2026-04-22,14.09,14.3,14.09,14.09,-0.494%,4801,+2.626%
2026-04-21,14.32,14.54,14.16,14.16,-1.633%,12281,+2.119%
2026-04-20,14.48,14.55,14.29,14.39,-1.065%,17633,+0.452%
2026-04-17,14.52,14.81,14.52,14.55,+2.105%,3466,-0.619%
2026-04-16,14.3,14.35,14.24,14.25,-1.724%,14399,+1.474%
2026-04-15,13.81,14.5,13.81,14.5,+0.694%,6788,-0.276%
2026-04-14,13.94,14.78,13.9,14.4,+3.300%,8288,+0.417%
2026-04-13,13.77,13.99,13.77,13.94,+3.183%,1441,+3.730%
2026-04-10,13.46,13.51,13.46,13.51,+0.371%,1072,+7.032%
2026-04-09,13.43,13.46,13.36,13.46,+0.824%,970,+7.429%
2026-04-08,12.75,13.43,12.75,13.35,+5.701%,22511,+8.315%
2026-04-07,12.45,12.73,12.34,12.63,+0.637%,8200,+14.489%
2026-04-06,12.79,12.8,12.55,12.55,-1.800%,3664,+15.219%
2026-04-02,13.08,13.12,12.73,12.78,-3.035%,23405,+13.146%
2026-04-01,12.97,13.19,12.97,13.18,+2.250%,10321,+9.712%
2026-03-31,13.74,13.75,12.85,12.89,-4.092%,142782,+12.180%
2026-03-30,13.59,13.62,13.21,13.44,+0.224%,2000,+7.589%
2026-03-27,13.47,13.5,13.35,13.41,+0.075%,1410,+7.830%
2026-03-26,13.5,13.5,13.4,13.4,-0.223%,10696,+7.910%
2026-03-25,13.46,13.48,13.4,13.43,+1.206%,2003,+7.669%
2026-03-24,13.27,13.27,13.27,13.27,-0.748%,281,+8.968%
2026-03-23,13.15,13.4,13.15,13.37,+1.673%,3941,+8.153%
2026-03-20,13.28,13.32,13.15,13.15,-2.158%,8312,+9.962%
2026-03-19,13.31,13.44,13.31,13.44,+0.448%,2689,+7.589%
2026-03-18,13.41,13.5,13.36,13.38,-1.255%,9097,+8.072%
2026-03-17,13.55,13.55,13.37,13.55,+1.880%,11747,+6.716%
2026-03-16,13.46,13.8,13.3,13.3,-0.746%,16676,+8.722%
2026-03-13,13.61,13.61,13.28,13.4,-1.615%,8776,+7.910%
2026-03-12,13.7,13.9,13.47,13.62,-1.590%,13898,+6.167%
2026-03-11,13.75,13.9,13.72,13.84,-0.072%,1096,+4.480%
2026-03-10,13.79,14.03,13.65,13.85,+0.072%,12363,+4.404%
2026-03-09,13.83,13.84,13.67,13.84,-0.646%,2160,+4.480%
2026-03-06,13.87,14.01,13.59,13.93,-0.358%,9024,+3.805%
2026-03-05,13.47,13.98,13.47,13.98,+2.719%,27525,+3.433%
2026-03-04,13.61,13.75,13.59,13.61,-0.366%,7158,+6.245%
2026-03-03,13.9,13.9,13.65,13.66,-2.637%,41154,+5.857%
2026-03-02,13.8,14.05,13.72,14.03,+1.593%,9976,+3.065%
2026-02-27,14.5,14.5,13.81,13.81,-5.281%,156408,+4.707%
2026-02-26,14.83,14.94,14.5,14.58,+1.250%,45224,-0.823%
2026-02-25,14.7,14.7,14.38,14.4,-2.041%,13762,+0.417%
2026-02-24,14.69,14.7,14.69,14.7,-1.210%,1110,-1.633%
2026-02-23,14.95,14.95,14.75,14.88,-0.268%,7621,-2.823%
2026-02-20,14.67,14.93,14.4,14.92,-0.201%,6517,-3.083%
2026-02-19,14.56,15.0,14.56,14.95,-0.333%,7659,-3.278%
2026-02-18,15.03,15.19,15.0,15.0,-0.464%,18785,-3.600%
2026-02-17,14.87,15.3,14.8,15.07,+0.803%,9614,-4.048%
2026-02-13,14.89,14.95,14.62,14.95,+0.403%,2285,-3.278%
2026-02-12,14.98,14.98,14.62,14.89,-0.866%,5766,-2.888%
2026-02-11,15.01,15.27,15.01,15.02,-1.380%,7886,-3.728%
2026-02-10,15.42,15.45,15.12,15.23,-1.103%,19140,-5.056%
2026-02-09,15.39,15.4,15.37,15.4,-0.613%,1759,-6.104%
2026-02-06,15.5,15.5,15.09,15.49,-0.032%,5499,-6.680%
2026-02-05,15.38,15.5,15.37,15.5,+0.129%,3080,-6.710%
2026-02-04,15.41,15.56,15.24,15.48,+0.324%,2108,-6.589%
2026-02-03,15.42,15.66,15.42,15.43,-0.387%,2539,-6.286%
2026-02-02,15.51,15.51,15.34,15.49,-1.022%,1541,-6.649%
2026-01-30,15.49,15.66,15.45,15.65,+0.321%,26150,-7.604%
2026-01-29,15.58,15.64,15.58,15.6,-0.256%,11406,-7.308%
2026-01-28,15.51,15.64,15.51,15.64,+0.838%,15370,-7.545%
2026-01-27,15.45,15.56,15.42,15.51,+0.616%,7531,-6.770%
2026-01-26,15.25,15.47,15.25,15.41,+1.016%,38683,-6.195%
2026-01-23,15.2,15.3,15.05,15.26,+0.066%,13754,-5.242%
2026-01-22,15.34,15.38,15.25,15.25,-0.587%,4220,-5.180%
2026-01-21,15.21,15.43,15.21,15.34,+0.524%,5930,-5.737%
2026-01-20,15.46,15.46,15.26,15.26,-2.117%,13522,-5.242%
2026-01-16,15.59,15.59,15.59,15.59,-0.383%,268,-7.248%
2026-01-15,15.65,15.65,15.57,15.65,-0.001%,1233,-7.604%
2026-01-14,15.78,15.78,15.65,15.65,-1.011%,819,-7.604%
2026-01-13,15.68,15.83,15.68,15.81,+0.509%,9777,-8.539%
2026-01-12,15.71,15.73,15.32,15.73,-0.190%,2033,-8.074%
2026-01-09,15.76,15.88,15.71,15.76,+0.191%,14504,-8.249%
2026-01-08,15.61,15.82,15.61,15.73,+0.191%,23063,-8.074%
2026-01-07,15.55,15.73,15.5,15.7,+1.948%,37945,-7.898%
2026-01-06,15.35,15.5,15.35,15.4,-0.324%,8935,-6.104%
2026-01-05,15.37,15.49,15.37,15.45,+0.849%,11247,-6.408%
2026-01-02,15.49,15.49,15.28,15.32,-1.225%,1619,-5.614%
2025-12-31,15.43,15.53,15.15,15.51,+0.065%,48507,-6.770%
2025-12-30,15.29,15.58,15.1,15.5,+2.310%,11373,-6.710%
2025-12-29,15.49,15.49,15.0,15.15,-1.303%,36420,-4.554%
2025-12-26,15.37,15.37,15.3,15.35,+0.196%,3060,-5.798%
2025-12-24,15.49,15.49,15.1,15.32,-1.416%,4460,-5.614%
2025-12-23,15.57,15.61,15.52,15.54,-0.766%,9986,-6.950%
2025-12-22,15.62,15.73,15.39,15.66,-0.191%,15810,-7.663%
2025-12-19,15.39,15.69,15.39,15.69,+0.128%,4439,-7.839%
2025-12-18,15.58,15.69,15.58,15.67,+0.578%,13613,-7.722%
2025-12-17,15.45,15.6,15.45,15.58,+0.193%,7326,-7.189%
2025-12-16,15.45,15.56,15.35,15.55,+0.129%,7604,-7.010%
2025-12-15,15.53,15.58,15.53,15.53,+0.064%,10288,-6.890%
2025-12-12,15.47,15.53,15.42,15.52,+0.258%,13277,-6.830%
2025-12-11,15.25,15.48,15.25,15.48,+0.847%,30164,-6.589%
2025-12-10,15.25,15.39,15.22,15.35,+0.327%,28016,-5.798%
2025-12-09,15.19,15.32,15.12,15.3,+0.460%,22398,-5.490%
2025-12-08,15.13,15.24,15.11,15.23,+0.462%,10418,-5.056%
2025-12-05,14.96,15.17,14.96,15.16,+0.999%,12180,-4.617%
2025-12-04,14.86,15.01,14.86,15.01,+0.469%,2144,-3.664%
2025-12-03,14.99,15.01,14.71,14.94,-0.863%,3252,-3.213%
2025-12-02,15.05,15.09,15.01,15.07,-0.133%,39780,-4.048%
2025-12-01,15.08,15.18,14.97,15.09,-0.132%,10544,-4.175%
2025-11-28,15.0,15.25,15.0,15.11,+1.070%,66699,-4.302%
2025-11-26,14.78,14.96,14.72,14.95,+1.701%,9102,-3.278%
2025-11-25,14.7,14.75,14.68,14.7,0.000%,21838,-1.633%
2025-11-24,14.69,14.72,14.62,14.7,+0.068%,22381,-1.633%
2025-11-21,14.64,14.79,14.62,14.69,-0.068%,30548,-1.566%
2025-11-20,14.84,14.94,14.69,14.7,-1.342%,29057,-1.633%
2025-11-19,14.72,15.02,14.72,14.9,+0.540%,5653,-2.953%
2025-11-18,14.73,14.93,14.45,14.82,-0.202%,23910,-2.429%
2025-11-17,15.02,15.02,14.85,14.85,-1.656%,12119,-2.626%
2025-11-14,14.86,15.11,14.86,15.1,+0.734%,3343,-4.238%
2025-11-13,15.0,15.04,14.75,14.99,-0.663%,2837,-3.536%
2025-11-12,15.09,15.13,14.99,15.09,+0.066%,3604,-4.175%
2025-11-11,14.99,15.09,14.99,15.08,+0.466%,1131,-4.111%
2025-11-10,15.01,15.11,15.01,15.01,0.000%,1798,-3.664%
2025-11-07,14.98,15.01,14.95,15.01,-0.530%,57056,-3.664%
2025-11-06,15.05,15.12,15.03,15.09,-0.396%,1821,-4.175%
2025-11-05,15.0,15.15,14.99,15.15,+1.108%,6023,-4.554%
2025-11-04,14.95,15.0,14.95,14.98,-0.439%,4828,-3.497%
2025-11-03,14.99,15.21,14.96,15.05,+0.400%,12573,-3.920%
2025-10-31,14.95,15.05,14.95,14.99,+0.134%,38097,-3.536%
2025-10-30,14.96,15.13,14.96,14.97,-0.399%,4500,-3.407%
2025-10-29,15.01,15.1,14.99,15.03,-0.133%,9453,-3.792%
2025-10-28,15.07,15.15,15.0,15.05,-0.331%,1967,-3.920%
2025-10-27,15.12,15.17,15.1,15.1,+0.199%,13288,-4.238%
2025-10-24,15.09,15.13,15.07,15.07,+0.400%,12677,-4.048%
2025-10-23,14.95,15.02,14.95,15.01,0.000%,1714,-3.664%
2025-10-22,15.0,15.04,15.0,15.01,-0.067%,4761,-3.664%
2025-10-21,14.98,15.1,14.98,15.02,0.000%,6081,-3.728%
2025-10-20,14.89,15.08,14.89,15.02,+1.077%,8388,-3.728%
2025-10-17,14.87,14.97,14.86,14.86,0.000%,3884,-2.692%
2025-10-16,14.88,14.88,14.86,14.86,-0.801%,912,-2.692%
2025-10-15,14.76,15.01,14.76,14.98,+1.456%,7361,-3.471%
2025-10-14,14.71,14.85,14.64,14.77,+0.102%,24533,-2.066%
2025-10-13,14.51,14.86,14.51,14.75,0.000%,1442,-1.966%
2025-10-10,14.59,14.75,14.59,14.75,+0.068%,22168,-1.966%
2025-10-09,14.7,14.82,14.55,14.74,-0.473%,21121,-1.900%
2025-10-08,14.61,14.82,14.57,14.81,+1.595%,7650,-2.363%
2025-10-07,14.6,14.61,14.46,14.58,+0.743%,7738,-0.806%
2025-10-06,14.25,14.47,14.25,14.47,-0.069%,5124,-0.069%
2025-10-03,14.24,14.48,14.24,14.48,+1.259%,9395,-0.138%
2025-10-02,14.44,14.44,14.07,14.3,-0.556%,45629,+1.119%
2025-10-01,14.33,14.53,14.15,14.38,+0.842%,64164,+0.556%
2025-09-30,14.58,14.58,14.0,14.26,-1.519%,547558,+1.403%
2025-09-29,14.58,14.58,14.14,14.48,-0.275%,52080,-0.138%
2025-09-26,14.4,14.65,14.35,14.52,+0.484%,32454,-0.413%
2025-09-25,14.58,14.58,14.12,14.45,-0.482%,22799,+0.069%
2025-09-24,14.95,14.95,14.41,14.52,-1.826%,9490,-0.413%
2025-09-23,15.04,15.04,14.79,14.79,-1.466%,9076,-2.231%
2025-09-22,14.95,15.02,14.95,15.01,+1.094%,7980,-3.664%
2025-09-19,14.97,15.0,14.85,14.85,-3.084%,4308,-2.610%
2025-09-18,15.18,15.32,14.99,15.32,-0.010%,4509,-5.614%
2025-09-17,15.35,15.35,15.19,15.32,+0.866%,28354,-5.623%
2025-09-16,15.06,15.28,15.0,15.19,+1.673%,37348,-4.806%
2025-09-15,14.97,15.13,14.84,14.94,+1.357%,10834,-3.213%
2025-09-12,14.84,14.84,14.21,14.74,-0.136%,11721,-1.900%
2025-09-11,14.75,15.14,14.26,14.76,+0.034%,35467,-2.033%
2025-09-10,14.9,14.96,14.6,14.76,+0.034%,227729,-1.999%
2025-09-09,15.14,15.14,14.67,14.75,-2.318%,12053,-1.966%
2025-09-08,14.98,15.1,14.86,15.1,+0.936%,7065,-4.238%
2025-09-05,15.1,15.2,14.83,14.96,-0.267%,14768,-3.342%
2025-09-04,14.92,15.02,14.81,15.0,+0.536%,9621,-3.600%
2025-09-03,14.96,15.04,14.15,14.92,+0.269%,37748,-3.083%
2025-09-02,15.25,15.25,14.78,14.88,-2.105%,25538,-2.823%
2025-08-29,16.05,16.05,15.05,15.2,-4.222%,71598,-4.868%
2025-08-28,16.18,16.2,15.87,15.87,-1.855%,5169,-8.885%
2025-08-27,16.26,16.26,16.01,16.17,-0.492%,6167,-10.575%
2025-08-26,16.2,16.27,16.05,16.25,+0.371%,4360,-11.015%
2025-08-25,16.19,16.5,16.07,16.19,+0.809%,8361,-10.686%
2025-08-22,15.77,16.13,15.75,16.06,+1.968%,11210,-9.963%
2025-08-21,15.59,15.78,15.56,15.75,+0.639%,20843,-8.190%
2025-08-20,15.56,15.66,15.5,15.65,+1.066%,27138,-7.604%
2025-08-19,15.36,15.51,15.36,15.48,+0.356%,12444,-6.619%
2025-08-18,15.51,15.51,15.18,15.43,+0.130%,20559,-6.286%
2025-08-15,15.47,15.51,15.06,15.41,+0.391%,13919,-6.165%
2025-08-14,15.27,15.35,15.27,15.35,+0.065%,2075,-5.798%
2025-08-13,15.14,15.34,15.12,15.34,-0.454%,12097,-5.737%
2025-08-12,15.51,15.51,15.11,15.41,-0.194%,7516,-6.165%
2025-08-11,15.47,15.48,15.28,15.44,+0.325%,6120,-6.347%
2025-08-08,15.51,15.51,15.32,15.39,+0.717%,4846,-6.043%
2025-08-07,15.5,15.5,15.28,15.28,-1.417%,10021,-5.369%
2025-08-06,15.0,15.5,15.0,15.5,+2.990%,30002,-6.710%
2025-08-05,15.02,15.05,14.94,15.05,+0.333%,8230,-3.920%
2025-08-04,14.6,15.09,14.6,15.0,+2.599%,22411,-3.600%
2025-08-01,14.89,14.89,14.62,14.62,-1.813%,8371,-1.094%
2025-07-31,14.49,15.0,14.49,14.89,+1.916%,88055,-2.888%
2025-07-30,14.56,14.75,14.56,14.61,+0.137%,37566,-1.027%
2025-07-29,14.6,14.78,14.5,14.59,-0.068%,15075,-0.891%
2025-07-28,14.75,14.75,14.5,14.6,-0.680%,3685,-0.959%
2025-07-25,14.9,14.9,14.5,14.7,-0.743%,13990,-1.633%
2025-07-24,14.59,14.81,14.45,14.81,+1.717%,2599,-2.363%
2025-07-23,14.61,14.8,14.46,14.56,-0.750%,33946,-0.687%
2025-07-22,14.85,14.85,14.66,14.67,-1.411%,1707,-1.431%
2025-07-21,14.64,14.88,14.6,14.88,+1.431%,7465,-2.823%
2025-07-18,14.61,14.67,14.52,14.67,+0.479%,4426,-1.431%
2025-07-17,14.9,14.9,14.4,14.6,-1.418%,19292,-0.959%
2025-07-16,14.68,14.81,14.46,14.81,+0.886%,10715,-2.363%
2025-07-15,14.54,14.68,14.37,14.68,+0.410%,15636,-1.499%
2025-07-14,14.86,14.86,14.51,14.62,-1.813%,4466,-1.094%
2025-07-11,14.7,14.89,14.61,14.89,+0.134%,4004,-2.888%
2025-07-10,14.92,14.92,14.66,14.87,-0.201%,65582,-2.757%
2025-07-09,15.0,15.1,14.71,14.9,-0.931%,34702,-2.953%
2025-07-08,14.84,15.09,14.84,15.04,+0.872%,8251,-3.856%
2025-07-07,15.01,15.03,14.84,14.91,-0.600%,2695,-3.018%
2025-07-03,14.8,15.04,14.8,15.0,-0.990%,2695,-3.600%
2025-07-02,15.04,15.3,14.89,15.15,+1.508%,21623,-4.554%
2025-07-01,14.86,15.05,14.8,14.93,+0.437%,11205,-3.116%
2025-06-30,14.94,15.14,14.8,14.86,+0.405%,738396,-2.692%
2025-06-27,14.83,14.83,14.75,14.8,+0.646%,21145,-2.297%
2025-06-26,14.73,14.74,14.35,14.71,+0.581%,86558,-1.666%
2025-06-25,14.7,14.85,14.48,14.62,-1.083%,67893,-1.094%
2025-06-24,14.95,14.95,14.76,14.78,-0.270%,141250,-2.165%
2025-06-23,14.77,14.93,14.7,14.82,-0.936%,71894,-2.429%
2025-06-20,14.7,14.96,14.61,14.96,-0.200%,7945,-3.342%
2025-06-18,14.95,15.0,14.75,14.99,+1.011%,12257,-3.536%
2025-06-17,14.78,14.94,14.77,14.84,-0.202%,15081,-2.561%
2025-06-16,14.85,15.0,14.73,14.87,+2.410%,38335,-2.757%
2025-06-13,14.5,14.53,14.41,14.52,-0.820%,49174,-0.413%
2025-06-12,15.75,15.8,14.6,14.64,+18.831%,310908,-1.230%
2025-06-11,12.53,12.65,12.27,12.32,-0.965%,74863,+17.370%
2025-06-10,12.51,12.51,12.3,12.44,+0.323%,51823,+16.238%
2025-06-09,12.4,12.46,12.38,12.4,-0.482%,5213,+16.613%
2025-06-06,12.47,12.68,12.38,12.46,0.000%,23153,+16.051%
2025-06-05,12.59,12.66,12.26,12.46,+0.121%,13892,+16.051%
2025-06-04,12.42,12.46,12.24,12.45,+0.606%,12134,+16.191%
2025-06-03,12.38,12.38,12.31,12.37,+0.897%,6389,+16.896%
2025-06-02,12.27,12.39,12.13,12.26,-0.648%,6127,+17.945%
2025-05-30,12.2,12.35,12.2,12.34,+0.735%,23112,+17.180%
2025-05-29,12.31,12.39,12.24,12.25,+0.082%,8919,+18.041%
2025-05-28,12.35,12.35,12.2,12.24,-0.569%,29217,+18.137%
2025-05-27,12.42,12.42,12.29,12.31,+0.325%,4436,+17.465%
2025-05-23,12.32,12.5,12.25,12.27,-0.727%,14030,+17.847%
2025-05-22,12.71,12.82,12.35,12.36,-2.754%,98652,+16.990%
2025-05-21,12.71,12.83,12.45,12.71,0.000%,54886,+13.769%
2025-05-20,12.78,12.78,12.67,12.71,+0.158%,1636,+13.769%
2025-05-19,12.78,12.78,12.69,12.69,-0.079%,22705,+13.948%
2025-05-16,12.88,12.88,12.65,12.7,-0.157%,26855,+13.858%
2025-05-15,12.83,12.99,12.57,12.72,-0.079%,29562,+13.679%
2025-05-14,12.9,12.9,12.73,12.73,-0.547%,21215,+13.590%
2025-05-13,13.01,13.29,12.3,12.8,-0.621%,124827,+12.969%
2025-05-12,12.75,13.44,12.58,12.88,+0.468%,41150,+12.267%
2025-05-09,12.96,12.96,12.71,12.82,+0.156%,20643,+12.793%
2025-05-08,12.99,12.99,12.8,12.8,0.000%,15904,+12.969%
2025-05-07,12.93,13.11,12.8,12.8,0.000%,34342,+12.969%
2025-05-06,12.79,13.0,12.79,12.8,-0.312%,27402,+12.969%
2025-05-05,12.82,12.95,12.65,12.84,-0.926%,42625,+12.617%
2025-05-02,13.38,13.4,12.96,12.96,-2.483%,17528,+11.574%
2025-05-01,13.4,13.4,12.97,13.29,-0.075%,5161,+8.804%
2025-04-30,13.05,13.33,12.92,13.3,+1.916%,34334,+8.722%
2025-04-29,12.99,13.08,12.98,13.05,+0.307%,13001,+10.805%
2025-04-28,13.24,13.31,13.0,13.01,-0.611%,30011,+11.145%
2025-04-25,12.66,13.09,12.29,13.09,+4.553%,62550,+10.466%
2025-04-24,13.1,13.1,12.52,12.52,-3.840%,2209,+15.495%
2025-04-23,13.13,13.25,12.99,13.02,+0.696%,9007,+11.060%
2025-04-22,12.77,13.13,12.38,12.93,+3.192%,8751,+11.833%
2025-04-21,12.72,12.86,12.24,12.53,+0.001%,4693,+15.402%
2025-04-17,12.55,12.68,12.4,12.53,0.000%,36872,+15.403%
