security,horizon_years,entry_price,exit_price,required_yield,borrow_rate,cash_dividend_paid_fraction,unpaid_cumulative_dividend_per_share,terminal_pricing_assumption,gross_price_return,cash_dividend_cost,borrow_cost,roundtrip_cost,net_return,status,assumption_set_id
preferred,0.5,14.46,16.96428571428571,,0.01,0,0.59375,Exogenous terminal quote including unresolved arrears value; D/y is NOT an arrears valuation,-0.1731871171705195,0.0,0.005,0.0,-0.1781871171705195,scenario,hpp-security-comparison-2026-10-09@1
preferred,0.5,14.46,16.96428571428571,,0.01,0.5,0.296875,Exogenous terminal quote including unresolved arrears value; D/y is NOT an arrears valuation,-0.1731871171705195,0.020530774550484094,0.005,0.0,-0.1987178917210036,scenario,hpp-security-comparison-2026-10-09@1
preferred,0.5,14.46,16.96428571428571,0.07,0.01,1,0.0,Uninterrupted no-call perpetuity,-0.1731871171705195,0.04106154910096819,0.005,0.0,-0.21924866627148767,scenario,hpp-security-comparison-2026-10-09@1
preferred,0.5,14.46,14.46,,0.01,0,0.59375,Exogenous terminal quote including unresolved arrears value; D/y is NOT an arrears valuation,0.0,0.0,0.005,0.0,-0.005,scenario,hpp-security-comparison-2026-10-09@1
preferred,0.5,14.46,14.46,,0.01,0.5,0.296875,Exogenous terminal quote including unresolved arrears value; D/y is NOT an arrears valuation,0.0,0.020530774550484094,0.005,0.0,-0.025530774550484095,scenario,hpp-security-comparison-2026-10-09@1
preferred,0.5,14.46,14.46,0.08212309820193638,0.01,1,0.0,Uninterrupted no-call perpetuity,0.0,0.04106154910096819,0.005,0.0,-0.046061549100968185,scenario,hpp-security-comparison-2026-10-09@1
preferred,0.5,14.46,11.875,,0.01,0,0.59375,Exogenous terminal quote including unresolved arrears value; D/y is NOT an arrears valuation,0.17876901798063627,0.0,0.005,0.0,0.17376901798063626,scenario,hpp-security-comparison-2026-10-09@1
preferred,0.5,14.46,11.875,,0.01,0.5,0.296875,Exogenous terminal quote including unresolved arrears value; D/y is NOT an arrears valuation,0.17876901798063627,0.020530774550484094,0.005,0.0,0.15323824343015216,scenario,hpp-security-comparison-2026-10-09@1
preferred,0.5,14.46,11.875,0.1,0.01,1,0.0,Uninterrupted no-call perpetuity,0.17876901798063627,0.04106154910096819,0.005,0.0,0.13270746887966808,scenario,hpp-security-comparison-2026-10-09@1
preferred,0.5,14.46,9.895833333333334,,0.01,0,0.59375,Exogenous terminal quote including unresolved arrears value; D/y is NOT an arrears valuation,0.31564084831719685,0.0,0.005,0.0,0.31064084831719685,scenario,hpp-security-comparison-2026-10-09@1
preferred,0.5,14.46,9.895833333333334,,0.01,0.5,0.296875,Exogenous terminal quote including unresolved arrears value; D/y is NOT an arrears valuation,0.31564084831719685,0.020530774550484094,0.005,0.0,0.2901100737667128,scenario,hpp-security-comparison-2026-10-09@1
preferred,0.5,14.46,9.895833333333334,0.12,0.01,1,0.0,Uninterrupted no-call perpetuity,0.31564084831719685,0.04106154910096819,0.005,0.0,0.26957929921622864,scenario,hpp-security-comparison-2026-10-09@1
preferred,0.5,14.46,7.421875,,0.01,0,0.59375,Exogenous terminal quote including unresolved arrears value; D/y is NOT an arrears valuation,0.4867306362378977,0.0,0.005,0.0,0.4817306362378977,scenario,hpp-security-comparison-2026-10-09@1
preferred,0.5,14.46,7.421875,,0.01,0.5,0.296875,Exogenous terminal quote including unresolved arrears value; D/y is NOT an arrears valuation,0.4867306362378977,0.020530774550484094,0.005,0.0,0.4611998616874136,scenario,hpp-security-comparison-2026-10-09@1
preferred,0.5,14.46,7.421875,0.16,0.01,1,0.0,Uninterrupted no-call perpetuity,0.4867306362378977,0.04106154910096819,0.005,0.0,0.4406690871369295,scenario,hpp-security-comparison-2026-10-09@1
preferred,0.5,14.46,5.9375,,0.01,0,0.59375,Exogenous terminal quote including unresolved arrears value; D/y is NOT an arrears valuation,0.5893845089903181,0.0,0.005,0.0,0.5843845089903181,scenario,hpp-security-comparison-2026-10-09@1
preferred,0.5,14.46,5.9375,,0.01,0.5,0.296875,Exogenous terminal quote including unresolved arrears value; D/y is NOT an arrears valuation,0.5893845089903181,0.020530774550484094,0.005,0.0,0.563853734439834,scenario,hpp-security-comparison-2026-10-09@1
preferred,0.5,14.46,5.9375,0.2,0.01,1,0.0,Uninterrupted no-call perpetuity,0.5893845089903181,0.04106154910096819,0.005,0.0,0.54332295988935,scenario,hpp-security-comparison-2026-10-09@1
preferred,0.5,14.46,3.9583333333333335,,0.01,0,0.59375,Exogenous terminal quote including unresolved arrears value; D/y is NOT an arrears valuation,0.7262563393268788,0.0,0.005,0.0,0.7212563393268788,scenario,hpp-security-comparison-2026-10-09@1
preferred,0.5,14.46,3.9583333333333335,,0.01,0.5,0.296875,Exogenous terminal quote including unresolved arrears value; D/y is NOT an arrears valuation,0.7262563393268788,0.020530774550484094,0.005,0.0,0.7007255647763947,scenario,hpp-security-comparison-2026-10-09@1
preferred,0.5,14.46,3.9583333333333335,0.3,0.01,1,0.0,Uninterrupted no-call perpetuity,0.7262563393268788,0.04106154910096819,0.005,0.0,0.6801947902259107,scenario,hpp-security-comparison-2026-10-09@1
preferred,0.5,14.46,2.96875,,0.01,0,0.59375,Exogenous terminal quote including unresolved arrears value; D/y is NOT an arrears valuation,0.7946922544951591,0.0,0.005,0.0,0.7896922544951591,scenario,hpp-security-comparison-2026-10-09@1
preferred,0.5,14.46,2.96875,,0.01,0.5,0.296875,Exogenous terminal quote including unresolved arrears value; D/y is NOT an arrears valuation,0.7946922544951591,0.020530774550484094,0.005,0.0,0.769161479944675,scenario,hpp-security-comparison-2026-10-09@1
preferred,0.5,14.46,2.96875,0.4,0.01,1,0.0,Uninterrupted no-call perpetuity,0.7946922544951591,0.04106154910096819,0.005,0.0,0.748630705394191,scenario,hpp-security-comparison-2026-10-09@1
preferred,0.5,14.46,16.96428571428571,,0.03,0,0.59375,Exogenous terminal quote including unresolved arrears value; D/y is NOT an arrears valuation,-0.1731871171705195,0.0,0.015,0.0,-0.1881871171705195,scenario,hpp-security-comparison-2026-10-09@1
preferred,0.5,14.46,16.96428571428571,,0.03,0.5,0.296875,Exogenous terminal quote including unresolved arrears value; D/y is NOT an arrears valuation,-0.1731871171705195,0.020530774550484094,0.015,0.0,-0.20871789172100358,scenario,hpp-security-comparison-2026-10-09@1
preferred,0.5,14.46,16.96428571428571,0.07,0.03,1,0.0,Uninterrupted no-call perpetuity,-0.1731871171705195,0.04106154910096819,0.015,0.0,-0.22924866627148766,scenario,hpp-security-comparison-2026-10-09@1
preferred,0.5,14.46,14.46,,0.03,0,0.59375,Exogenous terminal quote including unresolved arrears value; D/y is NOT an arrears valuation,0.0,0.0,0.015,0.0,-0.015,scenario,hpp-security-comparison-2026-10-09@1
preferred,0.5,14.46,14.46,,0.03,0.5,0.296875,Exogenous terminal quote including unresolved arrears value; D/y is NOT an arrears valuation,0.0,0.020530774550484094,0.015,0.0,-0.03553077455048409,scenario,hpp-security-comparison-2026-10-09@1
preferred,0.5,14.46,14.46,0.08212309820193638,0.03,1,0.0,Uninterrupted no-call perpetuity,0.0,0.04106154910096819,0.015,0.0,-0.05606154910096819,scenario,hpp-security-comparison-2026-10-09@1
preferred,0.5,14.46,11.875,,0.03,0,0.59375,Exogenous terminal quote including unresolved arrears value; D/y is NOT an arrears valuation,0.17876901798063627,0.0,0.015,0.0,0.16376901798063626,scenario,hpp-security-comparison-2026-10-09@1
preferred,0.5,14.46,11.875,,0.03,0.5,0.296875,Exogenous terminal quote including unresolved arrears value; D/y is NOT an arrears valuation,0.17876901798063627,0.020530774550484094,0.015,0.0,0.14323824343015218,scenario,hpp-security-comparison-2026-10-09@1
preferred,0.5,14.46,11.875,0.1,0.03,1,0.0,Uninterrupted no-call perpetuity,0.17876901798063627,0.04106154910096819,0.015,0.0,0.12270746887966809,scenario,hpp-security-comparison-2026-10-09@1
preferred,0.5,14.46,9.895833333333334,,0.03,0,0.59375,Exogenous terminal quote including unresolved arrears value; D/y is NOT an arrears valuation,0.31564084831719685,0.0,0.015,0.0,0.30064084831719684,scenario,hpp-security-comparison-2026-10-09@1
preferred,0.5,14.46,9.895833333333334,,0.03,0.5,0.296875,Exogenous terminal quote including unresolved arrears value; D/y is NOT an arrears valuation,0.31564084831719685,0.020530774550484094,0.015,0.0,0.28011007376671276,scenario,hpp-security-comparison-2026-10-09@1
preferred,0.5,14.46,9.895833333333334,0.12,0.03,1,0.0,Uninterrupted no-call perpetuity,0.31564084831719685,0.04106154910096819,0.015,0.0,0.25957929921622863,scenario,hpp-security-comparison-2026-10-09@1
preferred,0.5,14.46,7.421875,,0.03,0,0.59375,Exogenous terminal quote including unresolved arrears value; D/y is NOT an arrears valuation,0.4867306362378977,0.0,0.015,0.0,0.4717306362378977,scenario,hpp-security-comparison-2026-10-09@1
preferred,0.5,14.46,7.421875,,0.03,0.5,0.296875,Exogenous terminal quote including unresolved arrears value; D/y is NOT an arrears valuation,0.4867306362378977,0.020530774550484094,0.015,0.0,0.4511998616874136,scenario,hpp-security-comparison-2026-10-09@1
preferred,0.5,14.46,7.421875,0.16,0.03,1,0.0,Uninterrupted no-call perpetuity,0.4867306362378977,0.04106154910096819,0.015,0.0,0.4306690871369295,scenario,hpp-security-comparison-2026-10-09@1
preferred,0.5,14.46,5.9375,,0.03,0,0.59375,Exogenous terminal quote including unresolved arrears value; D/y is NOT an arrears valuation,0.5893845089903181,0.0,0.015,0.0,0.5743845089903181,scenario,hpp-security-comparison-2026-10-09@1
preferred,0.5,14.46,5.9375,,0.03,0.5,0.296875,Exogenous terminal quote including unresolved arrears value; D/y is NOT an arrears valuation,0.5893845089903181,0.020530774550484094,0.015,0.0,0.553853734439834,scenario,hpp-security-comparison-2026-10-09@1
preferred,0.5,14.46,5.9375,0.2,0.03,1,0.0,Uninterrupted no-call perpetuity,0.5893845089903181,0.04106154910096819,0.015,0.0,0.53332295988935,scenario,hpp-security-comparison-2026-10-09@1
preferred,0.5,14.46,3.9583333333333335,,0.03,0,0.59375,Exogenous terminal quote including unresolved arrears value; D/y is NOT an arrears valuation,0.7262563393268788,0.0,0.015,0.0,0.7112563393268788,scenario,hpp-security-comparison-2026-10-09@1
preferred,0.5,14.46,3.9583333333333335,,0.03,0.5,0.296875,Exogenous terminal quote including unresolved arrears value; D/y is NOT an arrears valuation,0.7262563393268788,0.020530774550484094,0.015,0.0,0.6907255647763947,scenario,hpp-security-comparison-2026-10-09@1
preferred,0.5,14.46,3.9583333333333335,0.3,0.03,1,0.0,Uninterrupted no-call perpetuity,0.7262563393268788,0.04106154910096819,0.015,0.0,0.6701947902259107,scenario,hpp-security-comparison-2026-10-09@1
preferred,0.5,14.46,2.96875,,0.03,0,0.59375,Exogenous terminal quote including unresolved arrears value; D/y is NOT an arrears valuation,0.7946922544951591,0.0,0.015,0.0,0.7796922544951591,scenario,hpp-security-comparison-2026-10-09@1
preferred,0.5,14.46,2.96875,,0.03,0.5,0.296875,Exogenous terminal quote including unresolved arrears value; D/y is NOT an arrears valuation,0.7946922544951591,0.020530774550484094,0.015,0.0,0.759161479944675,scenario,hpp-security-comparison-2026-10-09@1
preferred,0.5,14.46,2.96875,0.4,0.03,1,0.0,Uninterrupted no-call perpetuity,0.7946922544951591,0.04106154910096819,0.015,0.0,0.738630705394191,scenario,hpp-security-comparison-2026-10-09@1
preferred,0.5,14.46,16.96428571428571,,0.05,0,0.59375,Exogenous terminal quote including unresolved arrears value; D/y is NOT an arrears valuation,-0.1731871171705195,0.0,0.025,0.0,-0.19818711717051948,scenario,hpp-security-comparison-2026-10-09@1
preferred,0.5,14.46,16.96428571428571,,0.05,0.5,0.296875,Exogenous terminal quote including unresolved arrears value; D/y is NOT an arrears valuation,-0.1731871171705195,0.020530774550484094,0.025,0.0,-0.2187178917210036,scenario,hpp-security-comparison-2026-10-09@1
preferred,0.5,14.46,16.96428571428571,0.07,0.05,1,0.0,Uninterrupted no-call perpetuity,-0.1731871171705195,0.04106154910096819,0.025,0.0,-0.23924866627148766,scenario,hpp-security-comparison-2026-10-09@1
preferred,0.5,14.46,14.46,,0.05,0,0.59375,Exogenous terminal quote including unresolved arrears value; D/y is NOT an arrears valuation,0.0,0.0,0.025,0.0,-0.025,scenario,hpp-security-comparison-2026-10-09@1
preferred,0.5,14.46,14.46,,0.05,0.5,0.296875,Exogenous terminal quote including unresolved arrears value; D/y is NOT an arrears valuation,0.0,0.020530774550484094,0.025,0.0,-0.0455307745504841,scenario,hpp-security-comparison-2026-10-09@1
preferred,0.5,14.46,14.46,0.08212309820193638,0.05,1,0.0,Uninterrupted no-call perpetuity,0.0,0.04106154910096819,0.025,0.0,-0.06606154910096819,scenario,hpp-security-comparison-2026-10-09@1
preferred,0.5,14.46,11.875,,0.05,0,0.59375,Exogenous terminal quote including unresolved arrears value; D/y is NOT an arrears valuation,0.17876901798063627,0.0,0.025,0.0,0.15376901798063627,scenario,hpp-security-comparison-2026-10-09@1
preferred,0.5,14.46,11.875,,0.05,0.5,0.296875,Exogenous terminal quote including unresolved arrears value; D/y is NOT an arrears valuation,0.17876901798063627,0.020530774550484094,0.025,0.0,0.13323824343015217,scenario,hpp-security-comparison-2026-10-09@1
preferred,0.5,14.46,11.875,0.1,0.05,1,0.0,Uninterrupted no-call perpetuity,0.17876901798063627,0.04106154910096819,0.025,0.0,0.1127074688796681,scenario,hpp-security-comparison-2026-10-09@1
preferred,0.5,14.46,9.895833333333334,,0.05,0,0.59375,Exogenous terminal quote including unresolved arrears value; D/y is NOT an arrears valuation,0.31564084831719685,0.0,0.025,0.0,0.29064084831719683,scenario,hpp-security-comparison-2026-10-09@1
preferred,0.5,14.46,9.895833333333334,,0.05,0.5,0.296875,Exogenous terminal quote including unresolved arrears value; D/y is NOT an arrears valuation,0.31564084831719685,0.020530774550484094,0.025,0.0,0.27011007376671275,scenario,hpp-security-comparison-2026-10-09@1
preferred,0.5,14.46,9.895833333333334,0.12,0.05,1,0.0,Uninterrupted no-call perpetuity,0.31564084831719685,0.04106154910096819,0.025,0.0,0.24957929921622865,scenario,hpp-security-comparison-2026-10-09@1
preferred,0.5,14.46,7.421875,,0.05,0,0.59375,Exogenous terminal quote including unresolved arrears value; D/y is NOT an arrears valuation,0.4867306362378977,0.0,0.025,0.0,0.4617306362378977,scenario,hpp-security-comparison-2026-10-09@1
preferred,0.5,14.46,7.421875,,0.05,0.5,0.296875,Exogenous terminal quote including unresolved arrears value; D/y is NOT an arrears valuation,0.4867306362378977,0.020530774550484094,0.025,0.0,0.4411998616874136,scenario,hpp-security-comparison-2026-10-09@1
preferred,0.5,14.46,7.421875,0.16,0.05,1,0.0,Uninterrupted no-call perpetuity,0.4867306362378977,0.04106154910096819,0.025,0.0,0.42066908713692946,scenario,hpp-security-comparison-2026-10-09@1
preferred,0.5,14.46,5.9375,,0.05,0,0.59375,Exogenous terminal quote including unresolved arrears value; D/y is NOT an arrears valuation,0.5893845089903181,0.0,0.025,0.0,0.5643845089903181,scenario,hpp-security-comparison-2026-10-09@1
preferred,0.5,14.46,5.9375,,0.05,0.5,0.296875,Exogenous terminal quote including unresolved arrears value; D/y is NOT an arrears valuation,0.5893845089903181,0.020530774550484094,0.025,0.0,0.543853734439834,scenario,hpp-security-comparison-2026-10-09@1
preferred,0.5,14.46,5.9375,0.2,0.05,1,0.0,Uninterrupted no-call perpetuity,0.5893845089903181,0.04106154910096819,0.025,0.0,0.52332295988935,scenario,hpp-security-comparison-2026-10-09@1
preferred,0.5,14.46,3.9583333333333335,,0.05,0,0.59375,Exogenous terminal quote including unresolved arrears value; D/y is NOT an arrears valuation,0.7262563393268788,0.0,0.025,0.0,0.7012563393268788,scenario,hpp-security-comparison-2026-10-09@1
preferred,0.5,14.46,3.9583333333333335,,0.05,0.5,0.296875,Exogenous terminal quote including unresolved arrears value; D/y is NOT an arrears valuation,0.7262563393268788,0.020530774550484094,0.025,0.0,0.6807255647763947,scenario,hpp-security-comparison-2026-10-09@1
preferred,0.5,14.46,3.9583333333333335,0.3,0.05,1,0.0,Uninterrupted no-call perpetuity,0.7262563393268788,0.04106154910096819,0.025,0.0,0.6601947902259107,scenario,hpp-security-comparison-2026-10-09@1
preferred,0.5,14.46,2.96875,,0.05,0,0.59375,Exogenous terminal quote including unresolved arrears value; D/y is NOT an arrears valuation,0.7946922544951591,0.0,0.025,0.0,0.7696922544951591,scenario,hpp-security-comparison-2026-10-09@1
preferred,0.5,14.46,2.96875,,0.05,0.5,0.296875,Exogenous terminal quote including unresolved arrears value; D/y is NOT an arrears valuation,0.7946922544951591,0.020530774550484094,0.025,0.0,0.749161479944675,scenario,hpp-security-comparison-2026-10-09@1
preferred,0.5,14.46,2.96875,0.4,0.05,1,0.0,Uninterrupted no-call perpetuity,0.7946922544951591,0.04106154910096819,0.025,0.0,0.728630705394191,scenario,hpp-security-comparison-2026-10-09@1
preferred,0.5,14.46,16.96428571428571,,0.1,0,0.59375,Exogenous terminal quote including unresolved arrears value; D/y is NOT an arrears valuation,-0.1731871171705195,0.0,0.05,0.0,-0.22318711717051948,scenario,hpp-security-comparison-2026-10-09@1
preferred,0.5,14.46,16.96428571428571,,0.1,0.5,0.296875,Exogenous terminal quote including unresolved arrears value; D/y is NOT an arrears valuation,-0.1731871171705195,0.020530774550484094,0.05,0.0,-0.2437178917210036,scenario,hpp-security-comparison-2026-10-09@1
preferred,0.5,14.46,16.96428571428571,0.07,0.1,1,0.0,Uninterrupted no-call perpetuity,-0.1731871171705195,0.04106154910096819,0.05,0.0,-0.2642486662714877,scenario,hpp-security-comparison-2026-10-09@1
preferred,0.5,14.46,14.46,,0.1,0,0.59375,Exogenous terminal quote including unresolved arrears value; D/y is NOT an arrears valuation,0.0,0.0,0.05,0.0,-0.05,scenario,hpp-security-comparison-2026-10-09@1
preferred,0.5,14.46,14.46,,0.1,0.5,0.296875,Exogenous terminal quote including unresolved arrears value; D/y is NOT an arrears valuation,0.0,0.020530774550484094,0.05,0.0,-0.0705307745504841,scenario,hpp-security-comparison-2026-10-09@1
preferred,0.5,14.46,14.46,0.08212309820193638,0.1,1,0.0,Uninterrupted no-call perpetuity,0.0,0.04106154910096819,0.05,0.0,-0.0910615491009682,scenario,hpp-security-comparison-2026-10-09@1
preferred,0.5,14.46,11.875,,0.1,0,0.59375,Exogenous terminal quote including unresolved arrears value; D/y is NOT an arrears valuation,0.17876901798063627,0.0,0.05,0.0,0.12876901798063628,scenario,hpp-security-comparison-2026-10-09@1
preferred,0.5,14.46,11.875,,0.1,0.5,0.296875,Exogenous terminal quote including unresolved arrears value; D/y is NOT an arrears valuation,0.17876901798063627,0.020530774550484094,0.05,0.0,0.10823824343015216,scenario,hpp-security-comparison-2026-10-09@1
preferred,0.5,14.46,11.875,0.1,0.1,1,0.0,Uninterrupted no-call perpetuity,0.17876901798063627,0.04106154910096819,0.05,0.0,0.08770746887966809,scenario,hpp-security-comparison-2026-10-09@1
preferred,0.5,14.46,9.895833333333334,,0.1,0,0.59375,Exogenous terminal quote including unresolved arrears value; D/y is NOT an arrears valuation,0.31564084831719685,0.0,0.05,0.0,0.26564084831719686,scenario,hpp-security-comparison-2026-10-09@1
preferred,0.5,14.46,9.895833333333334,,0.1,0.5,0.296875,Exogenous terminal quote including unresolved arrears value; D/y is NOT an arrears valuation,0.31564084831719685,0.020530774550484094,0.05,0.0,0.2451100737667128,scenario,hpp-security-comparison-2026-10-09@1
preferred,0.5,14.46,9.895833333333334,0.12,0.1,1,0.0,Uninterrupted no-call perpetuity,0.31564084831719685,0.04106154910096819,0.05,0.0,0.22457929921622866,scenario,hpp-security-comparison-2026-10-09@1
preferred,0.5,14.46,7.421875,,0.1,0,0.59375,Exogenous terminal quote including unresolved arrears value; D/y is NOT an arrears valuation,0.4867306362378977,0.0,0.05,0.0,0.4367306362378977,scenario,hpp-security-comparison-2026-10-09@1
preferred,0.5,14.46,7.421875,,0.1,0.5,0.296875,Exogenous terminal quote including unresolved arrears value; D/y is NOT an arrears valuation,0.4867306362378977,0.020530774550484094,0.05,0.0,0.41619986168741363,scenario,hpp-security-comparison-2026-10-09@1
preferred,0.5,14.46,7.421875,0.16,0.1,1,0.0,Uninterrupted no-call perpetuity,0.4867306362378977,0.04106154910096819,0.05,0.0,0.3956690871369295,scenario,hpp-security-comparison-2026-10-09@1
preferred,0.5,14.46,5.9375,,0.1,0,0.59375,Exogenous terminal quote including unresolved arrears value; D/y is NOT an arrears valuation,0.5893845089903181,0.0,0.05,0.0,0.5393845089903181,scenario,hpp-security-comparison-2026-10-09@1
preferred,0.5,14.46,5.9375,,0.1,0.5,0.296875,Exogenous terminal quote including unresolved arrears value; D/y is NOT an arrears valuation,0.5893845089903181,0.020530774550484094,0.05,0.0,0.518853734439834,scenario,hpp-security-comparison-2026-10-09@1
preferred,0.5,14.46,5.9375,0.2,0.1,1,0.0,Uninterrupted no-call perpetuity,0.5893845089903181,0.04106154910096819,0.05,0.0,0.49832295988935,scenario,hpp-security-comparison-2026-10-09@1
preferred,0.5,14.46,3.9583333333333335,,0.1,0,0.59375,Exogenous terminal quote including unresolved arrears value; D/y is NOT an arrears valuation,0.7262563393268788,0.0,0.05,0.0,0.6762563393268788,scenario,hpp-security-comparison-2026-10-09@1
preferred,0.5,14.46,3.9583333333333335,,0.1,0.5,0.296875,Exogenous terminal quote including unresolved arrears value; D/y is NOT an arrears valuation,0.7262563393268788,0.020530774550484094,0.05,0.0,0.6557255647763947,scenario,hpp-security-comparison-2026-10-09@1
preferred,0.5,14.46,3.9583333333333335,0.3,0.1,1,0.0,Uninterrupted no-call perpetuity,0.7262563393268788,0.04106154910096819,0.05,0.0,0.6351947902259106,scenario,hpp-security-comparison-2026-10-09@1
preferred,0.5,14.46,2.96875,,0.1,0,0.59375,Exogenous terminal quote including unresolved arrears value; D/y is NOT an arrears valuation,0.7946922544951591,0.0,0.05,0.0,0.7446922544951591,scenario,hpp-security-comparison-2026-10-09@1
preferred,0.5,14.46,2.96875,,0.1,0.5,0.296875,Exogenous terminal quote including unresolved arrears value; D/y is NOT an arrears valuation,0.7946922544951591,0.020530774550484094,0.05,0.0,0.724161479944675,scenario,hpp-security-comparison-2026-10-09@1
preferred,0.5,14.46,2.96875,0.4,0.1,1,0.0,Uninterrupted no-call perpetuity,0.7946922544951591,0.04106154910096819,0.05,0.0,0.7036307053941909,scenario,hpp-security-comparison-2026-10-09@1
preferred,0.5,14.46,16.96428571428571,,0.2,0,0.59375,Exogenous terminal quote including unresolved arrears value; D/y is NOT an arrears valuation,-0.1731871171705195,0.0,0.1,0.0,-0.27318711717051947,scenario,hpp-security-comparison-2026-10-09@1
preferred,0.5,14.46,16.96428571428571,,0.2,0.5,0.296875,Exogenous terminal quote including unresolved arrears value; D/y is NOT an arrears valuation,-0.1731871171705195,0.020530774550484094,0.1,0.0,-0.2937178917210036,scenario,hpp-security-comparison-2026-10-09@1
preferred,0.5,14.46,16.96428571428571,0.07,0.2,1,0.0,Uninterrupted no-call perpetuity,-0.1731871171705195,0.04106154910096819,0.1,0.0,-0.3142486662714877,scenario,hpp-security-comparison-2026-10-09@1
preferred,0.5,14.46,14.46,,0.2,0,0.59375,Exogenous terminal quote including unresolved arrears value; D/y is NOT an arrears valuation,0.0,0.0,0.1,0.0,-0.1,scenario,hpp-security-comparison-2026-10-09@1
preferred,0.5,14.46,14.46,,0.2,0.5,0.296875,Exogenous terminal quote including unresolved arrears value; D/y is NOT an arrears valuation,0.0,0.020530774550484094,0.1,0.0,-0.1205307745504841,scenario,hpp-security-comparison-2026-10-09@1
preferred,0.5,14.46,14.46,0.08212309820193638,0.2,1,0.0,Uninterrupted no-call perpetuity,0.0,0.04106154910096819,0.1,0.0,-0.1410615491009682,scenario,hpp-security-comparison-2026-10-09@1
preferred,0.5,14.46,11.875,,0.2,0,0.59375,Exogenous terminal quote including unresolved arrears value; D/y is NOT an arrears valuation,0.17876901798063627,0.0,0.1,0.0,0.07876901798063626,scenario,hpp-security-comparison-2026-10-09@1
preferred,0.5,14.46,11.875,,0.2,0.5,0.296875,Exogenous terminal quote including unresolved arrears value; D/y is NOT an arrears valuation,0.17876901798063627,0.020530774550484094,0.1,0.0,0.05823824343015216,scenario,hpp-security-comparison-2026-10-09@1
preferred,0.5,14.46,11.875,0.1,0.2,1,0.0,Uninterrupted no-call perpetuity,0.17876901798063627,0.04106154910096819,0.1,0.0,0.03770746887966808,scenario,hpp-security-comparison-2026-10-09@1
preferred,0.5,14.46,9.895833333333334,,0.2,0,0.59375,Exogenous terminal quote including unresolved arrears value; D/y is NOT an arrears valuation,0.31564084831719685,0.0,0.1,0.0,0.21564084831719685,scenario,hpp-security-comparison-2026-10-09@1
preferred,0.5,14.46,9.895833333333334,,0.2,0.5,0.296875,Exogenous terminal quote including unresolved arrears value; D/y is NOT an arrears valuation,0.31564084831719685,0.020530774550484094,0.1,0.0,0.19511007376671277,scenario,hpp-security-comparison-2026-10-09@1
preferred,0.5,14.46,9.895833333333334,0.12,0.2,1,0.0,Uninterrupted no-call perpetuity,0.31564084831719685,0.04106154910096819,0.1,0.0,0.17457929921622864,scenario,hpp-security-comparison-2026-10-09@1
preferred,0.5,14.46,7.421875,,0.2,0,0.59375,Exogenous terminal quote including unresolved arrears value; D/y is NOT an arrears valuation,0.4867306362378977,0.0,0.1,0.0,0.3867306362378977,scenario,hpp-security-comparison-2026-10-09@1
preferred,0.5,14.46,7.421875,,0.2,0.5,0.296875,Exogenous terminal quote including unresolved arrears value; D/y is NOT an arrears valuation,0.4867306362378977,0.020530774550484094,0.1,0.0,0.3661998616874136,scenario,hpp-security-comparison-2026-10-09@1
preferred,0.5,14.46,7.421875,0.16,0.2,1,0.0,Uninterrupted no-call perpetuity,0.4867306362378977,0.04106154910096819,0.1,0.0,0.34566908713692945,scenario,hpp-security-comparison-2026-10-09@1
preferred,0.5,14.46,5.9375,,0.2,0,0.59375,Exogenous terminal quote including unresolved arrears value; D/y is NOT an arrears valuation,0.5893845089903181,0.0,0.1,0.0,0.48938450899031816,scenario,hpp-security-comparison-2026-10-09@1
preferred,0.5,14.46,5.9375,,0.2,0.5,0.296875,Exogenous terminal quote including unresolved arrears value; D/y is NOT an arrears valuation,0.5893845089903181,0.020530774550484094,0.1,0.0,0.468853734439834,scenario,hpp-security-comparison-2026-10-09@1
preferred,0.5,14.46,5.9375,0.2,0.2,1,0.0,Uninterrupted no-call perpetuity,0.5893845089903181,0.04106154910096819,0.1,0.0,0.44832295988935,scenario,hpp-security-comparison-2026-10-09@1
preferred,0.5,14.46,3.9583333333333335,,0.2,0,0.59375,Exogenous terminal quote including unresolved arrears value; D/y is NOT an arrears valuation,0.7262563393268788,0.0,0.1,0.0,0.6262563393268789,scenario,hpp-security-comparison-2026-10-09@1
preferred,0.5,14.46,3.9583333333333335,,0.2,0.5,0.296875,Exogenous terminal quote including unresolved arrears value; D/y is NOT an arrears valuation,0.7262563393268788,0.020530774550484094,0.1,0.0,0.6057255647763947,scenario,hpp-security-comparison-2026-10-09@1
preferred,0.5,14.46,3.9583333333333335,0.3,0.2,1,0.0,Uninterrupted no-call perpetuity,0.7262563393268788,0.04106154910096819,0.1,0.0,0.5851947902259107,scenario,hpp-security-comparison-2026-10-09@1
preferred,0.5,14.46,2.96875,,0.2,0,0.59375,Exogenous terminal quote including unresolved arrears value; D/y is NOT an arrears valuation,0.7946922544951591,0.0,0.1,0.0,0.6946922544951591,scenario,hpp-security-comparison-2026-10-09@1
preferred,0.5,14.46,2.96875,,0.2,0.5,0.296875,Exogenous terminal quote including unresolved arrears value; D/y is NOT an arrears valuation,0.7946922544951591,0.020530774550484094,0.1,0.0,0.674161479944675,scenario,hpp-security-comparison-2026-10-09@1
preferred,0.5,14.46,2.96875,0.4,0.2,1,0.0,Uninterrupted no-call perpetuity,0.7946922544951591,0.04106154910096819,0.1,0.0,0.653630705394191,scenario,hpp-security-comparison-2026-10-09@1
common,0.5,11.88,0.0,,0.01,1,0,Exogenous terminal common quote,1.0,0.0,0.005,0.0,0.995,scenario,hpp-security-comparison-2026-10-09@1
common,0.5,11.88,3.0,,0.01,1,0,Exogenous terminal common quote,0.7474747474747475,0.0,0.005,0.0,0.7424747474747475,scenario,hpp-security-comparison-2026-10-09@1
common,0.5,11.88,5.0,,0.01,1,0,Exogenous terminal common quote,0.5791245791245792,0.0,0.005,0.0,0.5741245791245791,scenario,hpp-security-comparison-2026-10-09@1
common,0.5,11.88,8.0,,0.01,1,0,Exogenous terminal common quote,0.32659932659932667,0.0,0.005,0.0,0.32159932659932666,scenario,hpp-security-comparison-2026-10-09@1
common,0.5,11.88,11.88,,0.01,1,0,Exogenous terminal common quote,0.0,0.0,0.005,0.0,-0.005,scenario,hpp-security-comparison-2026-10-09@1
common,0.5,11.88,16.0,,0.01,1,0,Exogenous terminal common quote,-0.34680134680134667,0.0,0.005,0.0,-0.35180134680134667,scenario,hpp-security-comparison-2026-10-09@1
common,0.5,11.88,20.0,,0.01,1,0,Exogenous terminal common quote,-0.6835016835016834,0.0,0.005,0.0,-0.6885016835016834,scenario,hpp-security-comparison-2026-10-09@1
common,0.5,11.88,30.0,,0.01,1,0,Exogenous terminal common quote,-1.525252525252525,0.0,0.005,0.0,-1.530252525252525,scenario,hpp-security-comparison-2026-10-09@1
common,0.5,11.88,0.0,,0.03,1,0,Exogenous terminal common quote,1.0,0.0,0.015,0.0,0.985,scenario,hpp-security-comparison-2026-10-09@1
common,0.5,11.88,3.0,,0.03,1,0,Exogenous terminal common quote,0.7474747474747475,0.0,0.015,0.0,0.7324747474747475,scenario,hpp-security-comparison-2026-10-09@1
common,0.5,11.88,5.0,,0.03,1,0,Exogenous terminal common quote,0.5791245791245792,0.0,0.015,0.0,0.5641245791245791,scenario,hpp-security-comparison-2026-10-09@1
common,0.5,11.88,8.0,,0.03,1,0,Exogenous terminal common quote,0.32659932659932667,0.0,0.015,0.0,0.31159932659932665,scenario,hpp-security-comparison-2026-10-09@1
common,0.5,11.88,11.88,,0.03,1,0,Exogenous terminal common quote,0.0,0.0,0.015,0.0,-0.015,scenario,hpp-security-comparison-2026-10-09@1
common,0.5,11.88,16.0,,0.03,1,0,Exogenous terminal common quote,-0.34680134680134667,0.0,0.015,0.0,-0.3618013468013467,scenario,hpp-security-comparison-2026-10-09@1
common,0.5,11.88,20.0,,0.03,1,0,Exogenous terminal common quote,-0.6835016835016834,0.0,0.015,0.0,-0.6985016835016834,scenario,hpp-security-comparison-2026-10-09@1
common,0.5,11.88,30.0,,0.03,1,0,Exogenous terminal common quote,-1.525252525252525,0.0,0.015,0.0,-1.540252525252525,scenario,hpp-security-comparison-2026-10-09@1
common,0.5,11.88,0.0,,0.05,1,0,Exogenous terminal common quote,1.0,0.0,0.025,0.0,0.975,scenario,hpp-security-comparison-2026-10-09@1
common,0.5,11.88,3.0,,0.05,1,0,Exogenous terminal common quote,0.7474747474747475,0.0,0.025,0.0,0.7224747474747475,scenario,hpp-security-comparison-2026-10-09@1
common,0.5,11.88,5.0,,0.05,1,0,Exogenous terminal common quote,0.5791245791245792,0.0,0.025,0.0,0.5541245791245791,scenario,hpp-security-comparison-2026-10-09@1
common,0.5,11.88,8.0,,0.05,1,0,Exogenous terminal common quote,0.32659932659932667,0.0,0.025,0.0,0.30159932659932664,scenario,hpp-security-comparison-2026-10-09@1
common,0.5,11.88,11.88,,0.05,1,0,Exogenous terminal common quote,0.0,0.0,0.025,0.0,-0.025,scenario,hpp-security-comparison-2026-10-09@1
common,0.5,11.88,16.0,,0.05,1,0,Exogenous terminal common quote,-0.34680134680134667,0.0,0.025,0.0,-0.3718013468013467,scenario,hpp-security-comparison-2026-10-09@1
common,0.5,11.88,20.0,,0.05,1,0,Exogenous terminal common quote,-0.6835016835016834,0.0,0.025,0.0,-0.7085016835016834,scenario,hpp-security-comparison-2026-10-09@1
common,0.5,11.88,30.0,,0.05,1,0,Exogenous terminal common quote,-1.525252525252525,0.0,0.025,0.0,-1.550252525252525,scenario,hpp-security-comparison-2026-10-09@1
common,0.5,11.88,0.0,,0.1,1,0,Exogenous terminal common quote,1.0,0.0,0.05,0.0,0.95,scenario,hpp-security-comparison-2026-10-09@1
common,0.5,11.88,3.0,,0.1,1,0,Exogenous terminal common quote,0.7474747474747475,0.0,0.05,0.0,0.6974747474747475,scenario,hpp-security-comparison-2026-10-09@1
common,0.5,11.88,5.0,,0.1,1,0,Exogenous terminal common quote,0.5791245791245792,0.0,0.05,0.0,0.5291245791245791,scenario,hpp-security-comparison-2026-10-09@1
common,0.5,11.88,8.0,,0.1,1,0,Exogenous terminal common quote,0.32659932659932667,0.0,0.05,0.0,0.2765993265993267,scenario,hpp-security-comparison-2026-10-09@1
common,0.5,11.88,11.88,,0.1,1,0,Exogenous terminal common quote,0.0,0.0,0.05,0.0,-0.05,scenario,hpp-security-comparison-2026-10-09@1
common,0.5,11.88,16.0,,0.1,1,0,Exogenous terminal common quote,-0.34680134680134667,0.0,0.05,0.0,-0.39680134680134665,scenario,hpp-security-comparison-2026-10-09@1
common,0.5,11.88,20.0,,0.1,1,0,Exogenous terminal common quote,-0.6835016835016834,0.0,0.05,0.0,-0.7335016835016834,scenario,hpp-security-comparison-2026-10-09@1
common,0.5,11.88,30.0,,0.1,1,0,Exogenous terminal common quote,-1.525252525252525,0.0,0.05,0.0,-1.5752525252525251,scenario,hpp-security-comparison-2026-10-09@1
preferred,1.0,14.46,16.96428571428571,,0.01,0,1.1875,Exogenous terminal quote including unresolved arrears value; D/y is NOT an arrears valuation,-0.1731871171705195,0.0,0.01,0.0,-0.1831871171705195,scenario,hpp-security-comparison-2026-10-09@1
preferred,1.0,14.46,16.96428571428571,,0.01,0.5,0.59375,Exogenous terminal quote including unresolved arrears value; D/y is NOT an arrears valuation,-0.1731871171705195,0.04106154910096819,0.01,0.0,-0.22424866627148768,scenario,hpp-security-comparison-2026-10-09@1
preferred,1.0,14.46,16.96428571428571,0.07,0.01,1,0.0,Uninterrupted no-call perpetuity,-0.1731871171705195,0.08212309820193638,0.01,0.0,-0.26531021537245586,scenario,hpp-security-comparison-2026-10-09@1
preferred,1.0,14.46,14.46,,0.01,0,1.1875,Exogenous terminal quote including unresolved arrears value; D/y is NOT an arrears valuation,0.0,0.0,0.01,0.0,-0.01,scenario,hpp-security-comparison-2026-10-09@1
preferred,1.0,14.46,14.46,,0.01,0.5,0.59375,Exogenous terminal quote including unresolved arrears value; D/y is NOT an arrears valuation,0.0,0.04106154910096819,0.01,0.0,-0.05106154910096819,scenario,hpp-security-comparison-2026-10-09@1
preferred,1.0,14.46,14.46,0.08212309820193638,0.01,1,0.0,Uninterrupted no-call perpetuity,0.0,0.08212309820193638,0.01,0.0,-0.09212309820193637,scenario,hpp-security-comparison-2026-10-09@1
preferred,1.0,14.46,11.875,,0.01,0,1.1875,Exogenous terminal quote including unresolved arrears value; D/y is NOT an arrears valuation,0.17876901798063627,0.0,0.01,0.0,0.16876901798063626,scenario,hpp-security-comparison-2026-10-09@1
preferred,1.0,14.46,11.875,,0.01,0.5,0.59375,Exogenous terminal quote including unresolved arrears value; D/y is NOT an arrears valuation,0.17876901798063627,0.04106154910096819,0.01,0.0,0.12770746887966808,scenario,hpp-security-comparison-2026-10-09@1
preferred,1.0,14.46,11.875,0.1,0.01,1,0.0,Uninterrupted no-call perpetuity,0.17876901798063627,0.08212309820193638,0.01,0.0,0.0866459197786999,scenario,hpp-security-comparison-2026-10-09@1
preferred,1.0,14.46,9.895833333333334,,0.01,0,1.1875,Exogenous terminal quote including unresolved arrears value; D/y is NOT an arrears valuation,0.31564084831719685,0.0,0.01,0.0,0.30564084831719684,scenario,hpp-security-comparison-2026-10-09@1
preferred,1.0,14.46,9.895833333333334,,0.01,0.5,0.59375,Exogenous terminal quote including unresolved arrears value; D/y is NOT an arrears valuation,0.31564084831719685,0.04106154910096819,0.01,0.0,0.26457929921622864,scenario,hpp-security-comparison-2026-10-09@1
preferred,1.0,14.46,9.895833333333334,0.12,0.01,1,0.0,Uninterrupted no-call perpetuity,0.31564084831719685,0.08212309820193638,0.01,0.0,0.22351775011526048,scenario,hpp-security-comparison-2026-10-09@1
preferred,1.0,14.46,7.421875,,0.01,0,1.1875,Exogenous terminal quote including unresolved arrears value; D/y is NOT an arrears valuation,0.4867306362378977,0.0,0.01,0.0,0.4767306362378977,scenario,hpp-security-comparison-2026-10-09@1
preferred,1.0,14.46,7.421875,,0.01,0.5,0.59375,Exogenous terminal quote including unresolved arrears value; D/y is NOT an arrears valuation,0.4867306362378977,0.04106154910096819,0.01,0.0,0.4356690871369295,scenario,hpp-security-comparison-2026-10-09@1
preferred,1.0,14.46,7.421875,0.16,0.01,1,0.0,Uninterrupted no-call perpetuity,0.4867306362378977,0.08212309820193638,0.01,0.0,0.3946075380359613,scenario,hpp-security-comparison-2026-10-09@1
preferred,1.0,14.46,5.9375,,0.01,0,1.1875,Exogenous terminal quote including unresolved arrears value; D/y is NOT an arrears valuation,0.5893845089903181,0.0,0.01,0.0,0.5793845089903181,scenario,hpp-security-comparison-2026-10-09@1
preferred,1.0,14.46,5.9375,,0.01,0.5,0.59375,Exogenous terminal quote including unresolved arrears value; D/y is NOT an arrears valuation,0.5893845089903181,0.04106154910096819,0.01,0.0,0.53832295988935,scenario,hpp-security-comparison-2026-10-09@1
preferred,1.0,14.46,5.9375,0.2,0.01,1,0.0,Uninterrupted no-call perpetuity,0.5893845089903181,0.08212309820193638,0.01,0.0,0.4972614107883817,scenario,hpp-security-comparison-2026-10-09@1
preferred,1.0,14.46,3.9583333333333335,,0.01,0,1.1875,Exogenous terminal quote including unresolved arrears value; D/y is NOT an arrears valuation,0.7262563393268788,0.0,0.01,0.0,0.7162563393268788,scenario,hpp-security-comparison-2026-10-09@1
preferred,1.0,14.46,3.9583333333333335,,0.01,0.5,0.59375,Exogenous terminal quote including unresolved arrears value; D/y is NOT an arrears valuation,0.7262563393268788,0.04106154910096819,0.01,0.0,0.6751947902259107,scenario,hpp-security-comparison-2026-10-09@1
preferred,1.0,14.46,3.9583333333333335,0.3,0.01,1,0.0,Uninterrupted no-call perpetuity,0.7262563393268788,0.08212309820193638,0.01,0.0,0.6341332411249424,scenario,hpp-security-comparison-2026-10-09@1
preferred,1.0,14.46,2.96875,,0.01,0,1.1875,Exogenous terminal quote including unresolved arrears value; D/y is NOT an arrears valuation,0.7946922544951591,0.0,0.01,0.0,0.7846922544951591,scenario,hpp-security-comparison-2026-10-09@1
preferred,1.0,14.46,2.96875,,0.01,0.5,0.59375,Exogenous terminal quote including unresolved arrears value; D/y is NOT an arrears valuation,0.7946922544951591,0.04106154910096819,0.01,0.0,0.743630705394191,scenario,hpp-security-comparison-2026-10-09@1
preferred,1.0,14.46,2.96875,0.4,0.01,1,0.0,Uninterrupted no-call perpetuity,0.7946922544951591,0.08212309820193638,0.01,0.0,0.7025691562932227,scenario,hpp-security-comparison-2026-10-09@1
preferred,1.0,14.46,16.96428571428571,,0.03,0,1.1875,Exogenous terminal quote including unresolved arrears value; D/y is NOT an arrears valuation,-0.1731871171705195,0.0,0.03,0.0,-0.2031871171705195,scenario,hpp-security-comparison-2026-10-09@1
preferred,1.0,14.46,16.96428571428571,,0.03,0.5,0.59375,Exogenous terminal quote including unresolved arrears value; D/y is NOT an arrears valuation,-0.1731871171705195,0.04106154910096819,0.03,0.0,-0.24424866627148767,scenario,hpp-security-comparison-2026-10-09@1
preferred,1.0,14.46,16.96428571428571,0.07,0.03,1,0.0,Uninterrupted no-call perpetuity,-0.1731871171705195,0.08212309820193638,0.03,0.0,-0.2853102153724558,scenario,hpp-security-comparison-2026-10-09@1
preferred,1.0,14.46,14.46,,0.03,0,1.1875,Exogenous terminal quote including unresolved arrears value; D/y is NOT an arrears valuation,0.0,0.0,0.03,0.0,-0.03,scenario,hpp-security-comparison-2026-10-09@1
preferred,1.0,14.46,14.46,,0.03,0.5,0.59375,Exogenous terminal quote including unresolved arrears value; D/y is NOT an arrears valuation,0.0,0.04106154910096819,0.03,0.0,-0.07106154910096818,scenario,hpp-security-comparison-2026-10-09@1
preferred,1.0,14.46,14.46,0.08212309820193638,0.03,1,0.0,Uninterrupted no-call perpetuity,0.0,0.08212309820193638,0.03,0.0,-0.11212309820193637,scenario,hpp-security-comparison-2026-10-09@1
preferred,1.0,14.46,11.875,,0.03,0,1.1875,Exogenous terminal quote including unresolved arrears value; D/y is NOT an arrears valuation,0.17876901798063627,0.0,0.03,0.0,0.14876901798063627,scenario,hpp-security-comparison-2026-10-09@1
preferred,1.0,14.46,11.875,,0.03,0.5,0.59375,Exogenous terminal quote including unresolved arrears value; D/y is NOT an arrears valuation,0.17876901798063627,0.04106154910096819,0.03,0.0,0.10770746887966809,scenario,hpp-security-comparison-2026-10-09@1
preferred,1.0,14.46,11.875,0.1,0.03,1,0.0,Uninterrupted no-call perpetuity,0.17876901798063627,0.08212309820193638,0.03,0.0,0.0666459197786999,scenario,hpp-security-comparison-2026-10-09@1
preferred,1.0,14.46,9.895833333333334,,0.03,0,1.1875,Exogenous terminal quote including unresolved arrears value; D/y is NOT an arrears valuation,0.31564084831719685,0.0,0.03,0.0,0.2856408483171968,scenario,hpp-security-comparison-2026-10-09@1
preferred,1.0,14.46,9.895833333333334,,0.03,0.5,0.59375,Exogenous terminal quote including unresolved arrears value; D/y is NOT an arrears valuation,0.31564084831719685,0.04106154910096819,0.03,0.0,0.24457929921622865,scenario,hpp-security-comparison-2026-10-09@1
preferred,1.0,14.46,9.895833333333334,0.12,0.03,1,0.0,Uninterrupted no-call perpetuity,0.31564084831719685,0.08212309820193638,0.03,0.0,0.2035177501152605,scenario,hpp-security-comparison-2026-10-09@1
preferred,1.0,14.46,7.421875,,0.03,0,1.1875,Exogenous terminal quote including unresolved arrears value; D/y is NOT an arrears valuation,0.4867306362378977,0.0,0.03,0.0,0.45673063623789767,scenario,hpp-security-comparison-2026-10-09@1
preferred,1.0,14.46,7.421875,,0.03,0.5,0.59375,Exogenous terminal quote including unresolved arrears value; D/y is NOT an arrears valuation,0.4867306362378977,0.04106154910096819,0.03,0.0,0.4156690871369295,scenario,hpp-security-comparison-2026-10-09@1
preferred,1.0,14.46,7.421875,0.16,0.03,1,0.0,Uninterrupted no-call perpetuity,0.4867306362378977,0.08212309820193638,0.03,0.0,0.37460753803596136,scenario,hpp-security-comparison-2026-10-09@1
preferred,1.0,14.46,5.9375,,0.03,0,1.1875,Exogenous terminal quote including unresolved arrears value; D/y is NOT an arrears valuation,0.5893845089903181,0.0,0.03,0.0,0.5593845089903181,scenario,hpp-security-comparison-2026-10-09@1
preferred,1.0,14.46,5.9375,,0.03,0.5,0.59375,Exogenous terminal quote including unresolved arrears value; D/y is NOT an arrears valuation,0.5893845089903181,0.04106154910096819,0.03,0.0,0.51832295988935,scenario,hpp-security-comparison-2026-10-09@1
preferred,1.0,14.46,5.9375,0.2,0.03,1,0.0,Uninterrupted no-call perpetuity,0.5893845089903181,0.08212309820193638,0.03,0.0,0.4772614107883817,scenario,hpp-security-comparison-2026-10-09@1
preferred,1.0,14.46,3.9583333333333335,,0.03,0,1.1875,Exogenous terminal quote including unresolved arrears value; D/y is NOT an arrears valuation,0.7262563393268788,0.0,0.03,0.0,0.6962563393268788,scenario,hpp-security-comparison-2026-10-09@1
preferred,1.0,14.46,3.9583333333333335,,0.03,0.5,0.59375,Exogenous terminal quote including unresolved arrears value; D/y is NOT an arrears valuation,0.7262563393268788,0.04106154910096819,0.03,0.0,0.6551947902259107,scenario,hpp-security-comparison-2026-10-09@1
preferred,1.0,14.46,3.9583333333333335,0.3,0.03,1,0.0,Uninterrupted no-call perpetuity,0.7262563393268788,0.08212309820193638,0.03,0.0,0.6141332411249424,scenario,hpp-security-comparison-2026-10-09@1
preferred,1.0,14.46,2.96875,,0.03,0,1.1875,Exogenous terminal quote including unresolved arrears value; D/y is NOT an arrears valuation,0.7946922544951591,0.0,0.03,0.0,0.7646922544951591,scenario,hpp-security-comparison-2026-10-09@1
preferred,1.0,14.46,2.96875,,0.03,0.5,0.59375,Exogenous terminal quote including unresolved arrears value; D/y is NOT an arrears valuation,0.7946922544951591,0.04106154910096819,0.03,0.0,0.7236307053941909,scenario,hpp-security-comparison-2026-10-09@1
preferred,1.0,14.46,2.96875,0.4,0.03,1,0.0,Uninterrupted no-call perpetuity,0.7946922544951591,0.08212309820193638,0.03,0.0,0.6825691562932227,scenario,hpp-security-comparison-2026-10-09@1
preferred,1.0,14.46,16.96428571428571,,0.05,0,1.1875,Exogenous terminal quote including unresolved arrears value; D/y is NOT an arrears valuation,-0.1731871171705195,0.0,0.05,0.0,-0.22318711717051948,scenario,hpp-security-comparison-2026-10-09@1
preferred,1.0,14.46,16.96428571428571,,0.05,0.5,0.59375,Exogenous terminal quote including unresolved arrears value; D/y is NOT an arrears valuation,-0.1731871171705195,0.04106154910096819,0.05,0.0,-0.2642486662714877,scenario,hpp-security-comparison-2026-10-09@1
preferred,1.0,14.46,16.96428571428571,0.07,0.05,1,0.0,Uninterrupted no-call perpetuity,-0.1731871171705195,0.08212309820193638,0.05,0.0,-0.30531021537245584,scenario,hpp-security-comparison-2026-10-09@1
preferred,1.0,14.46,14.46,,0.05,0,1.1875,Exogenous terminal quote including unresolved arrears value; D/y is NOT an arrears valuation,0.0,0.0,0.05,0.0,-0.05,scenario,hpp-security-comparison-2026-10-09@1
preferred,1.0,14.46,14.46,,0.05,0.5,0.59375,Exogenous terminal quote including unresolved arrears value; D/y is NOT an arrears valuation,0.0,0.04106154910096819,0.05,0.0,-0.0910615491009682,scenario,hpp-security-comparison-2026-10-09@1
preferred,1.0,14.46,14.46,0.08212309820193638,0.05,1,0.0,Uninterrupted no-call perpetuity,0.0,0.08212309820193638,0.05,0.0,-0.13212309820193638,scenario,hpp-security-comparison-2026-10-09@1
preferred,1.0,14.46,11.875,,0.05,0,1.1875,Exogenous terminal quote including unresolved arrears value; D/y is NOT an arrears valuation,0.17876901798063627,0.0,0.05,0.0,0.12876901798063628,scenario,hpp-security-comparison-2026-10-09@1
preferred,1.0,14.46,11.875,,0.05,0.5,0.59375,Exogenous terminal quote including unresolved arrears value; D/y is NOT an arrears valuation,0.17876901798063627,0.04106154910096819,0.05,0.0,0.08770746887966809,scenario,hpp-security-comparison-2026-10-09@1
preferred,1.0,14.46,11.875,0.1,0.05,1,0.0,Uninterrupted no-call perpetuity,0.17876901798063627,0.08212309820193638,0.05,0.0,0.04664591977869989,scenario,hpp-security-comparison-2026-10-09@1
preferred,1.0,14.46,9.895833333333334,,0.05,0,1.1875,Exogenous terminal quote including unresolved arrears value; D/y is NOT an arrears valuation,0.31564084831719685,0.0,0.05,0.0,0.26564084831719686,scenario,hpp-security-comparison-2026-10-09@1
preferred,1.0,14.46,9.895833333333334,,0.05,0.5,0.59375,Exogenous terminal quote including unresolved arrears value; D/y is NOT an arrears valuation,0.31564084831719685,0.04106154910096819,0.05,0.0,0.22457929921622866,scenario,hpp-security-comparison-2026-10-09@1
preferred,1.0,14.46,9.895833333333334,0.12,0.05,1,0.0,Uninterrupted no-call perpetuity,0.31564084831719685,0.08212309820193638,0.05,0.0,0.1835177501152605,scenario,hpp-security-comparison-2026-10-09@1
preferred,1.0,14.46,7.421875,,0.05,0,1.1875,Exogenous terminal quote including unresolved arrears value; D/y is NOT an arrears valuation,0.4867306362378977,0.0,0.05,0.0,0.4367306362378977,scenario,hpp-security-comparison-2026-10-09@1
preferred,1.0,14.46,7.421875,,0.05,0.5,0.59375,Exogenous terminal quote including unresolved arrears value; D/y is NOT an arrears valuation,0.4867306362378977,0.04106154910096819,0.05,0.0,0.3956690871369295,scenario,hpp-security-comparison-2026-10-09@1
preferred,1.0,14.46,7.421875,0.16,0.05,1,0.0,Uninterrupted no-call perpetuity,0.4867306362378977,0.08212309820193638,0.05,0.0,0.35460753803596134,scenario,hpp-security-comparison-2026-10-09@1
preferred,1.0,14.46,5.9375,,0.05,0,1.1875,Exogenous terminal quote including unresolved arrears value; D/y is NOT an arrears valuation,0.5893845089903181,0.0,0.05,0.0,0.5393845089903181,scenario,hpp-security-comparison-2026-10-09@1
preferred,1.0,14.46,5.9375,,0.05,0.5,0.59375,Exogenous terminal quote including unresolved arrears value; D/y is NOT an arrears valuation,0.5893845089903181,0.04106154910096819,0.05,0.0,0.49832295988935,scenario,hpp-security-comparison-2026-10-09@1
preferred,1.0,14.46,5.9375,0.2,0.05,1,0.0,Uninterrupted no-call perpetuity,0.5893845089903181,0.08212309820193638,0.05,0.0,0.45726141078838173,scenario,hpp-security-comparison-2026-10-09@1
preferred,1.0,14.46,3.9583333333333335,,0.05,0,1.1875,Exogenous terminal quote including unresolved arrears value; D/y is NOT an arrears valuation,0.7262563393268788,0.0,0.05,0.0,0.6762563393268788,scenario,hpp-security-comparison-2026-10-09@1
preferred,1.0,14.46,3.9583333333333335,,0.05,0.5,0.59375,Exogenous terminal quote including unresolved arrears value; D/y is NOT an arrears valuation,0.7262563393268788,0.04106154910096819,0.05,0.0,0.6351947902259106,scenario,hpp-security-comparison-2026-10-09@1
preferred,1.0,14.46,3.9583333333333335,0.3,0.05,1,0.0,Uninterrupted no-call perpetuity,0.7262563393268788,0.08212309820193638,0.05,0.0,0.5941332411249424,scenario,hpp-security-comparison-2026-10-09@1
preferred,1.0,14.46,2.96875,,0.05,0,1.1875,Exogenous terminal quote including unresolved arrears value; D/y is NOT an arrears valuation,0.7946922544951591,0.0,0.05,0.0,0.7446922544951591,scenario,hpp-security-comparison-2026-10-09@1
preferred,1.0,14.46,2.96875,,0.05,0.5,0.59375,Exogenous terminal quote including unresolved arrears value; D/y is NOT an arrears valuation,0.7946922544951591,0.04106154910096819,0.05,0.0,0.7036307053941909,scenario,hpp-security-comparison-2026-10-09@1
preferred,1.0,14.46,2.96875,0.4,0.05,1,0.0,Uninterrupted no-call perpetuity,0.7946922544951591,0.08212309820193638,0.05,0.0,0.6625691562932227,scenario,hpp-security-comparison-2026-10-09@1
preferred,1.0,14.46,16.96428571428571,,0.1,0,1.1875,Exogenous terminal quote including unresolved arrears value; D/y is NOT an arrears valuation,-0.1731871171705195,0.0,0.1,0.0,-0.27318711717051947,scenario,hpp-security-comparison-2026-10-09@1
preferred,1.0,14.46,16.96428571428571,,0.1,0.5,0.59375,Exogenous terminal quote including unresolved arrears value; D/y is NOT an arrears valuation,-0.1731871171705195,0.04106154910096819,0.1,0.0,-0.3142486662714877,scenario,hpp-security-comparison-2026-10-09@1
preferred,1.0,14.46,16.96428571428571,0.07,0.1,1,0.0,Uninterrupted no-call perpetuity,-0.1731871171705195,0.08212309820193638,0.1,0.0,-0.3553102153724559,scenario,hpp-security-comparison-2026-10-09@1
preferred,1.0,14.46,14.46,,0.1,0,1.1875,Exogenous terminal quote including unresolved arrears value; D/y is NOT an arrears valuation,0.0,0.0,0.1,0.0,-0.1,scenario,hpp-security-comparison-2026-10-09@1
preferred,1.0,14.46,14.46,,0.1,0.5,0.59375,Exogenous terminal quote including unresolved arrears value; D/y is NOT an arrears valuation,0.0,0.04106154910096819,0.1,0.0,-0.1410615491009682,scenario,hpp-security-comparison-2026-10-09@1
preferred,1.0,14.46,14.46,0.08212309820193638,0.1,1,0.0,Uninterrupted no-call perpetuity,0.0,0.08212309820193638,0.1,0.0,-0.1821230982019364,scenario,hpp-security-comparison-2026-10-09@1
preferred,1.0,14.46,11.875,,0.1,0,1.1875,Exogenous terminal quote including unresolved arrears value; D/y is NOT an arrears valuation,0.17876901798063627,0.0,0.1,0.0,0.07876901798063626,scenario,hpp-security-comparison-2026-10-09@1
preferred,1.0,14.46,11.875,,0.1,0.5,0.59375,Exogenous terminal quote including unresolved arrears value; D/y is NOT an arrears valuation,0.17876901798063627,0.04106154910096819,0.1,0.0,0.03770746887966808,scenario,hpp-security-comparison-2026-10-09@1
preferred,1.0,14.46,11.875,0.1,0.1,1,0.0,Uninterrupted no-call perpetuity,0.17876901798063627,0.08212309820193638,0.1,0.0,-0.0033540802213001125,scenario,hpp-security-comparison-2026-10-09@1
preferred,1.0,14.46,9.895833333333334,,0.1,0,1.1875,Exogenous terminal quote including unresolved arrears value; D/y is NOT an arrears valuation,0.31564084831719685,0.0,0.1,0.0,0.21564084831719685,scenario,hpp-security-comparison-2026-10-09@1
preferred,1.0,14.46,9.895833333333334,,0.1,0.5,0.59375,Exogenous terminal quote including unresolved arrears value; D/y is NOT an arrears valuation,0.31564084831719685,0.04106154910096819,0.1,0.0,0.17457929921622864,scenario,hpp-security-comparison-2026-10-09@1
preferred,1.0,14.46,9.895833333333334,0.12,0.1,1,0.0,Uninterrupted no-call perpetuity,0.31564084831719685,0.08212309820193638,0.1,0.0,0.1335177501152605,scenario,hpp-security-comparison-2026-10-09@1
preferred,1.0,14.46,7.421875,,0.1,0,1.1875,Exogenous terminal quote including unresolved arrears value; D/y is NOT an arrears valuation,0.4867306362378977,0.0,0.1,0.0,0.3867306362378977,scenario,hpp-security-comparison-2026-10-09@1
preferred,1.0,14.46,7.421875,,0.1,0.5,0.59375,Exogenous terminal quote including unresolved arrears value; D/y is NOT an arrears valuation,0.4867306362378977,0.04106154910096819,0.1,0.0,0.34566908713692945,scenario,hpp-security-comparison-2026-10-09@1
preferred,1.0,14.46,7.421875,0.16,0.1,1,0.0,Uninterrupted no-call perpetuity,0.4867306362378977,0.08212309820193638,0.1,0.0,0.3046075380359613,scenario,hpp-security-comparison-2026-10-09@1
preferred,1.0,14.46,5.9375,,0.1,0,1.1875,Exogenous terminal quote including unresolved arrears value; D/y is NOT an arrears valuation,0.5893845089903181,0.0,0.1,0.0,0.48938450899031816,scenario,hpp-security-comparison-2026-10-09@1
preferred,1.0,14.46,5.9375,,0.1,0.5,0.59375,Exogenous terminal quote including unresolved arrears value; D/y is NOT an arrears valuation,0.5893845089903181,0.04106154910096819,0.1,0.0,0.44832295988935,scenario,hpp-security-comparison-2026-10-09@1
preferred,1.0,14.46,5.9375,0.2,0.1,1,0.0,Uninterrupted no-call perpetuity,0.5893845089903181,0.08212309820193638,0.1,0.0,0.40726141078838174,scenario,hpp-security-comparison-2026-10-09@1
preferred,1.0,14.46,3.9583333333333335,,0.1,0,1.1875,Exogenous terminal quote including unresolved arrears value; D/y is NOT an arrears valuation,0.7262563393268788,0.0,0.1,0.0,0.6262563393268789,scenario,hpp-security-comparison-2026-10-09@1
preferred,1.0,14.46,3.9583333333333335,,0.1,0.5,0.59375,Exogenous terminal quote including unresolved arrears value; D/y is NOT an arrears valuation,0.7262563393268788,0.04106154910096819,0.1,0.0,0.5851947902259107,scenario,hpp-security-comparison-2026-10-09@1
preferred,1.0,14.46,3.9583333333333335,0.3,0.1,1,0.0,Uninterrupted no-call perpetuity,0.7262563393268788,0.08212309820193638,0.1,0.0,0.5441332411249424,scenario,hpp-security-comparison-2026-10-09@1
preferred,1.0,14.46,2.96875,,0.1,0,1.1875,Exogenous terminal quote including unresolved arrears value; D/y is NOT an arrears valuation,0.7946922544951591,0.0,0.1,0.0,0.6946922544951591,scenario,hpp-security-comparison-2026-10-09@1
preferred,1.0,14.46,2.96875,,0.1,0.5,0.59375,Exogenous terminal quote including unresolved arrears value; D/y is NOT an arrears valuation,0.7946922544951591,0.04106154910096819,0.1,0.0,0.653630705394191,scenario,hpp-security-comparison-2026-10-09@1
preferred,1.0,14.46,2.96875,0.4,0.1,1,0.0,Uninterrupted no-call perpetuity,0.7946922544951591,0.08212309820193638,0.1,0.0,0.6125691562932227,scenario,hpp-security-comparison-2026-10-09@1
preferred,1.0,14.46,16.96428571428571,,0.2,0,1.1875,Exogenous terminal quote including unresolved arrears value; D/y is NOT an arrears valuation,-0.1731871171705195,0.0,0.2,0.0,-0.3731871171705195,scenario,hpp-security-comparison-2026-10-09@1
preferred,1.0,14.46,16.96428571428571,,0.2,0.5,0.59375,Exogenous terminal quote including unresolved arrears value; D/y is NOT an arrears valuation,-0.1731871171705195,0.04106154910096819,0.2,0.0,-0.4142486662714877,scenario,hpp-security-comparison-2026-10-09@1
preferred,1.0,14.46,16.96428571428571,0.07,0.2,1,0.0,Uninterrupted no-call perpetuity,-0.1731871171705195,0.08212309820193638,0.2,0.0,-0.45531021537245586,scenario,hpp-security-comparison-2026-10-09@1
preferred,1.0,14.46,14.46,,0.2,0,1.1875,Exogenous terminal quote including unresolved arrears value; D/y is NOT an arrears valuation,0.0,0.0,0.2,0.0,-0.2,scenario,hpp-security-comparison-2026-10-09@1
preferred,1.0,14.46,14.46,,0.2,0.5,0.59375,Exogenous terminal quote including unresolved arrears value; D/y is NOT an arrears valuation,0.0,0.04106154910096819,0.2,0.0,-0.2410615491009682,scenario,hpp-security-comparison-2026-10-09@1
preferred,1.0,14.46,14.46,0.08212309820193638,0.2,1,0.0,Uninterrupted no-call perpetuity,0.0,0.08212309820193638,0.2,0.0,-0.2821230982019364,scenario,hpp-security-comparison-2026-10-09@1
preferred,1.0,14.46,11.875,,0.2,0,1.1875,Exogenous terminal quote including unresolved arrears value; D/y is NOT an arrears valuation,0.17876901798063627,0.0,0.2,0.0,-0.021230982019363742,scenario,hpp-security-comparison-2026-10-09@1
preferred,1.0,14.46,11.875,,0.2,0.5,0.59375,Exogenous terminal quote including unresolved arrears value; D/y is NOT an arrears valuation,0.17876901798063627,0.04106154910096819,0.2,0.0,-0.06229253112033192,scenario,hpp-security-comparison-2026-10-09@1
preferred,1.0,14.46,11.875,0.1,0.2,1,0.0,Uninterrupted no-call perpetuity,0.17876901798063627,0.08212309820193638,0.2,0.0,-0.10335408022130012,scenario,hpp-security-comparison-2026-10-09@1
preferred,1.0,14.46,9.895833333333334,,0.2,0,1.1875,Exogenous terminal quote including unresolved arrears value; D/y is NOT an arrears valuation,0.31564084831719685,0.0,0.2,0.0,0.11564084831719684,scenario,hpp-security-comparison-2026-10-09@1
preferred,1.0,14.46,9.895833333333334,,0.2,0.5,0.59375,Exogenous terminal quote including unresolved arrears value; D/y is NOT an arrears valuation,0.31564084831719685,0.04106154910096819,0.2,0.0,0.07457929921622863,scenario,hpp-security-comparison-2026-10-09@1
preferred,1.0,14.46,9.895833333333334,0.12,0.2,1,0.0,Uninterrupted no-call perpetuity,0.31564084831719685,0.08212309820193638,0.2,0.0,0.03351775011526048,scenario,hpp-security-comparison-2026-10-09@1
preferred,1.0,14.46,7.421875,,0.2,0,1.1875,Exogenous terminal quote including unresolved arrears value; D/y is NOT an arrears valuation,0.4867306362378977,0.0,0.2,0.0,0.2867306362378977,scenario,hpp-security-comparison-2026-10-09@1
preferred,1.0,14.46,7.421875,,0.2,0.5,0.59375,Exogenous terminal quote including unresolved arrears value; D/y is NOT an arrears valuation,0.4867306362378977,0.04106154910096819,0.2,0.0,0.24566908713692948,scenario,hpp-security-comparison-2026-10-09@1
preferred,1.0,14.46,7.421875,0.16,0.2,1,0.0,Uninterrupted no-call perpetuity,0.4867306362378977,0.08212309820193638,0.2,0.0,0.20460753803596132,scenario,hpp-security-comparison-2026-10-09@1
preferred,1.0,14.46,5.9375,,0.2,0,1.1875,Exogenous terminal quote including unresolved arrears value; D/y is NOT an arrears valuation,0.5893845089903181,0.0,0.2,0.0,0.3893845089903181,scenario,hpp-security-comparison-2026-10-09@1
preferred,1.0,14.46,5.9375,,0.2,0.5,0.59375,Exogenous terminal quote including unresolved arrears value; D/y is NOT an arrears valuation,0.5893845089903181,0.04106154910096819,0.2,0.0,0.34832295988934997,scenario,hpp-security-comparison-2026-10-09@1
preferred,1.0,14.46,5.9375,0.2,0.2,1,0.0,Uninterrupted no-call perpetuity,0.5893845089903181,0.08212309820193638,0.2,0.0,0.3072614107883817,scenario,hpp-security-comparison-2026-10-09@1
preferred,1.0,14.46,3.9583333333333335,,0.2,0,1.1875,Exogenous terminal quote including unresolved arrears value; D/y is NOT an arrears valuation,0.7262563393268788,0.0,0.2,0.0,0.5262563393268789,scenario,hpp-security-comparison-2026-10-09@1
preferred,1.0,14.46,3.9583333333333335,,0.2,0.5,0.59375,Exogenous terminal quote including unresolved arrears value; D/y is NOT an arrears valuation,0.7262563393268788,0.04106154910096819,0.2,0.0,0.48519479022591067,scenario,hpp-security-comparison-2026-10-09@1
preferred,1.0,14.46,3.9583333333333335,0.3,0.2,1,0.0,Uninterrupted no-call perpetuity,0.7262563393268788,0.08212309820193638,0.2,0.0,0.4441332411249424,scenario,hpp-security-comparison-2026-10-09@1
preferred,1.0,14.46,2.96875,,0.2,0,1.1875,Exogenous terminal quote including unresolved arrears value; D/y is NOT an arrears valuation,0.7946922544951591,0.0,0.2,0.0,0.5946922544951592,scenario,hpp-security-comparison-2026-10-09@1
preferred,1.0,14.46,2.96875,,0.2,0.5,0.59375,Exogenous terminal quote including unresolved arrears value; D/y is NOT an arrears valuation,0.7946922544951591,0.04106154910096819,0.2,0.0,0.5536307053941909,scenario,hpp-security-comparison-2026-10-09@1
preferred,1.0,14.46,2.96875,0.4,0.2,1,0.0,Uninterrupted no-call perpetuity,0.7946922544951591,0.08212309820193638,0.2,0.0,0.5125691562932226,scenario,hpp-security-comparison-2026-10-09@1
common,1.0,11.88,0.0,,0.01,1,0,Exogenous terminal common quote,1.0,0.0,0.01,0.0,0.99,scenario,hpp-security-comparison-2026-10-09@1
common,1.0,11.88,3.0,,0.01,1,0,Exogenous terminal common quote,0.7474747474747475,0.0,0.01,0.0,0.7374747474747475,scenario,hpp-security-comparison-2026-10-09@1
common,1.0,11.88,5.0,,0.01,1,0,Exogenous terminal common quote,0.5791245791245792,0.0,0.01,0.0,0.5691245791245791,scenario,hpp-security-comparison-2026-10-09@1
common,1.0,11.88,8.0,,0.01,1,0,Exogenous terminal common quote,0.32659932659932667,0.0,0.01,0.0,0.31659932659932666,scenario,hpp-security-comparison-2026-10-09@1
common,1.0,11.88,11.88,,0.01,1,0,Exogenous terminal common quote,0.0,0.0,0.01,0.0,-0.01,scenario,hpp-security-comparison-2026-10-09@1
common,1.0,11.88,16.0,,0.01,1,0,Exogenous terminal common quote,-0.34680134680134667,0.0,0.01,0.0,-0.3568013468013467,scenario,hpp-security-comparison-2026-10-09@1
common,1.0,11.88,20.0,,0.01,1,0,Exogenous terminal common quote,-0.6835016835016834,0.0,0.01,0.0,-0.6935016835016834,scenario,hpp-security-comparison-2026-10-09@1
common,1.0,11.88,30.0,,0.01,1,0,Exogenous terminal common quote,-1.525252525252525,0.0,0.01,0.0,-1.535252525252525,scenario,hpp-security-comparison-2026-10-09@1
common,1.0,11.88,0.0,,0.03,1,0,Exogenous terminal common quote,1.0,0.0,0.03,0.0,0.97,scenario,hpp-security-comparison-2026-10-09@1
common,1.0,11.88,3.0,,0.03,1,0,Exogenous terminal common quote,0.7474747474747475,0.0,0.03,0.0,0.7174747474747475,scenario,hpp-security-comparison-2026-10-09@1
common,1.0,11.88,5.0,,0.03,1,0,Exogenous terminal common quote,0.5791245791245792,0.0,0.03,0.0,0.5491245791245791,scenario,hpp-security-comparison-2026-10-09@1
common,1.0,11.88,8.0,,0.03,1,0,Exogenous terminal common quote,0.32659932659932667,0.0,0.03,0.0,0.29659932659932664,scenario,hpp-security-comparison-2026-10-09@1
common,1.0,11.88,11.88,,0.03,1,0,Exogenous terminal common quote,0.0,0.0,0.03,0.0,-0.03,scenario,hpp-security-comparison-2026-10-09@1
common,1.0,11.88,16.0,,0.03,1,0,Exogenous terminal common quote,-0.34680134680134667,0.0,0.03,0.0,-0.3768013468013467,scenario,hpp-security-comparison-2026-10-09@1
common,1.0,11.88,20.0,,0.03,1,0,Exogenous terminal common quote,-0.6835016835016834,0.0,0.03,0.0,-0.7135016835016834,scenario,hpp-security-comparison-2026-10-09@1
common,1.0,11.88,30.0,,0.03,1,0,Exogenous terminal common quote,-1.525252525252525,0.0,0.03,0.0,-1.555252525252525,scenario,hpp-security-comparison-2026-10-09@1
common,1.0,11.88,0.0,,0.05,1,0,Exogenous terminal common quote,1.0,0.0,0.05,0.0,0.95,scenario,hpp-security-comparison-2026-10-09@1
common,1.0,11.88,3.0,,0.05,1,0,Exogenous terminal common quote,0.7474747474747475,0.0,0.05,0.0,0.6974747474747475,scenario,hpp-security-comparison-2026-10-09@1
common,1.0,11.88,5.0,,0.05,1,0,Exogenous terminal common quote,0.5791245791245792,0.0,0.05,0.0,0.5291245791245791,scenario,hpp-security-comparison-2026-10-09@1
common,1.0,11.88,8.0,,0.05,1,0,Exogenous terminal common quote,0.32659932659932667,0.0,0.05,0.0,0.2765993265993267,scenario,hpp-security-comparison-2026-10-09@1
common,1.0,11.88,11.88,,0.05,1,0,Exogenous terminal common quote,0.0,0.0,0.05,0.0,-0.05,scenario,hpp-security-comparison-2026-10-09@1
common,1.0,11.88,16.0,,0.05,1,0,Exogenous terminal common quote,-0.34680134680134667,0.0,0.05,0.0,-0.39680134680134665,scenario,hpp-security-comparison-2026-10-09@1
common,1.0,11.88,20.0,,0.05,1,0,Exogenous terminal common quote,-0.6835016835016834,0.0,0.05,0.0,-0.7335016835016834,scenario,hpp-security-comparison-2026-10-09@1
common,1.0,11.88,30.0,,0.05,1,0,Exogenous terminal common quote,-1.525252525252525,0.0,0.05,0.0,-1.5752525252525251,scenario,hpp-security-comparison-2026-10-09@1
common,1.0,11.88,0.0,,0.1,1,0,Exogenous terminal common quote,1.0,0.0,0.1,0.0,0.9,scenario,hpp-security-comparison-2026-10-09@1
common,1.0,11.88,3.0,,0.1,1,0,Exogenous terminal common quote,0.7474747474747475,0.0,0.1,0.0,0.6474747474747475,scenario,hpp-security-comparison-2026-10-09@1
common,1.0,11.88,5.0,,0.1,1,0,Exogenous terminal common quote,0.5791245791245792,0.0,0.1,0.0,0.4791245791245792,scenario,hpp-security-comparison-2026-10-09@1
common,1.0,11.88,8.0,,0.1,1,0,Exogenous terminal common quote,0.32659932659932667,0.0,0.1,0.0,0.22659932659932666,scenario,hpp-security-comparison-2026-10-09@1
common,1.0,11.88,11.88,,0.1,1,0,Exogenous terminal common quote,0.0,0.0,0.1,0.0,-0.1,scenario,hpp-security-comparison-2026-10-09@1
common,1.0,11.88,16.0,,0.1,1,0,Exogenous terminal common quote,-0.34680134680134667,0.0,0.1,0.0,-0.44680134680134664,scenario,hpp-security-comparison-2026-10-09@1
common,1.0,11.88,20.0,,0.1,1,0,Exogenous terminal common quote,-0.6835016835016834,0.0,0.1,0.0,-0.7835016835016834,scenario,hpp-security-comparison-2026-10-09@1
common,1.0,11.88,30.0,,0.1,1,0,Exogenous terminal common quote,-1.525252525252525,0.0,0.1,0.0,-1.6252525252525252,scenario,hpp-security-comparison-2026-10-09@1
preferred,2.0,14.46,16.96428571428571,,0.01,0,2.375,Exogenous terminal quote including unresolved arrears value; D/y is NOT an arrears valuation,-0.1731871171705195,0.0,0.02,0.0,-0.19318711717051948,scenario,hpp-security-comparison-2026-10-09@1
preferred,2.0,14.46,16.96428571428571,,0.01,0.5,1.1875,Exogenous terminal quote including unresolved arrears value; D/y is NOT an arrears valuation,-0.1731871171705195,0.08212309820193638,0.02,0.0,-0.27531021537245587,scenario,hpp-security-comparison-2026-10-09@1
preferred,2.0,14.46,16.96428571428571,0.07,0.01,1,0.0,Uninterrupted no-call perpetuity,-0.1731871171705195,0.16424619640387275,0.02,0.0,-0.35743331357439223,scenario,hpp-security-comparison-2026-10-09@1
preferred,2.0,14.46,14.46,,0.01,0,2.375,Exogenous terminal quote including unresolved arrears value; D/y is NOT an arrears valuation,0.0,0.0,0.02,0.0,-0.02,scenario,hpp-security-comparison-2026-10-09@1
preferred,2.0,14.46,14.46,,0.01,0.5,1.1875,Exogenous terminal quote including unresolved arrears value; D/y is NOT an arrears valuation,0.0,0.08212309820193638,0.02,0.0,-0.10212309820193638,scenario,hpp-security-comparison-2026-10-09@1
preferred,2.0,14.46,14.46,0.08212309820193638,0.01,1,0.0,Uninterrupted no-call perpetuity,0.0,0.16424619640387275,0.02,0.0,-0.18424619640387274,scenario,hpp-security-comparison-2026-10-09@1
preferred,2.0,14.46,11.875,,0.01,0,2.375,Exogenous terminal quote including unresolved arrears value; D/y is NOT an arrears valuation,0.17876901798063627,0.0,0.02,0.0,0.15876901798063628,scenario,hpp-security-comparison-2026-10-09@1
preferred,2.0,14.46,11.875,,0.01,0.5,1.1875,Exogenous terminal quote including unresolved arrears value; D/y is NOT an arrears valuation,0.17876901798063627,0.08212309820193638,0.02,0.0,0.07664591977869989,scenario,hpp-security-comparison-2026-10-09@1
preferred,2.0,14.46,11.875,0.1,0.01,1,0.0,Uninterrupted no-call perpetuity,0.17876901798063627,0.16424619640387275,0.02,0.0,-0.005477178423236483,scenario,hpp-security-comparison-2026-10-09@1
preferred,2.0,14.46,9.895833333333334,,0.01,0,2.375,Exogenous terminal quote including unresolved arrears value; D/y is NOT an arrears valuation,0.31564084831719685,0.0,0.02,0.0,0.29564084831719684,scenario,hpp-security-comparison-2026-10-09@1
preferred,2.0,14.46,9.895833333333334,,0.01,0.5,1.1875,Exogenous terminal quote including unresolved arrears value; D/y is NOT an arrears valuation,0.31564084831719685,0.08212309820193638,0.02,0.0,0.2135177501152605,scenario,hpp-security-comparison-2026-10-09@1
preferred,2.0,14.46,9.895833333333334,0.12,0.01,1,0.0,Uninterrupted no-call perpetuity,0.31564084831719685,0.16424619640387275,0.02,0.0,0.1313946519133241,scenario,hpp-security-comparison-2026-10-09@1
preferred,2.0,14.46,7.421875,,0.01,0,2.375,Exogenous terminal quote including unresolved arrears value; D/y is NOT an arrears valuation,0.4867306362378977,0.0,0.02,0.0,0.4667306362378977,scenario,hpp-security-comparison-2026-10-09@1
preferred,2.0,14.46,7.421875,,0.01,0.5,1.1875,Exogenous terminal quote including unresolved arrears value; D/y is NOT an arrears valuation,0.4867306362378977,0.08212309820193638,0.02,0.0,0.3846075380359613,scenario,hpp-security-comparison-2026-10-09@1
preferred,2.0,14.46,7.421875,0.16,0.01,1,0.0,Uninterrupted no-call perpetuity,0.4867306362378977,0.16424619640387275,0.02,0.0,0.30248443983402495,scenario,hpp-security-comparison-2026-10-09@1
preferred,2.0,14.46,5.9375,,0.01,0,2.375,Exogenous terminal quote including unresolved arrears value; D/y is NOT an arrears valuation,0.5893845089903181,0.0,0.02,0.0,0.5693845089903181,scenario,hpp-security-comparison-2026-10-09@1
preferred,2.0,14.46,5.9375,,0.01,0.5,1.1875,Exogenous terminal quote including unresolved arrears value; D/y is NOT an arrears valuation,0.5893845089903181,0.08212309820193638,0.02,0.0,0.4872614107883817,scenario,hpp-security-comparison-2026-10-09@1
preferred,2.0,14.46,5.9375,0.2,0.01,1,0.0,Uninterrupted no-call perpetuity,0.5893845089903181,0.16424619640387275,0.02,0.0,0.4051383125864454,scenario,hpp-security-comparison-2026-10-09@1
preferred,2.0,14.46,3.9583333333333335,,0.01,0,2.375,Exogenous terminal quote including unresolved arrears value; D/y is NOT an arrears valuation,0.7262563393268788,0.0,0.02,0.0,0.7062563393268788,scenario,hpp-security-comparison-2026-10-09@1
preferred,2.0,14.46,3.9583333333333335,,0.01,0.5,1.1875,Exogenous terminal quote including unresolved arrears value; D/y is NOT an arrears valuation,0.7262563393268788,0.08212309820193638,0.02,0.0,0.6241332411249424,scenario,hpp-security-comparison-2026-10-09@1
preferred,2.0,14.46,3.9583333333333335,0.3,0.01,1,0.0,Uninterrupted no-call perpetuity,0.7262563393268788,0.16424619640387275,0.02,0.0,0.5420101429230061,scenario,hpp-security-comparison-2026-10-09@1
preferred,2.0,14.46,2.96875,,0.01,0,2.375,Exogenous terminal quote including unresolved arrears value; D/y is NOT an arrears valuation,0.7946922544951591,0.0,0.02,0.0,0.7746922544951591,scenario,hpp-security-comparison-2026-10-09@1
preferred,2.0,14.46,2.96875,,0.01,0.5,1.1875,Exogenous terminal quote including unresolved arrears value; D/y is NOT an arrears valuation,0.7946922544951591,0.08212309820193638,0.02,0.0,0.6925691562932227,scenario,hpp-security-comparison-2026-10-09@1
preferred,2.0,14.46,2.96875,0.4,0.01,1,0.0,Uninterrupted no-call perpetuity,0.7946922544951591,0.16424619640387275,0.02,0.0,0.6104460580912864,scenario,hpp-security-comparison-2026-10-09@1
preferred,2.0,14.46,16.96428571428571,,0.03,0,2.375,Exogenous terminal quote including unresolved arrears value; D/y is NOT an arrears valuation,-0.1731871171705195,0.0,0.06,0.0,-0.2331871171705195,scenario,hpp-security-comparison-2026-10-09@1
preferred,2.0,14.46,16.96428571428571,,0.03,0.5,1.1875,Exogenous terminal quote including unresolved arrears value; D/y is NOT an arrears valuation,-0.1731871171705195,0.08212309820193638,0.06,0.0,-0.31531021537245585,scenario,hpp-security-comparison-2026-10-09@1
preferred,2.0,14.46,16.96428571428571,0.07,0.03,1,0.0,Uninterrupted no-call perpetuity,-0.1731871171705195,0.16424619640387275,0.06,0.0,-0.3974333135743922,scenario,hpp-security-comparison-2026-10-09@1
preferred,2.0,14.46,14.46,,0.03,0,2.375,Exogenous terminal quote including unresolved arrears value; D/y is NOT an arrears valuation,0.0,0.0,0.06,0.0,-0.06,scenario,hpp-security-comparison-2026-10-09@1
preferred,2.0,14.46,14.46,,0.03,0.5,1.1875,Exogenous terminal quote including unresolved arrears value; D/y is NOT an arrears valuation,0.0,0.08212309820193638,0.06,0.0,-0.14212309820193636,scenario,hpp-security-comparison-2026-10-09@1
preferred,2.0,14.46,14.46,0.08212309820193638,0.03,1,0.0,Uninterrupted no-call perpetuity,0.0,0.16424619640387275,0.06,0.0,-0.22424619640387275,scenario,hpp-security-comparison-2026-10-09@1
preferred,2.0,14.46,11.875,,0.03,0,2.375,Exogenous terminal quote including unresolved arrears value; D/y is NOT an arrears valuation,0.17876901798063627,0.0,0.06,0.0,0.11876901798063627,scenario,hpp-security-comparison-2026-10-09@1
preferred,2.0,14.46,11.875,,0.03,0.5,1.1875,Exogenous terminal quote including unresolved arrears value; D/y is NOT an arrears valuation,0.17876901798063627,0.08212309820193638,0.06,0.0,0.036645919778699895,scenario,hpp-security-comparison-2026-10-09@1
preferred,2.0,14.46,11.875,0.1,0.03,1,0.0,Uninterrupted no-call perpetuity,0.17876901798063627,0.16424619640387275,0.06,0.0,-0.04547717842323648,scenario,hpp-security-comparison-2026-10-09@1
preferred,2.0,14.46,9.895833333333334,,0.03,0,2.375,Exogenous terminal quote including unresolved arrears value; D/y is NOT an arrears valuation,0.31564084831719685,0.0,0.06,0.0,0.25564084831719686,scenario,hpp-security-comparison-2026-10-09@1
preferred,2.0,14.46,9.895833333333334,,0.03,0.5,1.1875,Exogenous terminal quote including unresolved arrears value; D/y is NOT an arrears valuation,0.31564084831719685,0.08212309820193638,0.06,0.0,0.1735177501152605,scenario,hpp-security-comparison-2026-10-09@1
preferred,2.0,14.46,9.895833333333334,0.12,0.03,1,0.0,Uninterrupted no-call perpetuity,0.31564084831719685,0.16424619640387275,0.06,0.0,0.0913946519133241,scenario,hpp-security-comparison-2026-10-09@1
preferred,2.0,14.46,7.421875,,0.03,0,2.375,Exogenous terminal quote including unresolved arrears value; D/y is NOT an arrears valuation,0.4867306362378977,0.0,0.06,0.0,0.4267306362378977,scenario,hpp-security-comparison-2026-10-09@1
preferred,2.0,14.46,7.421875,,0.03,0.5,1.1875,Exogenous terminal quote including unresolved arrears value; D/y is NOT an arrears valuation,0.4867306362378977,0.08212309820193638,0.06,0.0,0.34460753803596134,scenario,hpp-security-comparison-2026-10-09@1
preferred,2.0,14.46,7.421875,0.16,0.03,1,0.0,Uninterrupted no-call perpetuity,0.4867306362378977,0.16424619640387275,0.06,0.0,0.262484439834025,scenario,hpp-security-comparison-2026-10-09@1
preferred,2.0,14.46,5.9375,,0.03,0,2.375,Exogenous terminal quote including unresolved arrears value; D/y is NOT an arrears valuation,0.5893845089903181,0.0,0.06,0.0,0.5293845089903182,scenario,hpp-security-comparison-2026-10-09@1
preferred,2.0,14.46,5.9375,,0.03,0.5,1.1875,Exogenous terminal quote including unresolved arrears value; D/y is NOT an arrears valuation,0.5893845089903181,0.08212309820193638,0.06,0.0,0.4472614107883817,scenario,hpp-security-comparison-2026-10-09@1
preferred,2.0,14.46,5.9375,0.2,0.03,1,0.0,Uninterrupted no-call perpetuity,0.5893845089903181,0.16424619640387275,0.06,0.0,0.3651383125864454,scenario,hpp-security-comparison-2026-10-09@1
preferred,2.0,14.46,3.9583333333333335,,0.03,0,2.375,Exogenous terminal quote including unresolved arrears value; D/y is NOT an arrears valuation,0.7262563393268788,0.0,0.06,0.0,0.6662563393268788,scenario,hpp-security-comparison-2026-10-09@1
preferred,2.0,14.46,3.9583333333333335,,0.03,0.5,1.1875,Exogenous terminal quote including unresolved arrears value; D/y is NOT an arrears valuation,0.7262563393268788,0.08212309820193638,0.06,0.0,0.5841332411249425,scenario,hpp-security-comparison-2026-10-09@1
preferred,2.0,14.46,3.9583333333333335,0.3,0.03,1,0.0,Uninterrupted no-call perpetuity,0.7262563393268788,0.16424619640387275,0.06,0.0,0.5020101429230062,scenario,hpp-security-comparison-2026-10-09@1
preferred,2.0,14.46,2.96875,,0.03,0,2.375,Exogenous terminal quote including unresolved arrears value; D/y is NOT an arrears valuation,0.7946922544951591,0.0,0.06,0.0,0.7346922544951591,scenario,hpp-security-comparison-2026-10-09@1
preferred,2.0,14.46,2.96875,,0.03,0.5,1.1875,Exogenous terminal quote including unresolved arrears value; D/y is NOT an arrears valuation,0.7946922544951591,0.08212309820193638,0.06,0.0,0.6525691562932228,scenario,hpp-security-comparison-2026-10-09@1
preferred,2.0,14.46,2.96875,0.4,0.03,1,0.0,Uninterrupted no-call perpetuity,0.7946922544951591,0.16424619640387275,0.06,0.0,0.5704460580912865,scenario,hpp-security-comparison-2026-10-09@1
preferred,2.0,14.46,16.96428571428571,,0.05,0,2.375,Exogenous terminal quote including unresolved arrears value; D/y is NOT an arrears valuation,-0.1731871171705195,0.0,0.1,0.0,-0.27318711717051947,scenario,hpp-security-comparison-2026-10-09@1
preferred,2.0,14.46,16.96428571428571,,0.05,0.5,1.1875,Exogenous terminal quote including unresolved arrears value; D/y is NOT an arrears valuation,-0.1731871171705195,0.08212309820193638,0.1,0.0,-0.3553102153724559,scenario,hpp-security-comparison-2026-10-09@1
preferred,2.0,14.46,16.96428571428571,0.07,0.05,1,0.0,Uninterrupted no-call perpetuity,-0.1731871171705195,0.16424619640387275,0.1,0.0,-0.4374333135743922,scenario,hpp-security-comparison-2026-10-09@1
preferred,2.0,14.46,14.46,,0.05,0,2.375,Exogenous terminal quote including unresolved arrears value; D/y is NOT an arrears valuation,0.0,0.0,0.1,0.0,-0.1,scenario,hpp-security-comparison-2026-10-09@1
preferred,2.0,14.46,14.46,,0.05,0.5,1.1875,Exogenous terminal quote including unresolved arrears value; D/y is NOT an arrears valuation,0.0,0.08212309820193638,0.1,0.0,-0.1821230982019364,scenario,hpp-security-comparison-2026-10-09@1
preferred,2.0,14.46,14.46,0.08212309820193638,0.05,1,0.0,Uninterrupted no-call perpetuity,0.0,0.16424619640387275,0.1,0.0,-0.26424619640387276,scenario,hpp-security-comparison-2026-10-09@1
preferred,2.0,14.46,11.875,,0.05,0,2.375,Exogenous terminal quote including unresolved arrears value; D/y is NOT an arrears valuation,0.17876901798063627,0.0,0.1,0.0,0.07876901798063626,scenario,hpp-security-comparison-2026-10-09@1
preferred,2.0,14.46,11.875,,0.05,0.5,1.1875,Exogenous terminal quote including unresolved arrears value; D/y is NOT an arrears valuation,0.17876901798063627,0.08212309820193638,0.1,0.0,-0.0033540802213001125,scenario,hpp-security-comparison-2026-10-09@1
preferred,2.0,14.46,11.875,0.1,0.05,1,0.0,Uninterrupted no-call perpetuity,0.17876901798063627,0.16424619640387275,0.1,0.0,-0.08547717842323649,scenario,hpp-security-comparison-2026-10-09@1
preferred,2.0,14.46,9.895833333333334,,0.05,0,2.375,Exogenous terminal quote including unresolved arrears value; D/y is NOT an arrears valuation,0.31564084831719685,0.0,0.1,0.0,0.21564084831719685,scenario,hpp-security-comparison-2026-10-09@1
preferred,2.0,14.46,9.895833333333334,,0.05,0.5,1.1875,Exogenous terminal quote including unresolved arrears value; D/y is NOT an arrears valuation,0.31564084831719685,0.08212309820193638,0.1,0.0,0.1335177501152605,scenario,hpp-security-comparison-2026-10-09@1
preferred,2.0,14.46,9.895833333333334,0.12,0.05,1,0.0,Uninterrupted no-call perpetuity,0.31564084831719685,0.16424619640387275,0.1,0.0,0.051394651913324096,scenario,hpp-security-comparison-2026-10-09@1
preferred,2.0,14.46,7.421875,,0.05,0,2.375,Exogenous terminal quote including unresolved arrears value; D/y is NOT an arrears valuation,0.4867306362378977,0.0,0.1,0.0,0.3867306362378977,scenario,hpp-security-comparison-2026-10-09@1
preferred,2.0,14.46,7.421875,,0.05,0.5,1.1875,Exogenous terminal quote including unresolved arrears value; D/y is NOT an arrears valuation,0.4867306362378977,0.08212309820193638,0.1,0.0,0.3046075380359613,scenario,hpp-security-comparison-2026-10-09@1
preferred,2.0,14.46,7.421875,0.16,0.05,1,0.0,Uninterrupted no-call perpetuity,0.4867306362378977,0.16424619640387275,0.1,0.0,0.22248443983402497,scenario,hpp-security-comparison-2026-10-09@1
preferred,2.0,14.46,5.9375,,0.05,0,2.375,Exogenous terminal quote including unresolved arrears value; D/y is NOT an arrears valuation,0.5893845089903181,0.0,0.1,0.0,0.48938450899031816,scenario,hpp-security-comparison-2026-10-09@1
preferred,2.0,14.46,5.9375,,0.05,0.5,1.1875,Exogenous terminal quote including unresolved arrears value; D/y is NOT an arrears valuation,0.5893845089903181,0.08212309820193638,0.1,0.0,0.40726141078838174,scenario,hpp-security-comparison-2026-10-09@1
preferred,2.0,14.46,5.9375,0.2,0.05,1,0.0,Uninterrupted no-call perpetuity,0.5893845089903181,0.16424619640387275,0.1,0.0,0.32513831258644543,scenario,hpp-security-comparison-2026-10-09@1
preferred,2.0,14.46,3.9583333333333335,,0.05,0,2.375,Exogenous terminal quote including unresolved arrears value; D/y is NOT an arrears valuation,0.7262563393268788,0.0,0.1,0.0,0.6262563393268789,scenario,hpp-security-comparison-2026-10-09@1
preferred,2.0,14.46,3.9583333333333335,,0.05,0.5,1.1875,Exogenous terminal quote including unresolved arrears value; D/y is NOT an arrears valuation,0.7262563393268788,0.08212309820193638,0.1,0.0,0.5441332411249424,scenario,hpp-security-comparison-2026-10-09@1
preferred,2.0,14.46,3.9583333333333335,0.3,0.05,1,0.0,Uninterrupted no-call perpetuity,0.7262563393268788,0.16424619640387275,0.1,0.0,0.46201014292300613,scenario,hpp-security-comparison-2026-10-09@1
preferred,2.0,14.46,2.96875,,0.05,0,2.375,Exogenous terminal quote including unresolved arrears value; D/y is NOT an arrears valuation,0.7946922544951591,0.0,0.1,0.0,0.6946922544951591,scenario,hpp-security-comparison-2026-10-09@1
preferred,2.0,14.46,2.96875,,0.05,0.5,1.1875,Exogenous terminal quote including unresolved arrears value; D/y is NOT an arrears valuation,0.7946922544951591,0.08212309820193638,0.1,0.0,0.6125691562932227,scenario,hpp-security-comparison-2026-10-09@1
preferred,2.0,14.46,2.96875,0.4,0.05,1,0.0,Uninterrupted no-call perpetuity,0.7946922544951591,0.16424619640387275,0.1,0.0,0.5304460580912864,scenario,hpp-security-comparison-2026-10-09@1
preferred,2.0,14.46,16.96428571428571,,0.1,0,2.375,Exogenous terminal quote including unresolved arrears value; D/y is NOT an arrears valuation,-0.1731871171705195,0.0,0.2,0.0,-0.3731871171705195,scenario,hpp-security-comparison-2026-10-09@1
preferred,2.0,14.46,16.96428571428571,,0.1,0.5,1.1875,Exogenous terminal quote including unresolved arrears value; D/y is NOT an arrears valuation,-0.1731871171705195,0.08212309820193638,0.2,0.0,-0.45531021537245586,scenario,hpp-security-comparison-2026-10-09@1
preferred,2.0,14.46,16.96428571428571,0.07,0.1,1,0.0,Uninterrupted no-call perpetuity,-0.1731871171705195,0.16424619640387275,0.2,0.0,-0.5374333135743923,scenario,hpp-security-comparison-2026-10-09@1
preferred,2.0,14.46,14.46,,0.1,0,2.375,Exogenous terminal quote including unresolved arrears value; D/y is NOT an arrears valuation,0.0,0.0,0.2,0.0,-0.2,scenario,hpp-security-comparison-2026-10-09@1
preferred,2.0,14.46,14.46,,0.1,0.5,1.1875,Exogenous terminal quote including unresolved arrears value; D/y is NOT an arrears valuation,0.0,0.08212309820193638,0.2,0.0,-0.2821230982019364,scenario,hpp-security-comparison-2026-10-09@1
preferred,2.0,14.46,14.46,0.08212309820193638,0.1,1,0.0,Uninterrupted no-call perpetuity,0.0,0.16424619640387275,0.2,0.0,-0.3642461964038728,scenario,hpp-security-comparison-2026-10-09@1
preferred,2.0,14.46,11.875,,0.1,0,2.375,Exogenous terminal quote including unresolved arrears value; D/y is NOT an arrears valuation,0.17876901798063627,0.0,0.2,0.0,-0.021230982019363742,scenario,hpp-security-comparison-2026-10-09@1
preferred,2.0,14.46,11.875,,0.1,0.5,1.1875,Exogenous terminal quote including unresolved arrears value; D/y is NOT an arrears valuation,0.17876901798063627,0.08212309820193638,0.2,0.0,-0.10335408022130012,scenario,hpp-security-comparison-2026-10-09@1
preferred,2.0,14.46,11.875,0.1,0.1,1,0.0,Uninterrupted no-call perpetuity,0.17876901798063627,0.16424619640387275,0.2,0.0,-0.1854771784232365,scenario,hpp-security-comparison-2026-10-09@1
preferred,2.0,14.46,9.895833333333334,,0.1,0,2.375,Exogenous terminal quote including unresolved arrears value; D/y is NOT an arrears valuation,0.31564084831719685,0.0,0.2,0.0,0.11564084831719684,scenario,hpp-security-comparison-2026-10-09@1
preferred,2.0,14.46,9.895833333333334,,0.1,0.5,1.1875,Exogenous terminal quote including unresolved arrears value; D/y is NOT an arrears valuation,0.31564084831719685,0.08212309820193638,0.2,0.0,0.03351775011526048,scenario,hpp-security-comparison-2026-10-09@1
preferred,2.0,14.46,9.895833333333334,0.12,0.1,1,0.0,Uninterrupted no-call perpetuity,0.31564084831719685,0.16424619640387275,0.2,0.0,-0.04860534808667591,scenario,hpp-security-comparison-2026-10-09@1
preferred,2.0,14.46,7.421875,,0.1,0,2.375,Exogenous terminal quote including unresolved arrears value; D/y is NOT an arrears valuation,0.4867306362378977,0.0,0.2,0.0,0.2867306362378977,scenario,hpp-security-comparison-2026-10-09@1
preferred,2.0,14.46,7.421875,,0.1,0.5,1.1875,Exogenous terminal quote including unresolved arrears value; D/y is NOT an arrears valuation,0.4867306362378977,0.08212309820193638,0.2,0.0,0.20460753803596132,scenario,hpp-security-comparison-2026-10-09@1
preferred,2.0,14.46,7.421875,0.16,0.1,1,0.0,Uninterrupted no-call perpetuity,0.4867306362378977,0.16424619640387275,0.2,0.0,0.12248443983402496,scenario,hpp-security-comparison-2026-10-09@1
preferred,2.0,14.46,5.9375,,0.1,0,2.375,Exogenous terminal quote including unresolved arrears value; D/y is NOT an arrears valuation,0.5893845089903181,0.0,0.2,0.0,0.3893845089903181,scenario,hpp-security-comparison-2026-10-09@1
preferred,2.0,14.46,5.9375,,0.1,0.5,1.1875,Exogenous terminal quote including unresolved arrears value; D/y is NOT an arrears valuation,0.5893845089903181,0.08212309820193638,0.2,0.0,0.3072614107883817,scenario,hpp-security-comparison-2026-10-09@1
preferred,2.0,14.46,5.9375,0.2,0.1,1,0.0,Uninterrupted no-call perpetuity,0.5893845089903181,0.16424619640387275,0.2,0.0,0.2251383125864454,scenario,hpp-security-comparison-2026-10-09@1
preferred,2.0,14.46,3.9583333333333335,,0.1,0,2.375,Exogenous terminal quote including unresolved arrears value; D/y is NOT an arrears valuation,0.7262563393268788,0.0,0.2,0.0,0.5262563393268789,scenario,hpp-security-comparison-2026-10-09@1
preferred,2.0,14.46,3.9583333333333335,,0.1,0.5,1.1875,Exogenous terminal quote including unresolved arrears value; D/y is NOT an arrears valuation,0.7262563393268788,0.08212309820193638,0.2,0.0,0.4441332411249424,scenario,hpp-security-comparison-2026-10-09@1
preferred,2.0,14.46,3.9583333333333335,0.3,0.1,1,0.0,Uninterrupted no-call perpetuity,0.7262563393268788,0.16424619640387275,0.2,0.0,0.3620101429230061,scenario,hpp-security-comparison-2026-10-09@1
preferred,2.0,14.46,2.96875,,0.1,0,2.375,Exogenous terminal quote including unresolved arrears value; D/y is NOT an arrears valuation,0.7946922544951591,0.0,0.2,0.0,0.5946922544951592,scenario,hpp-security-comparison-2026-10-09@1
preferred,2.0,14.46,2.96875,,0.1,0.5,1.1875,Exogenous terminal quote including unresolved arrears value; D/y is NOT an arrears valuation,0.7946922544951591,0.08212309820193638,0.2,0.0,0.5125691562932226,scenario,hpp-security-comparison-2026-10-09@1
preferred,2.0,14.46,2.96875,0.4,0.1,1,0.0,Uninterrupted no-call perpetuity,0.7946922544951591,0.16424619640387275,0.2,0.0,0.4304460580912864,scenario,hpp-security-comparison-2026-10-09@1
preferred,2.0,14.46,16.96428571428571,,0.2,0,2.375,Exogenous terminal quote including unresolved arrears value; D/y is NOT an arrears valuation,-0.1731871171705195,0.0,0.4,0.0,-0.5731871171705195,scenario,hpp-security-comparison-2026-10-09@1
preferred,2.0,14.46,16.96428571428571,,0.2,0.5,1.1875,Exogenous terminal quote including unresolved arrears value; D/y is NOT an arrears valuation,-0.1731871171705195,0.08212309820193638,0.4,0.0,-0.6553102153724559,scenario,hpp-security-comparison-2026-10-09@1
preferred,2.0,14.46,16.96428571428571,0.07,0.2,1,0.0,Uninterrupted no-call perpetuity,-0.1731871171705195,0.16424619640387275,0.4,0.0,-0.7374333135743922,scenario,hpp-security-comparison-2026-10-09@1
preferred,2.0,14.46,14.46,,0.2,0,2.375,Exogenous terminal quote including unresolved arrears value; D/y is NOT an arrears valuation,0.0,0.0,0.4,0.0,-0.4,scenario,hpp-security-comparison-2026-10-09@1
preferred,2.0,14.46,14.46,,0.2,0.5,1.1875,Exogenous terminal quote including unresolved arrears value; D/y is NOT an arrears valuation,0.0,0.08212309820193638,0.4,0.0,-0.4821230982019364,scenario,hpp-security-comparison-2026-10-09@1
preferred,2.0,14.46,14.46,0.08212309820193638,0.2,1,0.0,Uninterrupted no-call perpetuity,0.0,0.16424619640387275,0.4,0.0,-0.5642461964038727,scenario,hpp-security-comparison-2026-10-09@1
preferred,2.0,14.46,11.875,,0.2,0,2.375,Exogenous terminal quote including unresolved arrears value; D/y is NOT an arrears valuation,0.17876901798063627,0.0,0.4,0.0,-0.22123098201936375,scenario,hpp-security-comparison-2026-10-09@1
preferred,2.0,14.46,11.875,,0.2,0.5,1.1875,Exogenous terminal quote including unresolved arrears value; D/y is NOT an arrears valuation,0.17876901798063627,0.08212309820193638,0.4,0.0,-0.3033540802213001,scenario,hpp-security-comparison-2026-10-09@1
preferred,2.0,14.46,11.875,0.1,0.2,1,0.0,Uninterrupted no-call perpetuity,0.17876901798063627,0.16424619640387275,0.4,0.0,-0.3854771784232365,scenario,hpp-security-comparison-2026-10-09@1
preferred,2.0,14.46,9.895833333333334,,0.2,0,2.375,Exogenous terminal quote including unresolved arrears value; D/y is NOT an arrears valuation,0.31564084831719685,0.0,0.4,0.0,-0.08435915168280317,scenario,hpp-security-comparison-2026-10-09@1
preferred,2.0,14.46,9.895833333333334,,0.2,0.5,1.1875,Exogenous terminal quote including unresolved arrears value; D/y is NOT an arrears valuation,0.31564084831719685,0.08212309820193638,0.4,0.0,-0.16648224988473953,scenario,hpp-security-comparison-2026-10-09@1
preferred,2.0,14.46,9.895833333333334,0.12,0.2,1,0.0,Uninterrupted no-call perpetuity,0.31564084831719685,0.16424619640387275,0.4,0.0,-0.24860534808667592,scenario,hpp-security-comparison-2026-10-09@1
preferred,2.0,14.46,7.421875,,0.2,0,2.375,Exogenous terminal quote including unresolved arrears value; D/y is NOT an arrears valuation,0.4867306362378977,0.0,0.4,0.0,0.08673063623789767,scenario,hpp-security-comparison-2026-10-09@1
preferred,2.0,14.46,7.421875,,0.2,0.5,1.1875,Exogenous terminal quote including unresolved arrears value; D/y is NOT an arrears valuation,0.4867306362378977,0.08212309820193638,0.4,0.0,0.004607538035961312,scenario,hpp-security-comparison-2026-10-09@1
preferred,2.0,14.46,7.421875,0.16,0.2,1,0.0,Uninterrupted no-call perpetuity,0.4867306362378977,0.16424619640387275,0.4,0.0,-0.07751556016597505,scenario,hpp-security-comparison-2026-10-09@1
preferred,2.0,14.46,5.9375,,0.2,0,2.375,Exogenous terminal quote including unresolved arrears value; D/y is NOT an arrears valuation,0.5893845089903181,0.0,0.4,0.0,0.1893845089903181,scenario,hpp-security-comparison-2026-10-09@1
preferred,2.0,14.46,5.9375,,0.2,0.5,1.1875,Exogenous terminal quote including unresolved arrears value; D/y is NOT an arrears valuation,0.5893845089903181,0.08212309820193638,0.4,0.0,0.1072614107883817,scenario,hpp-security-comparison-2026-10-09@1
preferred,2.0,14.46,5.9375,0.2,0.2,1,0.0,Uninterrupted no-call perpetuity,0.5893845089903181,0.16424619640387275,0.4,0.0,0.025138312586445388,scenario,hpp-security-comparison-2026-10-09@1
preferred,2.0,14.46,3.9583333333333335,,0.2,0,2.375,Exogenous terminal quote including unresolved arrears value; D/y is NOT an arrears valuation,0.7262563393268788,0.0,0.4,0.0,0.3262563393268788,scenario,hpp-security-comparison-2026-10-09@1
preferred,2.0,14.46,3.9583333333333335,,0.2,0.5,1.1875,Exogenous terminal quote including unresolved arrears value; D/y is NOT an arrears valuation,0.7262563393268788,0.08212309820193638,0.4,0.0,0.2441332411249424,scenario,hpp-security-comparison-2026-10-09@1
preferred,2.0,14.46,3.9583333333333335,0.3,0.2,1,0.0,Uninterrupted no-call perpetuity,0.7262563393268788,0.16424619640387275,0.4,0.0,0.16201014292300608,scenario,hpp-security-comparison-2026-10-09@1
preferred,2.0,14.46,2.96875,,0.2,0,2.375,Exogenous terminal quote including unresolved arrears value; D/y is NOT an arrears valuation,0.7946922544951591,0.0,0.4,0.0,0.3946922544951591,scenario,hpp-security-comparison-2026-10-09@1
preferred,2.0,14.46,2.96875,,0.2,0.5,1.1875,Exogenous terminal quote including unresolved arrears value; D/y is NOT an arrears valuation,0.7946922544951591,0.08212309820193638,0.4,0.0,0.3125691562932227,scenario,hpp-security-comparison-2026-10-09@1
preferred,2.0,14.46,2.96875,0.4,0.2,1,0.0,Uninterrupted no-call perpetuity,0.7946922544951591,0.16424619640387275,0.4,0.0,0.23044605809128638,scenario,hpp-security-comparison-2026-10-09@1
common,2.0,11.88,0.0,,0.01,1,0,Exogenous terminal common quote,1.0,0.0,0.02,0.0,0.98,scenario,hpp-security-comparison-2026-10-09@1
common,2.0,11.88,3.0,,0.01,1,0,Exogenous terminal common quote,0.7474747474747475,0.0,0.02,0.0,0.7274747474747475,scenario,hpp-security-comparison-2026-10-09@1
common,2.0,11.88,5.0,,0.01,1,0,Exogenous terminal common quote,0.5791245791245792,0.0,0.02,0.0,0.5591245791245791,scenario,hpp-security-comparison-2026-10-09@1
common,2.0,11.88,8.0,,0.01,1,0,Exogenous terminal common quote,0.32659932659932667,0.0,0.02,0.0,0.30659932659932665,scenario,hpp-security-comparison-2026-10-09@1
common,2.0,11.88,11.88,,0.01,1,0,Exogenous terminal common quote,0.0,0.0,0.02,0.0,-0.02,scenario,hpp-security-comparison-2026-10-09@1
common,2.0,11.88,16.0,,0.01,1,0,Exogenous terminal common quote,-0.34680134680134667,0.0,0.02,0.0,-0.3668013468013467,scenario,hpp-security-comparison-2026-10-09@1
common,2.0,11.88,20.0,,0.01,1,0,Exogenous terminal common quote,-0.6835016835016834,0.0,0.02,0.0,-0.7035016835016834,scenario,hpp-security-comparison-2026-10-09@1
common,2.0,11.88,30.0,,0.01,1,0,Exogenous terminal common quote,-1.525252525252525,0.0,0.02,0.0,-1.545252525252525,scenario,hpp-security-comparison-2026-10-09@1
common,2.0,11.88,0.0,,0.03,1,0,Exogenous terminal common quote,1.0,0.0,0.06,0.0,0.94,scenario,hpp-security-comparison-2026-10-09@1
common,2.0,11.88,3.0,,0.03,1,0,Exogenous terminal common quote,0.7474747474747475,0.0,0.06,0.0,0.6874747474747476,scenario,hpp-security-comparison-2026-10-09@1
common,2.0,11.88,5.0,,0.03,1,0,Exogenous terminal common quote,0.5791245791245792,0.0,0.06,0.0,0.5191245791245791,scenario,hpp-security-comparison-2026-10-09@1
common,2.0,11.88,8.0,,0.03,1,0,Exogenous terminal common quote,0.32659932659932667,0.0,0.06,0.0,0.26659932659932667,scenario,hpp-security-comparison-2026-10-09@1
common,2.0,11.88,11.88,,0.03,1,0,Exogenous terminal common quote,0.0,0.0,0.06,0.0,-0.06,scenario,hpp-security-comparison-2026-10-09@1
common,2.0,11.88,16.0,,0.03,1,0,Exogenous terminal common quote,-0.34680134680134667,0.0,0.06,0.0,-0.40680134680134666,scenario,hpp-security-comparison-2026-10-09@1
common,2.0,11.88,20.0,,0.03,1,0,Exogenous terminal common quote,-0.6835016835016834,0.0,0.06,0.0,-0.7435016835016834,scenario,hpp-security-comparison-2026-10-09@1
common,2.0,11.88,30.0,,0.03,1,0,Exogenous terminal common quote,-1.525252525252525,0.0,0.06,0.0,-1.5852525252525251,scenario,hpp-security-comparison-2026-10-09@1
common,2.0,11.88,0.0,,0.05,1,0,Exogenous terminal common quote,1.0,0.0,0.1,0.0,0.9,scenario,hpp-security-comparison-2026-10-09@1
common,2.0,11.88,3.0,,0.05,1,0,Exogenous terminal common quote,0.7474747474747475,0.0,0.1,0.0,0.6474747474747475,scenario,hpp-security-comparison-2026-10-09@1
common,2.0,11.88,5.0,,0.05,1,0,Exogenous terminal common quote,0.5791245791245792,0.0,0.1,0.0,0.4791245791245792,scenario,hpp-security-comparison-2026-10-09@1
common,2.0,11.88,8.0,,0.05,1,0,Exogenous terminal common quote,0.32659932659932667,0.0,0.1,0.0,0.22659932659932666,scenario,hpp-security-comparison-2026-10-09@1
common,2.0,11.88,11.88,,0.05,1,0,Exogenous terminal common quote,0.0,0.0,0.1,0.0,-0.1,scenario,hpp-security-comparison-2026-10-09@1
common,2.0,11.88,16.0,,0.05,1,0,Exogenous terminal common quote,-0.34680134680134667,0.0,0.1,0.0,-0.44680134680134664,scenario,hpp-security-comparison-2026-10-09@1
common,2.0,11.88,20.0,,0.05,1,0,Exogenous terminal common quote,-0.6835016835016834,0.0,0.1,0.0,-0.7835016835016834,scenario,hpp-security-comparison-2026-10-09@1
common,2.0,11.88,30.0,,0.05,1,0,Exogenous terminal common quote,-1.525252525252525,0.0,0.1,0.0,-1.6252525252525252,scenario,hpp-security-comparison-2026-10-09@1
common,2.0,11.88,0.0,,0.1,1,0,Exogenous terminal common quote,1.0,0.0,0.2,0.0,0.8,scenario,hpp-security-comparison-2026-10-09@1
common,2.0,11.88,3.0,,0.1,1,0,Exogenous terminal common quote,0.7474747474747475,0.0,0.2,0.0,0.5474747474747474,scenario,hpp-security-comparison-2026-10-09@1
common,2.0,11.88,5.0,,0.1,1,0,Exogenous terminal common quote,0.5791245791245792,0.0,0.2,0.0,0.37912457912457914,scenario,hpp-security-comparison-2026-10-09@1
common,2.0,11.88,8.0,,0.1,1,0,Exogenous terminal common quote,0.32659932659932667,0.0,0.2,0.0,0.12659932659932666,scenario,hpp-security-comparison-2026-10-09@1
common,2.0,11.88,11.88,,0.1,1,0,Exogenous terminal common quote,0.0,0.0,0.2,0.0,-0.2,scenario,hpp-security-comparison-2026-10-09@1
common,2.0,11.88,16.0,,0.1,1,0,Exogenous terminal common quote,-0.34680134680134667,0.0,0.2,0.0,-0.5468013468013466,scenario,hpp-security-comparison-2026-10-09@1
common,2.0,11.88,20.0,,0.1,1,0,Exogenous terminal common quote,-0.6835016835016834,0.0,0.2,0.0,-0.8835016835016833,scenario,hpp-security-comparison-2026-10-09@1
common,2.0,11.88,30.0,,0.1,1,0,Exogenous terminal common quote,-1.525252525252525,0.0,0.2,0.0,-1.725252525252525,scenario,hpp-security-comparison-2026-10-09@1
