"ticker","form","report_date","accession","document_url","sha256"
"BCML","10-K","2025-12-31","0001730984-26-000016","https://www.sec.gov/Archives/edgar/data/1730984/000173098426000016/bcml-20251231x10k.htm","a736b1642ad0cce4e2496c1fef049b04c3821edf0f407f225c292b6bf807a245"
"BCML","10-Q","2026-06-30","0001730984-26-000072","https://www.sec.gov/Archives/edgar/data/1730984/000173098426000072/bcml-20260630x10q.htm","4361dce56394c3f379235ed54554793083b7b59837b3826f336918a5777e7c35"
"BMRC","10-K","2025-12-31","0001403475-26-000018","https://www.sec.gov/Archives/edgar/data/1403475/000140347526000018/bmrc-20251231.htm","1b21a4e8405e5e2110a67636a04d2344fd2aa8246d5bfb31c65e25dbc2c8d883"
"BMRC","10-Q","2026-06-30","0001403475-26-000037","https://www.sec.gov/Archives/edgar/data/1403475/000140347526000037/bmrc-20260630.htm","613e5fce9d14da77656760d4b0855a0a3586dce91767a90e9daa96873075a6b8"
"COLB","10-K","2025-12-31","0000887343-26-000088","https://www.sec.gov/Archives/edgar/data/887343/000088734326000088/colb-20251231.htm","0293042542675fc9b04b40ab6631c2ed84b272ede14d33ed87a433596c2d7c9f"
"COLB","10-Q","2026-06-30","0000887343-26-000170","https://www.sec.gov/Archives/edgar/data/887343/000088734326000170/colb-20260630.htm","7cb3b9e0243e9b005961a0ef6a6d5a82096c06b2df05baf547824e6492be3ad4"
"CVBF","10-K","2025-12-31","0001193125-26-083221","https://www.sec.gov/Archives/edgar/data/354647/000119312526083221/cvbf-20251231.htm","f95ce6ecbd8eba43549c591b118c7955b5cac19d64c13ccae9e0d4355643d316"
"CVBF","10-Q","2026-06-30","0001193125-26-340248","https://www.sec.gov/Archives/edgar/data/354647/000119312526340248/cvbf-20260630.htm","7a2da74ff5b1fbec5e51a8998eda93a37553a02d40f06d57824ea3ed194f9195"
"EWBC","10-K","2025-12-31","0001069157-26-000009","https://www.sec.gov/Archives/edgar/data/1069157/000106915726000009/ewbc-20251231.htm","0fd40cd18f44a20b925959ae4bf840a06756d58baa477b657236ea6f5449071b"
"EWBC","10-Q","2026-06-30","0001069157-26-000044","https://www.sec.gov/Archives/edgar/data/1069157/000106915726000044/ewbc-20260630.htm","d8908e2e0cc80b5819ddd52f2d5f613263427bc4a7478c6d95cad937b62a97ab"
"FSBW","10-K","2025-12-31","0001437749-26-008243","https://www.sec.gov/Archives/edgar/data/1530249/000143774926008243/fsbw20251231_10k.htm","2d764b78f185b37ab542390921e7d46da3e731b200b8da16bec0386dba6cfb5a"
"FSBW","10-Q","2026-06-30","0001437749-26-026740","https://www.sec.gov/Archives/edgar/data/1530249/000143774926026740/fsbw20260630_10q.htm","255d80da88c6cd8d5f09232d6eb49f81bf7058cad1345326c0cae3610c828d82"
"WAFD","10-K","2025-09-30","0000936528-25-000117","https://www.sec.gov/Archives/edgar/data/936528/000093652825000117/wfsl-20250930.htm","d58db091e6eba1a9c72d2eb8e11ade9e950932f2b8ceaa83c44ea9c48160e1c3"
"WAFD","10-Q","2026-06-30","0000936528-26-000061","https://www.sec.gov/Archives/edgar/data/936528/000093652826000061/wfsl-20260630.htm","829dcbf1abb25c7debad27c5be6d5c55f0960a50d58f64ea0dfa6182de7c7d3d"
