region,lei,institution,ticker,candidate_parent,loan_count,regional_amount,core_count,core_amount,scored_count,scored_amount,weighted_amount,period,core_share_of_regional,weighted_score,core_avg_loan,region_core_amount,region_weighted_amount,core_market_share,weighted_market_share,coverage_status,hmda_scope_note,raw_originated_count,raw_originated_amount,concentration_rank,market_share_rank
Bay Area,F28JOQ8OBWCFUYM0UX93,East West Bank,EWBC,East West Bancorp,617,485795000.0,179,144405000.0,232,173680000.0,120573000.0,2023-2025,0.2972550149754526,0.24819728486295659,806731.843575419,50352530000.0,41716817000.0,0.002867879727195436,0.002890273244001334,Observed qualifying HMDA originations,Residential HMDA filer identified,1662,1322810000.0,54.0,39.0
Bay Area,IFQSIUC9AGQV2NE8CN25,Umpqua Bank,COLB,Columbia Banking System,164,122950000.0,12,11370000.0,22,16330000.0,9426000.0,2023-2025,0.09247661651077674,0.07666531110207402,947500.0,50352530000.0,41716817000.0,0.0002258079186884949,0.00022595204231425423,Observed qualifying HMDA originations,Residential HMDA filer identified,689,291555000.0,165.0,158.0
Bay Area,D38AC76TAMYI50NBPX33,WASHINGTON FEDERAL BANK,WAFD,"WaFd, Inc.",21,38225000.0,2,4000000.0,2,4000000.0,2800000.0,2023-2025,0.10464355788096795,0.07325049051667756,2000000.0,50352530000.0,41716817000.0,7.943990103377129e-05,6.711921477614171e-05,Observed qualifying HMDA originations,Residential HMDA filer identified,28,39310000.0,,
Bay Area,01KWVG908KE7RKPTNP46,HomeStreet Bank,HMST,"HomeStreet, Inc.",7,4815000.0,3,2045000.0,4,3180000.0,1772000.0,2023-2025,0.42471443406022846,0.3680166147455867,681666.6666666666,50352530000.0,41716817000.0,4.0613649403515574e-05,4.2476874494043976e-05,Observed qualifying HMDA originations,Residential HMDA filer identified,36,55420000.0,,
Bay Area,5493003T5D4N1CM46J77,1st Security Bank of Washington,FSBW,FS Bancorp,3,2535000.0,0,0.0,0,0.0,0.0,2023-2025,0.0,0.0,,50352530000.0,41716817000.0,0.0,0.0,Observed qualifying HMDA originations,Residential HMDA filer identified,3,2535000.0,,
Bay Area,549300EGL1VV7LY0QU69,Bank of Marin,BMRC,Bank of Marin Bancorp,0,0.0,0,0.0,0,0.0,0.0,2023-2025,0.0,0.0,,,,0.0,0.0,"588 originated HMDA records in selected counties, but none matched the residential screen; not evidence of zero balance-sheet exposure",Residential HMDA filer identified,588,229860000.0,,
Bay Area,549300L36QZWPHM6FP31,Citizens Business Bank,CVBF,CVB Financial Corp.,0,0.0,0,0.0,0,0.0,0.0,2023-2025,0.0,0.0,,,,0.0,0.0,"2 originated HMDA records in selected counties, but none matched the residential screen; not evidence of zero balance-sheet exposure",Residential HMDA filer identified,2,3310000.0,,
Bay Area,,United Business Bank / BayCom Corp.,BCML,BayCom Corp.,0,0.0,0,0.0,0,0.0,0.0,2023-2025,0.0,0.0,,,,0.0,0.0,No qualifying filtered HMDA originations observed; not evidence of zero balance-sheet exposure,No matching 2025 HMDA filer identified in California; likely CRE-led exposure requires a separate source,0,0.0,,
Seattle/Puget Sound,5493003T5D4N1CM46J77,1st Security Bank of Washington,FSBW,FS Bancorp,1519,952965000.0,363,275115000.0,481,345605000.0,236767500.0,2023-2025,0.28869370858321136,0.2484535108844501,757892.561983471,26492930000.0,24364863500.0,0.010384468611059629,0.00971757957929869,Observed qualifying HMDA originations,Residential HMDA filer identified,2013,1173115000.0,58.0,27.0
Seattle/Puget Sound,01KWVG908KE7RKPTNP46,HomeStreet Bank,HMST,"HomeStreet, Inc.",1083,627065000.0,286,194980000.0,459,283495000.0,163088000.0,2023-2025,0.3109406520855095,0.26008149075454695,681748.2517482517,26492930000.0,24364863500.0,0.007359699361301298,0.006693573308957795,Observed qualifying HMDA originations,Residential HMDA filer identified,2087,890035000.0,55.0,33.0
Seattle/Puget Sound,IFQSIUC9AGQV2NE8CN25,Umpqua Bank,COLB,Columbia Banking System,791,519165000.0,193,172865000.0,257,208735000.0,151937000.0,2023-2025,0.3329673610509183,0.29265647722785626,895673.5751295337,26492930000.0,24364863500.0,0.006524948354145804,0.006235906062022469,Observed qualifying HMDA originations,Residential HMDA filer identified,2823,1091935000.0,41.0,35.0
Seattle/Puget Sound,D38AC76TAMYI50NBPX33,WASHINGTON FEDERAL BANK,WAFD,"WaFd, Inc.",426,432620000.0,130,157830000.0,154,182340000.0,145163500.0,2023-2025,0.36482363274929497,0.33554505108409227,1214076.923076923,26492930000.0,24364863500.0,0.005957438456222094,0.005957903273293528,Observed qualifying HMDA originations,Residential HMDA filer identified,820,613850000.0,31.0,36.0
Seattle/Puget Sound,F28JOQ8OBWCFUYM0UX93,East West Bank,EWBC,East West Bancorp,286,180810000.0,59,51205000.0,87,65105000.0,50729000.0,2023-2025,0.28319783197831977,0.28056523422377083,867881.3559322034,26492930000.0,24364863500.0,0.0019327798020075545,0.0020820555797490922,Observed qualifying HMDA originations,Residential HMDA filer identified,674,440390000.0,46.0,58.0
Seattle/Puget Sound,549300EGL1VV7LY0QU69,Bank of Marin,BMRC,Bank of Marin Bancorp,0,0.0,0,0.0,0,0.0,0.0,2023-2025,0.0,0.0,,,,0.0,0.0,No qualifying filtered HMDA originations observed; not evidence of zero balance-sheet exposure,Residential HMDA filer identified,0,0.0,,
Seattle/Puget Sound,549300L36QZWPHM6FP31,Citizens Business Bank,CVBF,CVB Financial Corp.,0,0.0,0,0.0,0,0.0,0.0,2023-2025,0.0,0.0,,,,0.0,0.0,No qualifying filtered HMDA originations observed; not evidence of zero balance-sheet exposure,Residential HMDA filer identified,0,0.0,,
Seattle/Puget Sound,,United Business Bank / BayCom Corp.,BCML,BayCom Corp.,0,0.0,0,0.0,0,0.0,0.0,2023-2025,0.0,0.0,,,,0.0,0.0,No qualifying filtered HMDA originations observed; not evidence of zero balance-sheet exposure,No matching 2025 HMDA filer identified in California; likely CRE-led exposure requires a separate source,0,0.0,,
