core_loan_count,core_originated_amount,strict_loan_count,strict_originated_amount,expanded_loan_count,expanded_originated_amount,strict_balance_slow_4pct,strict_balance_base_8pct,strict_balance_fast_15pct,expanded_balance_slow_4pct,expanded_balance_base_8pct,expanded_balance_fast_15pct,strict_originated_share,expanded_originated_share,region,lei,ticker,institution,parent,fdic_cert,hmda_scope_note,capital_report_date,fdic_bank_name,fdic_active,fdic_status_updated,assets,tce_proxy,cet1_capital,strict_balance_slow_4pct_to_tce,strict_balance_base_8pct_to_tce,strict_balance_fast_15pct_to_tce,expanded_balance_slow_4pct_to_tce,expanded_balance_base_8pct_to_tce,expanded_balance_fast_15pct_to_tce
179.0,144405000.0,179.0,144405000.0,179.0,144405000.0,133523938.88946864,125488655.6270866,112181619.94389883,133523938.88946864,125488655.6270866,112181619.94389883,1.0,1.0,Bay Area,F28JOQ8OBWCFUYM0UX93,EWBC,East West Bank,East West Bancorp,31628,Residential HMDA filer identified,20251231,EAST WEST BANK,1,12/01/2023,79661753000.0,7681399000.0,7973536000.0,0.017382763073428245,0.016336692785661387,0.014604321419040832,0.017382763073428245,0.016336692785661387,0.014604321419040832
12.0,11370000.0,9.0,8785000.0,9.0,8785000.0,7994372.657387145,7414474.824522536,6465326.608912218,7994372.657387145,7414474.824522536,6465326.608912218,0.7726473175021987,0.7726473175021987,Bay Area,IFQSIUC9AGQV2NE8CN25,COLB,Umpqua Bank,Columbia Banking System,17266,Residential HMDA filer identified,20251231,COLUMBIA BANK,1,09/23/2025,66821352000.0,5844243000.0,6338506000.0,0.0013679055880097977,0.0012686801052801083,0.001106272721533348,0.0013679055880097977,0.0012686801052801083,0.001106272721533348
2.0,4000000.0,2.0,4000000.0,2.0,4000000.0,3708437.9119996075,3479091.9239689354,3089673.2392701036,3708437.9119996075,3479091.9239689354,3089673.2392701036,1.0,1.0,Bay Area,D38AC76TAMYI50NBPX33,WAFD,WASHINGTON FEDERAL BANK,"WaFd, Inc.",28088,Residential HMDA filer identified,20251231,WAFD BANK,1,10/08/2025,27269094000.0,2612405000.0,2516845000.0,0.00141954938533635,0.0013317582549294369,0.0011826930507597801,0.00141954938533635,0.0013317582549294369,0.0011826930507597801
0.0,0.0,0.0,0.0,0.0,0.0,0.0,0.0,0.0,0.0,0.0,0.0,0.0,0.0,Bay Area,5493003T5D4N1CM46J77,FSBW,1st Security Bank of Washington,FS Bancorp,57633,Residential HMDA filer identified,20251231,1ST SECURITY BANK OF WA,1,08/25/2026,3196183000.0,326796000.0,351232000.0,0.0,0.0,0.0,0.0,0.0,0.0
0.0,0.0,0.0,0.0,0.0,0.0,0.0,0.0,0.0,0.0,0.0,0.0,0.0,0.0,Bay Area,549300EGL1VV7LY0QU69,BMRC,Bank of Marin,Bank of Marin Bancorp,32779,Residential HMDA filer identified,20251231,BANK OF MARIN,1,08/31/2022,3904329000.0,328943000.0,326461000.0,0.0,0.0,0.0,0.0,0.0,0.0
0.0,0.0,0.0,0.0,0.0,0.0,0.0,0.0,0.0,0.0,0.0,0.0,0.0,0.0,Bay Area,549300L36QZWPHM6FP31,CVBF,Citizens Business Bank,CVB Financial Corp.,21716,Residential HMDA filer identified,20251231,CITIZENS BUSINESS BANK NA,1,05/11/2026,15634835000.0,1499372000.0,1732156000.0,0.0,0.0,0.0,0.0,0.0,0.0
3.0,2045000.0,0.0,0.0,0.0,0.0,0.0,0.0,0.0,0.0,0.0,0.0,0.0,0.0,Bay Area,01KWVG908KE7RKPTNP46,HMST,HomeStreet Bank,"HomeStreet, Inc.",32489,Residential HMDA filer identified,20250630,HOMESTREET BANK,0,09/16/2025,7604778000.0,527372000.0,682744000.0,0.0,0.0,0.0,0.0,0.0,0.0
0.0,0.0,0.0,0.0,0.0,0.0,0.0,0.0,0.0,0.0,0.0,0.0,0.0,0.0,Bay Area,,BCML,United Business Bank / BayCom Corp.,BayCom Corp.,57716,No matching 2025 HMDA filer identified in California; likely CRE-led exposure requires a separate source,20251231,UNITED BUSINESS BANK,1,08/31/2022,2576971000.0,285582000.0,291596000.0,0.0,0.0,0.0,0.0,0.0,0.0
130.0,157830000.0,130.0,157830000.0,130.0,157830000.0,141762357.574786,130025468.40282081,110923935.99944685,141762357.574786,130025468.40282081,110923935.99944685,1.0,1.0,Seattle/Puget Sound,D38AC76TAMYI50NBPX33,WAFD,WASHINGTON FEDERAL BANK,"WaFd, Inc.",28088,Residential HMDA filer identified,20251231,WAFD BANK,1,10/08/2025,27269094000.0,2612405000.0,2516845000.0,0.05426507665342319,0.049772324123870844,0.042460466887579394,0.05426507665342319,0.049772324123870844,0.042460466887579394
193.0,172865000.0,91.0,111835000.0,91.0,111835000.0,103548924.29574396,97332445.48489697,86990625.83674265,103548924.29574396,97332445.48489697,86990625.83674265,0.646949932027883,0.646949932027883,Seattle/Puget Sound,IFQSIUC9AGQV2NE8CN25,COLB,Umpqua Bank,Columbia Banking System,17266,Residential HMDA filer identified,20251231,COLUMBIA BANK,1,09/23/2025,66821352000.0,5844243000.0,6338506000.0,0.017718107254565553,0.016654414521247145,0.014884840660585581,0.017718107254565553,0.016654414521247145,0.014884840660585581
363.0,275115000.0,86.0,89890000.0,86.0,89890000.0,85076355.887209,81428053.94664162,75260478.04805104,85076355.887209,81428053.94664162,75260478.04805104,0.32673609217963395,0.32673609217963395,Seattle/Puget Sound,5493003T5D4N1CM46J77,FSBW,1st Security Bank of Washington,FS Bancorp,57633,Residential HMDA filer identified,20251231,1ST SECURITY BANK OF WA,1,08/25/2026,3196183000.0,326796000.0,351232000.0,0.26033475283421154,0.249170901561346,0.2302980392907228,0.26033475283421154,0.249170901561346,0.2302980392907228
286.0,194980000.0,107.0,77015000.0,107.0,77015000.0,72364351.03976335,68892917.81058696,63067757.13212458,72364351.03976335,68892917.81058696,63067757.13212458,0.394989229664581,0.394989229664581,Seattle/Puget Sound,01KWVG908KE7RKPTNP46,HMST,HomeStreet Bank,"HomeStreet, Inc.",32489,Residential HMDA filer identified,20250630,HOMESTREET BANK,0,09/16/2025,7604778000.0,527372000.0,682744000.0,0.1372169001004288,0.13063438675277975,0.11958874785184762,0.1372169001004288,0.13063438675277975,0.11958874785184762
59.0,51205000.0,59.0,51205000.0,59.0,51205000.0,47654555.89617703,45103371.24238294,40860910.925600484,47654555.89617703,45103371.24238294,40860910.925600484,1.0,1.0,Seattle/Puget Sound,F28JOQ8OBWCFUYM0UX93,EWBC,East West Bank,East West Bancorp,31628,Residential HMDA filer identified,20251231,EAST WEST BANK,1,12/01/2023,79661753000.0,7681399000.0,7973536000.0,0.006203890189297162,0.005871765187875665,0.005319462109128882,0.006203890189297162,0.005871765187875665,0.005319462109128882
0.0,0.0,0.0,0.0,0.0,0.0,0.0,0.0,0.0,0.0,0.0,0.0,0.0,0.0,Seattle/Puget Sound,549300EGL1VV7LY0QU69,BMRC,Bank of Marin,Bank of Marin Bancorp,32779,Residential HMDA filer identified,20251231,BANK OF MARIN,1,08/31/2022,3904329000.0,328943000.0,326461000.0,0.0,0.0,0.0,0.0,0.0,0.0
0.0,0.0,0.0,0.0,0.0,0.0,0.0,0.0,0.0,0.0,0.0,0.0,0.0,0.0,Seattle/Puget Sound,549300L36QZWPHM6FP31,CVBF,Citizens Business Bank,CVB Financial Corp.,21716,Residential HMDA filer identified,20251231,CITIZENS BUSINESS BANK NA,1,05/11/2026,15634835000.0,1499372000.0,1732156000.0,0.0,0.0,0.0,0.0,0.0,0.0
0.0,0.0,0.0,0.0,0.0,0.0,0.0,0.0,0.0,0.0,0.0,0.0,0.0,0.0,Seattle/Puget Sound,,BCML,United Business Bank / BayCom Corp.,BayCom Corp.,57716,No matching 2025 HMDA filer identified in California; likely CRE-led exposure requires a separate source,20251231,UNITED BUSINESS BANK,1,08/31/2022,2576971000.0,285582000.0,291596000.0,0.0,0.0,0.0,0.0,0.0,0.0
