activity_year,region,lei,place,loan_count,originated_amount,ticker,institution
2023,Bay Area,IFQSIUC9AGQV2NE8CN25,Oakland,2,890000.0,COLB,Umpqua Bank
2023,Bay Area,IFQSIUC9AGQV2NE8CN25,Outside named places,43,25425000.0,COLB,Umpqua Bank
2023,Bay Area,IFQSIUC9AGQV2NE8CN25,San Francisco,3,2535000.0,COLB,Umpqua Bank
2023,Bay Area,IFQSIUC9AGQV2NE8CN25,San Jose,2,1940000.0,COLB,Umpqua Bank
2023,Bay Area,F28JOQ8OBWCFUYM0UX93,Berkeley,1,295000.0,EWBC,East West Bank
2023,Bay Area,F28JOQ8OBWCFUYM0UX93,Cupertino,4,7130000.0,EWBC,East West Bank
2023,Bay Area,F28JOQ8OBWCFUYM0UX93,Menlo Park,1,1365000.0,EWBC,East West Bank
2023,Bay Area,F28JOQ8OBWCFUYM0UX93,Mountain View,1,2005000.0,EWBC,East West Bank
2023,Bay Area,F28JOQ8OBWCFUYM0UX93,Oakland,6,2880000.0,EWBC,East West Bank
2023,Bay Area,F28JOQ8OBWCFUYM0UX93,Outside named places,143,117155000.0,EWBC,East West Bank
2023,Bay Area,F28JOQ8OBWCFUYM0UX93,Palo Alto,5,6105000.0,EWBC,East West Bank
2023,Bay Area,F28JOQ8OBWCFUYM0UX93,San Francisco,23,16225000.0,EWBC,East West Bank
2023,Bay Area,F28JOQ8OBWCFUYM0UX93,San Jose,21,15785000.0,EWBC,East West Bank
2023,Bay Area,F28JOQ8OBWCFUYM0UX93,Sunnyvale,2,1950000.0,EWBC,East West Bank
2023,Bay Area,5493003T5D4N1CM46J77,Outside named places,2,1090000.0,FSBW,1st Security Bank of Washington
2023,Bay Area,01KWVG908KE7RKPTNP46,Outside named places,1,305000.0,HMST,HomeStreet Bank
2023,Bay Area,01KWVG908KE7RKPTNP46,San Jose,1,595000.0,HMST,HomeStreet Bank
2023,Seattle/Puget Sound,IFQSIUC9AGQV2NE8CN25,Bellevue,7,8755000.0,COLB,Umpqua Bank
2023,Seattle/Puget Sound,IFQSIUC9AGQV2NE8CN25,Everett,1,505000.0,COLB,Umpqua Bank
2023,Seattle/Puget Sound,IFQSIUC9AGQV2NE8CN25,Kirkland,9,8645000.0,COLB,Umpqua Bank
2023,Seattle/Puget Sound,IFQSIUC9AGQV2NE8CN25,Outside named places,179,103725000.0,COLB,Umpqua Bank
2023,Seattle/Puget Sound,IFQSIUC9AGQV2NE8CN25,Redmond,1,675000.0,COLB,Umpqua Bank
2023,Seattle/Puget Sound,IFQSIUC9AGQV2NE8CN25,Sammamish,1,1015000.0,COLB,Umpqua Bank
2023,Seattle/Puget Sound,IFQSIUC9AGQV2NE8CN25,Seattle,48,32960000.0,COLB,Umpqua Bank
2023,Seattle/Puget Sound,IFQSIUC9AGQV2NE8CN25,Tacoma,12,4480000.0,COLB,Umpqua Bank
2023,Seattle/Puget Sound,F28JOQ8OBWCFUYM0UX93,Bellevue,15,11685000.0,EWBC,East West Bank
2023,Seattle/Puget Sound,F28JOQ8OBWCFUYM0UX93,Bothell,2,900000.0,EWBC,East West Bank
2023,Seattle/Puget Sound,F28JOQ8OBWCFUYM0UX93,Everett,2,790000.0,EWBC,East West Bank
2023,Seattle/Puget Sound,F28JOQ8OBWCFUYM0UX93,Kirkland,3,2525000.0,EWBC,East West Bank
2023,Seattle/Puget Sound,F28JOQ8OBWCFUYM0UX93,Outside named places,77,47195000.0,EWBC,East West Bank
2023,Seattle/Puget Sound,F28JOQ8OBWCFUYM0UX93,Redmond,1,305000.0,EWBC,East West Bank
2023,Seattle/Puget Sound,F28JOQ8OBWCFUYM0UX93,Seattle,5,1735000.0,EWBC,East West Bank
2023,Seattle/Puget Sound,F28JOQ8OBWCFUYM0UX93,Tacoma,2,990000.0,EWBC,East West Bank
2023,Seattle/Puget Sound,5493003T5D4N1CM46J77,Bellevue,1,405000.0,FSBW,1st Security Bank of Washington
2023,Seattle/Puget Sound,5493003T5D4N1CM46J77,Bothell,7,5045000.0,FSBW,1st Security Bank of Washington
2023,Seattle/Puget Sound,5493003T5D4N1CM46J77,Everett,20,10910000.0,FSBW,1st Security Bank of Washington
2023,Seattle/Puget Sound,5493003T5D4N1CM46J77,Kirkland,5,4915000.0,FSBW,1st Security Bank of Washington
2023,Seattle/Puget Sound,5493003T5D4N1CM46J77,Outside named places,354,207430000.0,FSBW,1st Security Bank of Washington
2023,Seattle/Puget Sound,5493003T5D4N1CM46J77,Redmond,2,1700000.0,FSBW,1st Security Bank of Washington
2023,Seattle/Puget Sound,5493003T5D4N1CM46J77,Sammamish,1,1225000.0,FSBW,1st Security Bank of Washington
2023,Seattle/Puget Sound,5493003T5D4N1CM46J77,Seattle,91,58865000.0,FSBW,1st Security Bank of Washington
2023,Seattle/Puget Sound,5493003T5D4N1CM46J77,Tacoma,15,7605000.0,FSBW,1st Security Bank of Washington
2023,Seattle/Puget Sound,01KWVG908KE7RKPTNP46,Bellevue,5,4425000.0,HMST,HomeStreet Bank
2023,Seattle/Puget Sound,01KWVG908KE7RKPTNP46,Bothell,3,1545000.0,HMST,HomeStreet Bank
2023,Seattle/Puget Sound,01KWVG908KE7RKPTNP46,Everett,5,2035000.0,HMST,HomeStreet Bank
2023,Seattle/Puget Sound,01KWVG908KE7RKPTNP46,Kirkland,1,1005000.0,HMST,HomeStreet Bank
2023,Seattle/Puget Sound,01KWVG908KE7RKPTNP46,Outside named places,227,122695000.0,HMST,HomeStreet Bank
2023,Seattle/Puget Sound,01KWVG908KE7RKPTNP46,Sammamish,1,955000.0,HMST,HomeStreet Bank
2023,Seattle/Puget Sound,01KWVG908KE7RKPTNP46,Seattle,109,74205000.0,HMST,HomeStreet Bank
2023,Seattle/Puget Sound,01KWVG908KE7RKPTNP46,Tacoma,40,18630000.0,HMST,HomeStreet Bank
2023,Seattle/Puget Sound,D38AC76TAMYI50NBPX33,Bellevue,19,30475000.0,WAFD,WASHINGTON FEDERAL BANK
2023,Seattle/Puget Sound,D38AC76TAMYI50NBPX33,Bothell,2,1430000.0,WAFD,WASHINGTON FEDERAL BANK
2023,Seattle/Puget Sound,D38AC76TAMYI50NBPX33,Everett,2,1190000.0,WAFD,WASHINGTON FEDERAL BANK
2023,Seattle/Puget Sound,D38AC76TAMYI50NBPX33,Kirkland,6,13710000.0,WAFD,WASHINGTON FEDERAL BANK
2023,Seattle/Puget Sound,D38AC76TAMYI50NBPX33,Outside named places,146,131370000.0,WAFD,WASHINGTON FEDERAL BANK
2023,Seattle/Puget Sound,D38AC76TAMYI50NBPX33,Redmond,3,4995000.0,WAFD,WASHINGTON FEDERAL BANK
2023,Seattle/Puget Sound,D38AC76TAMYI50NBPX33,Sammamish,8,12460000.0,WAFD,WASHINGTON FEDERAL BANK
2023,Seattle/Puget Sound,D38AC76TAMYI50NBPX33,Seattle,44,47370000.0,WAFD,WASHINGTON FEDERAL BANK
2023,Seattle/Puget Sound,D38AC76TAMYI50NBPX33,Tacoma,4,2480000.0,WAFD,WASHINGTON FEDERAL BANK
2024,Bay Area,IFQSIUC9AGQV2NE8CN25,Oakland,4,2450000.0,COLB,Umpqua Bank
2024,Bay Area,IFQSIUC9AGQV2NE8CN25,Outside named places,53,44375000.0,COLB,Umpqua Bank
2024,Bay Area,IFQSIUC9AGQV2NE8CN25,San Francisco,2,2200000.0,COLB,Umpqua Bank
2024,Bay Area,IFQSIUC9AGQV2NE8CN25,San Jose,1,405000.0,COLB,Umpqua Bank
2024,Bay Area,F28JOQ8OBWCFUYM0UX93,Cupertino,2,2370000.0,EWBC,East West Bank
2024,Bay Area,F28JOQ8OBWCFUYM0UX93,Menlo Park,2,2920000.0,EWBC,East West Bank
2024,Bay Area,F28JOQ8OBWCFUYM0UX93,Mountain View,2,2790000.0,EWBC,East West Bank
2024,Bay Area,F28JOQ8OBWCFUYM0UX93,Oakland,17,9045000.0,EWBC,East West Bank
2024,Bay Area,F28JOQ8OBWCFUYM0UX93,Outside named places,124,90230000.0,EWBC,East West Bank
2024,Bay Area,F28JOQ8OBWCFUYM0UX93,Redwood City,2,1520000.0,EWBC,East West Bank
2024,Bay Area,F28JOQ8OBWCFUYM0UX93,San Francisco,23,15925000.0,EWBC,East West Bank
2024,Bay Area,F28JOQ8OBWCFUYM0UX93,San Jose,22,15600000.0,EWBC,East West Bank
2024,Bay Area,F28JOQ8OBWCFUYM0UX93,Santa Clara,3,3385000.0,EWBC,East West Bank
2024,Bay Area,F28JOQ8OBWCFUYM0UX93,Sunnyvale,1,105000.0,EWBC,East West Bank
2024,Bay Area,F28JOQ8OBWCFUYM0UX93,Walnut Creek,2,2230000.0,EWBC,East West Bank
2024,Bay Area,5493003T5D4N1CM46J77,Outside named places,1,1445000.0,FSBW,1st Security Bank of Washington
2024,Bay Area,01KWVG908KE7RKPTNP46,Berkeley,1,1135000.0,HMST,HomeStreet Bank
2024,Bay Area,01KWVG908KE7RKPTNP46,Outside named places,1,625000.0,HMST,HomeStreet Bank
2024,Bay Area,01KWVG908KE7RKPTNP46,San Francisco,1,1045000.0,HMST,HomeStreet Bank
2024,Bay Area,01KWVG908KE7RKPTNP46,San Jose,1,405000.0,HMST,HomeStreet Bank
2024,Bay Area,D38AC76TAMYI50NBPX33,Outside named places,17,32255000.0,WAFD,WASHINGTON FEDERAL BANK
2024,Bay Area,D38AC76TAMYI50NBPX33,San Jose,2,4000000.0,WAFD,WASHINGTON FEDERAL BANK
2024,Seattle/Puget Sound,IFQSIUC9AGQV2NE8CN25,Bellevue,6,10240000.0,COLB,Umpqua Bank
2024,Seattle/Puget Sound,IFQSIUC9AGQV2NE8CN25,Bothell,3,1825000.0,COLB,Umpqua Bank
2024,Seattle/Puget Sound,IFQSIUC9AGQV2NE8CN25,Everett,2,1410000.0,COLB,Umpqua Bank
2024,Seattle/Puget Sound,IFQSIUC9AGQV2NE8CN25,Kirkland,3,4025000.0,COLB,Umpqua Bank
2024,Seattle/Puget Sound,IFQSIUC9AGQV2NE8CN25,Outside named places,170,102980000.0,COLB,Umpqua Bank
2024,Seattle/Puget Sound,IFQSIUC9AGQV2NE8CN25,Redmond,4,2430000.0,COLB,Umpqua Bank
2024,Seattle/Puget Sound,IFQSIUC9AGQV2NE8CN25,Sammamish,4,6760000.0,COLB,Umpqua Bank
2024,Seattle/Puget Sound,IFQSIUC9AGQV2NE8CN25,Seattle,49,43175000.0,COLB,Umpqua Bank
2024,Seattle/Puget Sound,IFQSIUC9AGQV2NE8CN25,Tacoma,20,9530000.0,COLB,Umpqua Bank
2024,Seattle/Puget Sound,F28JOQ8OBWCFUYM0UX93,Bellevue,7,5735000.0,EWBC,East West Bank
2024,Seattle/Puget Sound,F28JOQ8OBWCFUYM0UX93,Bothell,3,1775000.0,EWBC,East West Bank
2024,Seattle/Puget Sound,F28JOQ8OBWCFUYM0UX93,Everett,1,595000.0,EWBC,East West Bank
2024,Seattle/Puget Sound,F28JOQ8OBWCFUYM0UX93,Kirkland,1,205000.0,EWBC,East West Bank
2024,Seattle/Puget Sound,F28JOQ8OBWCFUYM0UX93,Outside named places,55,31065000.0,EWBC,East West Bank
2024,Seattle/Puget Sound,F28JOQ8OBWCFUYM0UX93,Redmond,4,2460000.0,EWBC,East West Bank
2024,Seattle/Puget Sound,F28JOQ8OBWCFUYM0UX93,Sammamish,2,1080000.0,EWBC,East West Bank
2024,Seattle/Puget Sound,F28JOQ8OBWCFUYM0UX93,Seattle,4,2710000.0,EWBC,East West Bank
2024,Seattle/Puget Sound,F28JOQ8OBWCFUYM0UX93,Tacoma,4,2120000.0,EWBC,East West Bank
2024,Seattle/Puget Sound,5493003T5D4N1CM46J77,Bellevue,7,7105000.0,FSBW,1st Security Bank of Washington
2024,Seattle/Puget Sound,5493003T5D4N1CM46J77,Bothell,11,9375000.0,FSBW,1st Security Bank of Washington
2024,Seattle/Puget Sound,5493003T5D4N1CM46J77,Everett,21,11765000.0,FSBW,1st Security Bank of Washington
2024,Seattle/Puget Sound,5493003T5D4N1CM46J77,Kirkland,9,7205000.0,FSBW,1st Security Bank of Washington
2024,Seattle/Puget Sound,5493003T5D4N1CM46J77,Outside named places,347,205005000.0,FSBW,1st Security Bank of Washington
2024,Seattle/Puget Sound,5493003T5D4N1CM46J77,Redmond,5,5965000.0,FSBW,1st Security Bank of Washington
2024,Seattle/Puget Sound,5493003T5D4N1CM46J77,Sammamish,1,765000.0,FSBW,1st Security Bank of Washington
2024,Seattle/Puget Sound,5493003T5D4N1CM46J77,Seattle,108,78190000.0,FSBW,1st Security Bank of Washington
2024,Seattle/Puget Sound,5493003T5D4N1CM46J77,Tacoma,16,7590000.0,FSBW,1st Security Bank of Washington
2024,Seattle/Puget Sound,01KWVG908KE7RKPTNP46,Bellevue,5,4565000.0,HMST,HomeStreet Bank
2024,Seattle/Puget Sound,01KWVG908KE7RKPTNP46,Bothell,3,3375000.0,HMST,HomeStreet Bank
2024,Seattle/Puget Sound,01KWVG908KE7RKPTNP46,Everett,7,3435000.0,HMST,HomeStreet Bank
2024,Seattle/Puget Sound,01KWVG908KE7RKPTNP46,Kirkland,4,2810000.0,HMST,HomeStreet Bank
2024,Seattle/Puget Sound,01KWVG908KE7RKPTNP46,Outside named places,238,130200000.0,HMST,HomeStreet Bank
2024,Seattle/Puget Sound,01KWVG908KE7RKPTNP46,Seattle,102,67170000.0,HMST,HomeStreet Bank
2024,Seattle/Puget Sound,01KWVG908KE7RKPTNP46,Tacoma,57,26965000.0,HMST,HomeStreet Bank
2024,Seattle/Puget Sound,D38AC76TAMYI50NBPX33,Bellevue,9,12565000.0,WAFD,WASHINGTON FEDERAL BANK
2024,Seattle/Puget Sound,D38AC76TAMYI50NBPX33,Bothell,1,1165000.0,WAFD,WASHINGTON FEDERAL BANK
2024,Seattle/Puget Sound,D38AC76TAMYI50NBPX33,Everett,2,2190000.0,WAFD,WASHINGTON FEDERAL BANK
2024,Seattle/Puget Sound,D38AC76TAMYI50NBPX33,Kirkland,6,8840000.0,WAFD,WASHINGTON FEDERAL BANK
2024,Seattle/Puget Sound,D38AC76TAMYI50NBPX33,Outside named places,115,111625000.0,WAFD,WASHINGTON FEDERAL BANK
2024,Seattle/Puget Sound,D38AC76TAMYI50NBPX33,Redmond,3,4925000.0,WAFD,WASHINGTON FEDERAL BANK
2024,Seattle/Puget Sound,D38AC76TAMYI50NBPX33,Sammamish,1,1335000.0,WAFD,WASHINGTON FEDERAL BANK
2024,Seattle/Puget Sound,D38AC76TAMYI50NBPX33,Seattle,32,26490000.0,WAFD,WASHINGTON FEDERAL BANK
2024,Seattle/Puget Sound,D38AC76TAMYI50NBPX33,Tacoma,2,760000.0,WAFD,WASHINGTON FEDERAL BANK
2025,Bay Area,IFQSIUC9AGQV2NE8CN25,Oakland,3,1515000.0,COLB,Umpqua Bank
2025,Bay Area,IFQSIUC9AGQV2NE8CN25,Outside named places,46,36820000.0,COLB,Umpqua Bank
2025,Bay Area,IFQSIUC9AGQV2NE8CN25,San Francisco,3,3735000.0,COLB,Umpqua Bank
2025,Bay Area,IFQSIUC9AGQV2NE8CN25,San Jose,1,555000.0,COLB,Umpqua Bank
2025,Bay Area,IFQSIUC9AGQV2NE8CN25,Walnut Creek,1,105000.0,COLB,Umpqua Bank
2025,Bay Area,F28JOQ8OBWCFUYM0UX93,Cupertino,4,6320000.0,EWBC,East West Bank
2025,Bay Area,F28JOQ8OBWCFUYM0UX93,Menlo Park,1,2005000.0,EWBC,East West Bank
2025,Bay Area,F28JOQ8OBWCFUYM0UX93,Mountain View,1,255000.0,EWBC,East West Bank
2025,Bay Area,F28JOQ8OBWCFUYM0UX93,Oakland,26,14440000.0,EWBC,East West Bank
2025,Bay Area,F28JOQ8OBWCFUYM0UX93,Outside named places,118,104730000.0,EWBC,East West Bank
2025,Bay Area,F28JOQ8OBWCFUYM0UX93,Redwood City,3,2275000.0,EWBC,East West Bank
2025,Bay Area,F28JOQ8OBWCFUYM0UX93,San Francisco,30,18910000.0,EWBC,East West Bank
2025,Bay Area,F28JOQ8OBWCFUYM0UX93,San Jose,24,17780000.0,EWBC,East West Bank
2025,Bay Area,F28JOQ8OBWCFUYM0UX93,Sunnyvale,2,1680000.0,EWBC,East West Bank
2025,Bay Area,F28JOQ8OBWCFUYM0UX93,Walnut Creek,1,385000.0,EWBC,East West Bank
2025,Bay Area,01KWVG908KE7RKPTNP46,Outside named places,1,705000.0,HMST,HomeStreet Bank
2025,Bay Area,D38AC76TAMYI50NBPX33,Outside named places,2,1970000.0,WAFD,WASHINGTON FEDERAL BANK
2025,Seattle/Puget Sound,IFQSIUC9AGQV2NE8CN25,Bellevue,8,15110000.0,COLB,Umpqua Bank
2025,Seattle/Puget Sound,IFQSIUC9AGQV2NE8CN25,Bothell,1,3005000.0,COLB,Umpqua Bank
2025,Seattle/Puget Sound,IFQSIUC9AGQV2NE8CN25,Everett,3,1515000.0,COLB,Umpqua Bank
2025,Seattle/Puget Sound,IFQSIUC9AGQV2NE8CN25,Kirkland,6,5320000.0,COLB,Umpqua Bank
2025,Seattle/Puget Sound,IFQSIUC9AGQV2NE8CN25,Outside named places,185,103725000.0,COLB,Umpqua Bank
2025,Seattle/Puget Sound,IFQSIUC9AGQV2NE8CN25,Redmond,4,4090000.0,COLB,Umpqua Bank
2025,Seattle/Puget Sound,IFQSIUC9AGQV2NE8CN25,Seattle,48,37440000.0,COLB,Umpqua Bank
2025,Seattle/Puget Sound,IFQSIUC9AGQV2NE8CN25,Tacoma,17,5825000.0,COLB,Umpqua Bank
2025,Seattle/Puget Sound,F28JOQ8OBWCFUYM0UX93,Bellevue,9,14435000.0,EWBC,East West Bank
2025,Seattle/Puget Sound,F28JOQ8OBWCFUYM0UX93,Bothell,2,880000.0,EWBC,East West Bank
2025,Seattle/Puget Sound,F28JOQ8OBWCFUYM0UX93,Everett,5,2155000.0,EWBC,East West Bank
2025,Seattle/Puget Sound,F28JOQ8OBWCFUYM0UX93,Kirkland,4,3410000.0,EWBC,East West Bank
2025,Seattle/Puget Sound,F28JOQ8OBWCFUYM0UX93,Outside named places,67,37445000.0,EWBC,East West Bank
2025,Seattle/Puget Sound,F28JOQ8OBWCFUYM0UX93,Redmond,1,345000.0,EWBC,East West Bank
2025,Seattle/Puget Sound,F28JOQ8OBWCFUYM0UX93,Sammamish,2,1410000.0,EWBC,East West Bank
2025,Seattle/Puget Sound,F28JOQ8OBWCFUYM0UX93,Seattle,5,5655000.0,EWBC,East West Bank
2025,Seattle/Puget Sound,F28JOQ8OBWCFUYM0UX93,Tacoma,3,1205000.0,EWBC,East West Bank
2025,Seattle/Puget Sound,5493003T5D4N1CM46J77,Bellevue,5,4265000.0,FSBW,1st Security Bank of Washington
2025,Seattle/Puget Sound,5493003T5D4N1CM46J77,Bothell,8,8220000.0,FSBW,1st Security Bank of Washington
2025,Seattle/Puget Sound,5493003T5D4N1CM46J77,Everett,10,4820000.0,FSBW,1st Security Bank of Washington
2025,Seattle/Puget Sound,5493003T5D4N1CM46J77,Kirkland,10,13790000.0,FSBW,1st Security Bank of Washington
2025,Seattle/Puget Sound,5493003T5D4N1CM46J77,Outside named places,337,194925000.0,FSBW,1st Security Bank of Washington
2025,Seattle/Puget Sound,5493003T5D4N1CM46J77,Sammamish,1,465000.0,FSBW,1st Security Bank of Washington
2025,Seattle/Puget Sound,5493003T5D4N1CM46J77,Seattle,120,92710000.0,FSBW,1st Security Bank of Washington
2025,Seattle/Puget Sound,5493003T5D4N1CM46J77,Tacoma,7,2705000.0,FSBW,1st Security Bank of Washington
2025,Seattle/Puget Sound,01KWVG908KE7RKPTNP46,Bellevue,1,375000.0,HMST,HomeStreet Bank
2025,Seattle/Puget Sound,01KWVG908KE7RKPTNP46,Bothell,3,2745000.0,HMST,HomeStreet Bank
2025,Seattle/Puget Sound,01KWVG908KE7RKPTNP46,Everett,8,3450000.0,HMST,HomeStreet Bank
2025,Seattle/Puget Sound,01KWVG908KE7RKPTNP46,Kirkland,2,2510000.0,HMST,HomeStreet Bank
2025,Seattle/Puget Sound,01KWVG908KE7RKPTNP46,Outside named places,159,90675000.0,HMST,HomeStreet Bank
2025,Seattle/Puget Sound,01KWVG908KE7RKPTNP46,Redmond,1,795000.0,HMST,HomeStreet Bank
2025,Seattle/Puget Sound,01KWVG908KE7RKPTNP46,Sammamish,2,1830000.0,HMST,HomeStreet Bank
2025,Seattle/Puget Sound,01KWVG908KE7RKPTNP46,Seattle,56,37120000.0,HMST,HomeStreet Bank
2025,Seattle/Puget Sound,01KWVG908KE7RKPTNP46,Tacoma,44,23550000.0,HMST,HomeStreet Bank
2025,Seattle/Puget Sound,D38AC76TAMYI50NBPX33,Bellevue,2,3110000.0,WAFD,WASHINGTON FEDERAL BANK
2025,Seattle/Puget Sound,D38AC76TAMYI50NBPX33,Everett,1,365000.0,WAFD,WASHINGTON FEDERAL BANK
2025,Seattle/Puget Sound,D38AC76TAMYI50NBPX33,Kirkland,1,1055000.0,WAFD,WASHINGTON FEDERAL BANK
2025,Seattle/Puget Sound,D38AC76TAMYI50NBPX33,Outside named places,11,7285000.0,WAFD,WASHINGTON FEDERAL BANK
2025,Seattle/Puget Sound,D38AC76TAMYI50NBPX33,Redmond,1,1505000.0,WAFD,WASHINGTON FEDERAL BANK
2025,Seattle/Puget Sound,D38AC76TAMYI50NBPX33,Sammamish,1,1135000.0,WAFD,WASHINGTON FEDERAL BANK
2025,Seattle/Puget Sound,D38AC76TAMYI50NBPX33,Seattle,4,2790000.0,WAFD,WASHINGTON FEDERAL BANK
