region,lei,institution,ticker,candidate_parent,loan_count,regional_amount,core_count,core_amount,scored_count,scored_amount,weighted_amount,period,core_share_of_regional,weighted_score,core_avg_loan,region_core_amount,region_weighted_amount,core_market_share,weighted_market_share,concentration_rank,market_share_rank
Bay Area,KB1H1DSPRFMYMCUFXT09,"Wells Fargo Bank, National Association",,,11868,16332840000.0,5160,7371130000.0,5574,7746170000.0,6085452500.0,2023-2025,0.4513073047920631,0.37258997822791384,1428513.5658914729,50352530000.0,41716817000.0,0.14639045942676565,0.14587528334196734,11.0,1.0
Bay Area,B4TYDEB6GKMZO031MB27,"Bank of America, National Association",,,9326,11782060000.0,3710,5054550000.0,4027,5324765000.0,4172328000.0,2023-2025,0.42900392630830264,0.3541255094609941,1362412.398921833,50352530000.0,41716817000.0,0.10038323794256217,0.10001549255303922,19.0,2.0
Bay Area,E57ODZWZ7FF32TWEFA76,"Citibank, National Association",,,6350,8517880000.0,2720,3786500000.0,2997,4058105000.0,3083484000.0,2023-2025,0.44453549474751936,0.3620013430571926,1392095.5882352942,50352530000.0,41716817000.0,0.07519979631609375,0.07391465173385592,16.0,3.0
Bay Area,6BYL5QZYBDK8S7L73M02,U.S. Bank National Association,,,8956,10305760000.0,2977,3702585000.0,3444,4144870000.0,3005408500.0,2023-2025,0.35927335781155395,0.29162414998990854,1243730.26536782,50352530000.0,41716817000.0,0.07353324649228152,0.07204309235769354,37.0,4.0
Bay Area,7H6GLXDRUGQFU57RNE97,"JPMorgan Chase Bank, National Association",,,6749,7665425000.0,2567,3075075000.0,2962,3419110000.0,2478987500.0,2023-2025,0.4011617098856228,0.32339857216005635,1197925.594078691,50352530000.0,41716817000.0,0.06107091341785607,0.05942417658566808,28.0,5.0
Bay Area,1IE8VN30JCEQV1H4R804,"HSBC BANK USA, NATIONAL ASSOCIATION",,,3176,4668460000.0,1923,2784735000.0,1966,2829810000.0,2369910000.0,2023-2025,0.5964997022572754,0.5076427772755898,1448120.1248049922,50352530000.0,41716817000.0,0.05530476820131978,0.056809463675045004,2.0,6.0
Bay Area,549300FGXN1K3HLB1R50,"ROCKET MORTGAGE, LLC",,,13351,9231405000.0,2854,2182670000.0,4045,3020255000.0,1824633000.0,2023-2025,0.23643963188702044,0.1976549615145257,764775.7533286616,50352530000.0,41716817000.0,0.0433477721973454,0.0437385479337985,85.0,7.0
Bay Area,3Y4U8VZURTYWI1W2K376,BMO Bank National Association,,,3440,4665910000.0,1390,2037330000.0,1504,2148520000.0,1717495500.0,2023-2025,0.4366415125881125,0.3680944338832082,1465705.035971223,50352530000.0,41716817000.0,0.040461323393283316,0.04117033905055604,14.0,8.0
Bay Area,549300HW662MN1WU8550,"UNITED WHOLESALE MORTGAGE, LLC",,,15872,10947170000.0,2246,1846730000.0,3450,2653470000.0,1575746000.0,2023-2025,0.16869474028447534,0.14394094546809816,822230.6322350845,50352530000.0,41716817000.0,0.03667601210902412,0.03777244078808793,125.0,9.0
Bay Area,AD6GFRVSDT01YPT1CS68,"PNC Bank, National Association",,,2688,3566510000.0,1139,1510335000.0,1278,1637600000.0,1244896000.0,2023-2025,0.4234770125416724,0.3490515938550572,1326018.4372256366,50352530000.0,41716817000.0,0.02999521573196024,0.029841586427842758,20.0,10.0
Bay Area,549300VZVN841I2ILS84,"CROSSCOUNTRY MORTGAGE, LLC",,,5751,4708885000.0,574,602240000.0,1489,1373795000.0,655863000.0,2023-2025,0.12789439538234634,0.1392820168681121,1049198.606271777,50352530000.0,41716817000.0,0.011960471499644606,0.015721789128830228,129.0,11.0
Bay Area,549300GS0W0TEUQS8571,"Morgan Stanley Private Bank, National Association",,,1359,2019625000.0,480,732950000.0,564,820090000.0,595643000.0,2023-2025,0.3629139072847682,0.29492752367394937,1526979.1666666667,50352530000.0,41716817000.0,0.014556368865675667,0.014278246588180494,34.0,12.0
Bay Area,549300ZJIC4LOLZH0M42,THE GOLDEN 1,,,2076,2271610000.0,630,714270000.0,716,790860000.0,551691500.0,2023-2025,0.31443337544736993,0.24286365177121072,1133761.9047619049,50352530000.0,41716817000.0,0.014185384527847955,0.01322467867095421,58.0,13.0
Bay Area,549300INFJ8TYNZ1G568,"Charles Schwab Bank, SSB",,,1252,1776400000.0,422,648040000.0,495,724205000.0,537014500.0,2023-2025,0.3648052240486377,0.3023049425804999,1535639.8104265402,50352530000.0,41716817000.0,0.012870058366481286,0.012872854129786556,31.0,14.0
Bay Area,5493001WRXQTCKCA6205,REDWOOD,,,1762,1409880000.0,689,666035000.0,713,689845000.0,474991000.0,2023-2025,0.47240545294635006,0.33690172213238007,966669.0856313498,50352530000.0,41716817000.0,0.013227438621256965,0.011386079623476547,23.0,15.0
Bay Area,549300U3721PJGQZYY68,"GUARANTEED RATE, INC.",,,2760,2302920000.0,574,530700000.0,861,757485000.0,455410000.0,2023-2025,0.23044656349330414,0.1977532871311205,924564.4599303136,50352530000.0,41716817000.0,0.010539688869655606,0.010916700571858107,84.0,16.0
Bay Area,5493004F7BXDIUFVPV87,STAR ONE Credit Union,,,1322,1351400000.0,502,523910000.0,540,559460000.0,405431000.0,2023-2025,0.38767944354003253,0.30000813970697054,1043645.4183266932,50352530000.0,41716817000.0,0.01040483963765078,0.00971864655925211,33.0,17.0
Bay Area,YWC0TIKBQM2JV8L4IV08,First Republic Bank,,,1098,1162590000.0,407,462855000.0,541,571675000.0,376548000.0,2023-2025,0.398124016205197,0.32388718292777335,1137235.8722358723,50352530000.0,41716817000.0,0.009192288848246553,0.009026287887688075,27.0,18.0
Bay Area,L9VVX1KT5TFTKS0MLF66,First-Citizens Bank & Trust Company,,,772,844210000.0,481,469685000.0,504,489310000.0,358148000.0,2023-2025,0.5563603842645787,0.4242404141149714,976476.0914760915,50352530000.0,41716817000.0,0.009327932479261718,0.008585218762016287,6.0,19.0
Bay Area,549300G4ESSS6M0MEG51,"OriginPoint, LLC",,,1049,1157505000.0,352,408620000.0,420,466050000.0,323286500.0,2023-2025,0.3530179135295312,0.2792959857624805,1160852.2727272727,50352530000.0,41716817000.0,0.008115183090104906,0.0077495485813311215,39.0,20.0
Bay Area,549300JOD3S8ZGZLHP53,"GOOGAIN, INC.",,,1017,835375000.0,455,385745000.0,480,402680000.0,309571000.0,2023-2025,0.4617626814304953,0.37057728565015713,847791.2087912088,50352530000.0,41716817000.0,0.007660886156068027,0.007420772299094631,12.0,21.0
Bay Area,254900VELJPWWT51WN03,General Mortgage Capital Corporation,,,1272,995480000.0,479,377315000.0,516,400510000.0,291183000.0,2023-2025,0.37902820749789046,0.29250512315666816,787713.9874739039,50352530000.0,41716817000.0,0.007493466564639353,0.006979990827200455,36.0,22.0
Bay Area,RVDPPPGHCGZ40J4VQ731,"PENNYMAC LOAN SERVICES, LLC",,,2013,1701155000.0,312,323060000.0,512,486060000.0,289563000.0,2023-2025,0.18990626956391393,0.17021553003694548,1035448.717948718,50352530000.0,41716817000.0,0.006415963606992538,0.00694115756722283,102.0,23.0
Bay Area,549300O6Z0I6KYMESL47,AMWEST FUNDING CORP.,,,1373,1026455000.0,471,376235000.0,525,407555000.0,278296000.0,2023-2025,0.36653823109634615,0.27112342966812963,798800.4246284501,50352530000.0,41716817000.0,0.007472017791360235,0.0066710746411932625,43.0,24.0
Bay Area,5493009Y8ROUG903AQ21,STANFORD Federal Credit Union,,,681,675875000.0,284,286440000.0,317,312375000.0,249293500.0,2023-2025,0.42380617717773256,0.36884557055668576,1008591.5492957747,50352530000.0,41716817000.0,0.005688691313028362,0.0059758514174271735,13.0,25.0
Bay Area,593C3GZG957YOJPS2Z63,City National Bank,,,441,686655000.0,185,289125000.0,196,306290000.0,237965000.0,2023-2025,0.42106297922537517,0.3465568589757593,1562837.8378378379,50352530000.0,41716817000.0,0.005742015346597281,0.005704294265787344,21.0,26.0
Bay Area,549300KIOYNU323LVJ37,AMERICAN PACIFIC MORTGAGE CORPORATION,,,2247,1553955000.0,249,215185000.0,555,438515000.0,220340500.0,2023-2025,0.1384756958856595,0.14179335952456795,864196.7871485944,50352530000.0,41716817000.0,0.004273568775988019,0.005281814765493734,126.0,27.0
Bay Area,5493004AS1SPBQOFDR49,"Commerce Home Mortgage, Inc.",,,1434,1119270000.0,278,261340000.0,392,345090000.0,214976500.0,2023-2025,0.23349147212022123,0.19206849107007246,940071.9424460431,50352530000.0,41716817000.0,0.005190205934041447,0.005153233526901154,86.0,28.0
Bay Area,549300EM6UG8HE3P8U74,Patelco Credit Union,,,1167,1115955000.0,238,253500000.0,310,306060000.0,200552000.0,2023-2025,0.2271596972996223,0.17971333969559705,1065126.050420168,50352530000.0,41716817000.0,0.005034503728015256,0.0048074617006374195,93.0,29.0
Bay Area,DRMSV1Q0EKMEXLAU1P80,"Citizens Bank, National Association",,,265,534965000.0,104,258590000.0,119,275105000.0,200276500.0,2023-2025,0.4833774172142103,0.3743730898283065,2486442.3076923075,50352530000.0,41716817000.0,0.00513559100208073,0.00480085764932641,10.0,30.0
Bay Area,54930001NSTOD85LT125,"GUARANTEED RATE AFFINITY, LLC",,,1194,1036550000.0,235,236105000.0,299,283755000.0,194227000.0,2023-2025,0.2277796536587719,0.18737832231923207,1004702.1276595745,50352530000.0,41716817000.0,0.0046890394583946424,0.004655844188687742,89.0,31.0
Bay Area,254900P2JMSUZCYLE858,Provident Credit Union,,,750,754420000.0,211,226505000.0,249,255195000.0,183455000.0,2023-2025,0.3002372683651017,0.24317356379735425,1073483.4123222749,50352530000.0,41716817000.0,0.004498383695913591,0.004397626980984671,56.0,32.0
Bay Area,549300E2UX99HKDBR481,"NEW AMERICAN FUNDING, LLC",,,1939,1406075000.0,228,209130000.0,382,307340000.0,182251000.0,2023-2025,0.14873317568408512,0.12961684120690575,917236.8421052631,50352530000.0,41716817000.0,0.0041533166257981475,0.00436876571863093,134.0,33.0
Bay Area,549300AG64NHILB7ZP05,"LOANDEPOT.COM, LLC",,,2793,1929765000.0,249,212145000.0,386,302760000.0,178915500.0,2023-2025,0.10993307475262531,0.09271362057038034,851987.951807229,50352530000.0,41716817000.0,0.004213194451202352,0.004288809954028851,155.0,34.0
Bay Area,5493004WMLN60ZJ2ON46,PULTE MORTGAGE LLC,,,501,428075000.0,233,219945000.0,233,219945000.0,165474000.0,2023-2025,0.5138001518425509,0.38655375810313614,943969.957081545,50352530000.0,41716817000.0,0.004368102258218207,0.00396660176638117,8.0,35.0
Bay Area,549300GKFNPRWNS0GF29,"CMG MORTGAGE, INC.",,,2202,1627960000.0,140,120240000.0,460,374720000.0,159951500.0,2023-2025,0.07385930858252046,0.098252721197081,858857.1428571428,50352530000.0,41716817000.0,0.002387963425075165,0.003834221100809297,151.0,36.0
Bay Area,549300DCGBXW5FJMV921,"NMSI, INC.",,,768,558500000.0,278,212930000.0,312,235330000.0,158765000.0,2023-2025,0.3812533572068039,0.28427036705461056,765935.2517985612,50352530000.0,41716817000.0,0.00422878453178023,0.003805779333547907,38.0,37.0
Bay Area,549300OPB0G5OMY0SM65,NEW WAVE LENDING GROUP INC,,,660,533380000.0,174,161020000.0,203,180175000.0,129165000.0,2023-2025,0.30188608496756536,0.2421631857212494,925402.2988505748,50352530000.0,41716817000.0,0.003197853216114463,0.003096233348771552,59.0,38.0
Bay Area,F28JOQ8OBWCFUYM0UX93,East West Bank,EWBC,East West Bancorp,617,485795000.0,179,144405000.0,232,173680000.0,120573000.0,2023-2025,0.2972550149754526,0.24819728486295659,806731.843575419,50352530000.0,41716817000.0,0.002867879727195436,0.002890273244001334,54.0,39.0
Bay Area,SS1TRMSN6BRNMOREEV51,"Flagstar Bank, N.A.",,,736,592550000.0,135,132305000.0,186,167380000.0,112677500.0,2023-2025,0.22328073580288582,0.1901569487806936,980037.0370370371,50352530000.0,41716817000.0,0.0026275740265682777,0.0027010090439066816,87.0,40.0
Bay Area,254900HA4DQWAE0W3342,"AMERIHOME MORTGAGE COMPANY, LLC",,,348,368750000.0,117,134365000.0,143,157065000.0,110801500.0,2023-2025,0.36437966101694913,0.3004786440677966,1148418.8034188035,50352530000.0,41716817000.0,0.00266848557560067,0.0026560391700066665,32.0,41.0
Bay Area,549300Q02LGIN9AXKP98,FIRST TECHNOLOGY FEDERAL CREDIT UNION,,,313,328395000.0,132,140640000.0,134,142470000.0,108347500.0,2023-2025,0.42826474215502675,0.3299304191598532,1065454.5454545454,50352530000.0,41716817000.0,0.0027931069203473986,0.0025972139724850054,24.0,42.0
Bay Area,549300FNXYY540N23N64,NEWREZ LLC,,,1248,808020000.0,135,111335000.0,215,172505000.0,98107000.0,2023-2025,0.13778743100418306,0.12141654909531942,824703.7037037037,50352530000.0,41716817000.0,0.002211110345398732,0.002351737430015334,143.0,43.0
Bay Area,8WH0EE09O9V05QJZ3V89,"Zions Bancorporation, N.A.",,,374,376300000.0,90,107600000.0,132,139950000.0,95357500.0,2023-2025,0.28594206749933565,0.25340818495880946,1195555.5555555555,50352530000.0,41716817000.0,0.0021369333378084476,0.0022858287582199766,49.0,44.0
Bay Area,5493001GAASLCSP1PB64,"NATIONAL COOPERATIVE BANK, N.A.",,,224,140370000.0,187,127815000.0,192,129410000.0,89773000.0,2023-2025,0.9105578114981834,0.6395454869274061,683502.6737967915,50352530000.0,41716817000.0,0.0025384027376578696,0.002151961881463775,1.0,45.0
Bay Area,549300K5R2UQGSNVT989,SAN FRANCISCO FEDERAL CREDIT UNION,,,243,244495000.0,105,116175000.0,127,132165000.0,88405000.0,2023-2025,0.47516309126976014,0.36158203644246306,1106428.5714285714,50352530000.0,41716817000.0,0.002307232625649595,0.002119169350816003,17.0,46.0
Bay Area,254900DTLHVWQ7NP7R34,"THE LOAN STORE, INC.",,,977,632995000.0,126,100020000.0,201,148735000.0,86053500.0,2023-2025,0.15801072678299197,0.13594657145791042,793809.5238095238,50352530000.0,41716817000.0,0.0019863947253494513,0.0020628011959781113,130.0,47.0
Bay Area,549300NWBS6MQJX15N44,NexBank,,,429,414055000.0,93,100455000.0,118,121140000.0,83195500.0,2023-2025,0.24261269638091557,0.20092862059388245,1080161.2903225806,50352530000.0,41716817000.0,0.001995033814586874,0.001994291654610178,79.0,48.0
Bay Area,5493005PKOSG7MYX0B34,"Prosperity Home Mortgage, LLC",,,280,230890000.0,129,106175000.0,132,108130000.0,82516500.0,2023-2025,0.4598510113040842,0.3573844687946641,823062.0155038759,50352530000.0,41716817000.0,0.0021086328730651666,0.0019780152450269636,18.0,49.0
Bay Area,549300MZ8VZJOVC63092,"KIND LENDING, LLC",,,877,574345000.0,106,89930000.0,164,128280000.0,75661000.0,2023-2025,0.15657836317892557,0.1317344105023984,848396.2264150943,50352530000.0,41716817000.0,0.001786007574991763,0.001813681038992021,133.0,50.0
Bay Area,5493006F1N8E3EEF3W63,Fremont Bank,,,690,453420000.0,110,90450000.0,158,120590000.0,74642000.0,2023-2025,0.19948392219134578,0.16461999911781572,822272.7272727273,50352530000.0,41716817000.0,0.0017963347621261533,0.0017892544390431322,106.0,51.0
Bay Area,549300IPUHFA5O769M51,"Vellum Mortgage, Inc.",,,839,583785000.0,46,36690000.0,290,216670000.0,74141500.0,2023-2025,0.06284848017677741,0.12700137893231242,797608.695652174,50352530000.0,41716817000.0,0.0007286624922322671,0.0017772568794018969,140.0,52.0
Bay Area,549300CB67L6KPJLHE19,"TRIAD FINANCIAL SERVICES, INC.",,,848,184200000.0,353,87475000.0,353,87475000.0,72385000.0,2023-2025,0.4748914223669924,0.39296959826275785,247804.53257790368,50352530000.0,41716817000.0,0.001737251335732286,0.001735151557703935,7.0,53.0
Bay Area,549300UB5TJ0YPVPT503,MASON MCDUFFIE MORTGAGE CORPORATION,,,598,420860000.0,90,87140000.0,125,113345000.0,72357500.0,2023-2025,0.20705222639357507,0.17192771943163998,968222.2222222222,50352530000.0,41716817000.0,0.0017305982440207076,0.0017344923511302408,98.0,54.0
Bay Area,5493007VGBHF6SRXRR53,TECHNOLOGY CREDIT UNION,,,219,215295000.0,95,85495000.0,100,88860000.0,69961500.0,2023-2025,0.397106296012448,0.3249564550964955,899947.3684210526,50352530000.0,41716817000.0,0.001697928584720569,0.001677057480200371,26.0,55.0
Bay Area,254900E6AIE4Z8YQM970,Citadel Servicing Corporation,,,359,333435000.0,74,85220000.0,100,99980000.0,69432500.0,2023-2025,0.25558204747552,0.2082339886334668,1151621.6216216215,50352530000.0,41716817000.0,0.0016924670915244974,0.001664376742837307,71.0,56.0
Bay Area,IUGPUX5LWRZ3B6KIZ697,Ameris Bank,,,546,332700000.0,124,81720000.0,165,107665000.0,67867000.0,2023-2025,0.24562669071235346,0.20398857829876765,659032.2580645161,50352530000.0,41716817000.0,0.0016229571781199476,0.0016268499104330036,75.0,57.0
Bay Area,254900ZFWS2106HWPH46,"Paramount Residential Mortgage Group, Inc.",,,800,522840000.0,103,78345000.0,155,113065000.0,67217500.0,2023-2025,0.1498450768877668,0.1285622752658557,760631.0679611651,50352530000.0,41716817000.0,0.001555929761622703,0.001611280649719752,138.0,58.0
Bay Area,549300323EON4W3CCM44,"RESICENTRAL, LLC",,,451,305905000.0,120,83670000.0,146,101040000.0,66308000.0,2023-2025,0.27351628773638875,0.21676010526143738,697250.0,50352530000.0,41716817000.0,0.001661684129873911,0.0015894788904915731,68.0,59.0
Bay Area,2549004FXPNKCLIN8250,"Synergy One Lending, Inc.",,,350,292360000.0,76,80200000.0,94,93750000.0,63859000.0,2023-2025,0.2743193323300041,0.21842591325762759,1055263.1578947369,50352530000.0,41716817000.0,0.0015927700157271144,0.0015307735487105835,67.0,60.0
Bay Area,549300AQ3T62GXDU7D76,GUILD MORTGAGE COMPANY LLC,,,1349,789885000.0,107,74055000.0,165,109345000.0,61260500.0,2023-2025,0.09375415408572134,0.07755622653930636,692102.8037383178,50352530000.0,41716817000.0,0.0014707304677639833,0.0014684845202835107,164.0,61.0
Bay Area,549300UI36AJZ0WZ4U93,"Taylor Morrison Home Funding, Inc.",,,343,246575000.0,64,62630000.0,64,62630000.0,60048500.0,2023-2025,0.2539997972219406,0.24353036601439723,978593.75,50352530000.0,41716817000.0,0.001243830250436274,0.001439431488744695,55.0,62.0
Bay Area,549300TF1E42EUFBSL45,Mechanics Bank,,,264,316330000.0,51,71825000.0,76,91300000.0,59966000.0,2023-2025,0.22705718711472198,0.18956785635254322,1408333.3333333333,50352530000.0,41716817000.0,0.0014264427229376557,0.0014374538690236122,88.0,63.0
Bay Area,549300GWD9H4FQ2VR805,UBS Bank USA,,,160,288730000.0,34,76020000.0,44,84180000.0,58778000.0,2023-2025,0.2632909638762858,0.2035742735427562,2235882.3529411764,50352530000.0,41716817000.0,0.0015097553191468233,0.0014089761450400207,76.0,64.0
Bay Area,549300EKFFG3BU8DNX74,NEXERA HOLDING LLC,,,316,333830000.0,50,66580000.0,80,86710000.0,57575500.0,2023-2025,0.1994428301830273,0.17246952041458227,1331600.0,50352530000.0,41716817000.0,0.0013222771527071232,0.0013801508394084812,97.0,65.0
Bay Area,549300W0YBCUV18HSR42,Tri Counties Bank,,,138,149190000.0,63,73815000.0,64,74930000.0,57241500.0,2023-2025,0.4947717675447416,0.3836818821636839,1171666.6666666667,50352530000.0,41716817000.0,0.001465964073701957,0.001372144475931613,9.0,66.0
Bay Area,54930043BMDE130FJ617,"PROVIDENT FUNDING ASSOCIATES, L.P.",,,647,360405000.0,126,70520000.0,160,88460000.0,57166000.0,2023-2025,0.1956687615321652,0.15861600144282126,559682.5396825396,50352530000.0,41716817000.0,0.0014005254552253879,0.0013703346542474706,116.0,67.0
Bay Area,549300QNPOF1WCRKLZ94,San Mateo Credit Union,,,276,222560000.0,72,67660000.0,84,77860000.0,55966000.0,2023-2025,0.3040079079798706,0.2514647735442128,939722.2222222222,50352530000.0,41716817000.0,0.0013437259259862415,0.001341569276486267,51.0,68.0
Bay Area,549300J7I82PNDVU8H22,"OCMBC, INC.",,,639,386735000.0,85,61765000.0,138,88380000.0,52525000.0,2023-2025,0.15970884455764284,0.13581651518481647,726647.0588235294,50352530000.0,41716817000.0,0.001226651371837721,0.0012590845557560156,131.0,69.0
Bay Area,549300PL8ER6H23P0Z91,BAY EQUITY LLC,,,389,288985000.0,62,55690000.0,107,86725000.0,51171000.0,2023-2025,0.1927089641330865,0.17707147429797393,898225.8064516129,50352530000.0,41716817000.0,0.0011060020221426807,0.0012266276211821243,95.0,70.0
Bay Area,549300MGPZBLQDIL7538,FAIRWAY INDEPENDENT MORTGAGE CORPORATION,,,586,376530000.0,64,50090000.0,141,96925000.0,50468500.0,2023-2025,0.1330305686133907,0.13403580060021777,782656.25,50352530000.0,41716817000.0,0.000994786160695401,0.0012097878896177529,132.0,71.0
Bay Area,5493003GQDUH26DNNH17,NAVY FEDERAL CREDIT UNION,,,426,312050000.0,66,58460000.0,93,78305000.0,49272000.0,2023-2025,0.18734177215189873,0.15789777279282166,885757.5757575758,50352530000.0,41716817000.0,0.0011610141536085674,0.0011811064108750195,117.0,72.0
Bay Area,2549009X2AG1P20YAJ63,Axos Bank,,,105,235515000.0,27,56135000.0,32,61690000.0,48889000.0,2023-2025,0.23834999893849648,0.20758338110099145,2079074.0740740742,50352530000.0,41716817000.0,0.001114839711132688,0.0011719254611395687,73.0,73.0
Bay Area,549300GAX7IKJUKCJE72,TRAVIS CREDIT UNION,,,411,282605000.0,49,63285000.0,64,74230000.0,48281000.0,2023-2025,0.22393446683533555,0.17084269563525062,1291530.612244898,50352530000.0,41716817000.0,0.001256838534230554,0.0011573510030738923,100.0,74.0
Bay Area,549300XWUSRVVOHPRY47,"EVERETT FINANCIAL, INC.",,,1262,776800000.0,57,43535000.0,168,105820000.0,48248000.0,2023-2025,0.056044026776519054,0.06211122554067971,763771.9298245613,50352530000.0,41716817000.0,0.0008646040228763083,0.001156559955185459,168.0,75.0
Bay Area,549300LBCBNR1OT00651,NATIONSTAR MORTGAGE LLC,,,573,300655000.0,97,59645000.0,122,71750000.0,47158000.0,2023-2025,0.19838352929437394,0.15685087558829888,614896.9072164949,50352530000.0,41716817000.0,0.0011845482242898223,0.0011304314037190325,118.0,76.0
Bay Area,C398JSK21YCXWM603F55,"Barrington Bank & Trust Company, National Association",,,231,195245000.0,60,56260000.0,69,61425000.0,46562500.0,2023-2025,0.28815078491126533,0.23848241952418756,937666.6666666666,50352530000.0,41716817000.0,0.0011173222080399932,0.0011161565850050352,62.0,77.0
Bay Area,549300XY701IELCE5Q08,BETTER MORTGAGE CORPORATION,,,318,228710000.0,70,58410000.0,92,73740000.0,46341000.0,2023-2025,0.25538892046696693,0.20261903720869223,834428.5714285715,50352530000.0,41716817000.0,0.0011600211548456452,0.0011108469756932798,78.0,78.0
Bay Area,KD3XUN7C6T14HNAYLU02,Goldman Sachs Bank USA,,,103,272605000.0,30,54920000.0,37,71115000.0,45938500.0,2023-2025,0.20146365620586562,0.16851671832871737,1830666.6666666667,50352530000.0,41716817000.0,0.0010907098411936799,0.0011011985885692095,104.0,79.0
Bay Area,549300A5HHOL2ED18C72,AMERITRUST MORTGAGE CORPORATION,,,371,292375000.0,61,54135000.0,104,79260000.0,45278500.0,2023-2025,0.18515604959384352,0.15486447199657974,887459.0163934426,50352530000.0,41716817000.0,0.0010751197606158021,0.0010853776308005474,119.0,80.0
Bay Area,549300IKS3MMB5YK6T18,KINECTA,,,97,161865000.0,34,51350000.0,39,59975000.0,44035500.0,2023-2025,0.3172396750378402,0.2720507830599574,1510294.1176470588,50352530000.0,41716817000.0,0.001019809729521039,0.0010555814936695673,42.0,81.0
Bay Area,549300121SF0K2LN2804,"PRIMELENDING, A PLAINSCAPITAL COMPANY",,,206,169960000.0,54,50880000.0,74,68700000.0,42686000.0,2023-2025,0.2993645563662038,0.2511532125205931,942222.2222222222,50352530000.0,41716817000.0,0.0010104755411495707,0.0010232324292622805,52.0,82.0
Bay Area,549300LYRWPSYPK6S325,FREEDOM MORTGAGE CORPORATION,,,584,353520000.0,63,48235000.0,90,65310000.0,40617000.0,2023-2025,0.13644206834125366,0.11489307535641548,765634.9206349206,50352530000.0,41716817000.0,0.0009579459065909895,0.0009736361237723386,145.0,83.0
Bay Area,54930052M48FOD3CWA54,"PRIMARY RESIDENTIAL MORTGAGE, INC.",,,335,208835000.0,51,43965000.0,92,68020000.0,38204500.0,2023-2025,0.2105250556659564,0.18294107788445424,862058.8235294118,50352530000.0,41716817000.0,0.0008731438122374387,0.0009158057288982522,91.0,84.0
Bay Area,549300DD4R4SYK5RAQ92,"MOVEMENT MORTGAGE, LLC",,,259,219375000.0,34,42530000.0,52,58140000.0,37716000.0,2023-2025,0.19386894586894587,0.17192478632478633,1250882.3529411764,50352530000.0,41716817000.0,0.0008446447477415733,0.0009040958230346289,99.0,85.0
Bay Area,FT6J43S06X6CLJ0R0B48,Cathay Bank,,,123,111265000.0,48,47730000.0,50,48550000.0,37609500.0,2023-2025,0.42897586842223523,0.3380173459758235,994375.0,50352530000.0,41716817000.0,0.000947916619085476,0.0009015428957583221,22.0,86.0
Bay Area,549300R8VPSFM828B312,TEACHERS FEDERAL CREDIT UNION,,,109,142735000.0,28,44250000.0,30,46490000.0,36174000.0,2023-2025,0.31001506287876135,0.2534346866570918,1580357.142857143,50352530000.0,41716817000.0,0.000878803905186095,0.0008671323126114823,48.0,87.0
Bay Area,254900TTZ395IC926125,"Sierra Pacific Mortgage Company, Inc.",,,608,341080000.0,69,41245000.0,105,61455000.0,35976000.0,2023-2025,0.12092470974551425,0.10547672100387007,597753.6231884058,50352530000.0,41716817000.0,0.0008191246795344742,0.0008623860252808838,148.0,88.0
Bay Area,549300SKHHL7A2K8YV94,"MERIWEST MORTGAGE COMPANY, LLC",,,93,77025000.0,61,48865000.0,66,51080000.0,35701000.0,2023-2025,0.6344044141512496,0.46349886400519313,801065.5737704918,50352530000.0,41716817000.0,0.0009704576910038085,0.0008557939595439412,4.0,89.0
Bay Area,5493009B17HXCVXTD608,"JMAC LENDING, INC.",,,256,215050000.0,44,46100000.0,54,51550000.0,34291500.0,2023-2025,0.21436875145315043,0.1594582655196466,1047727.2727272727,50352530000.0,41716817000.0,0.0009155448594142142,0.0008220066262485942,113.0,90.0
Bay Area,549300370QILXLFUWD20,"ZILLOW HOME LOANS, LLC",,,229,146635000.0,59,42215000.0,83,55345000.0,34148000.0,2023-2025,0.28789170389061275,0.2328775531080574,715508.4745762711,50352530000.0,41716817000.0,0.0008383888555351638,0.0008185667664913169,64.0,91.0
Bay Area,254900IEGKUDRDS23V26,"AAA CAPITAL INVESTMENT, INC.",,,145,121645000.0,47,42455000.0,54,47490000.0,33642500.0,2023-2025,0.34900735747461875,0.2765629495663611,903297.8723404255,50352530000.0,41716817000.0,0.0008431552495971901,0.0008064493511094099,40.0,92.0
Bay Area,549300T94GSH3C4U5M59,ALLIANT CREDIT UNION,,,184,178340000.0,36,38560000.0,57,53775000.0,32132000.0,2023-2025,0.21621621621621623,0.1801727038241561,1071111.111111111,50352530000.0,41716817000.0,0.0007658006459655552,0.0007702409318524949,92.0,93.0
Bay Area,CKVBED0S4DMLKJJ5XH28,Stifel Bank and Trust,,,109,149325000.0,24,38730000.0,38,54010000.0,31949000.0,2023-2025,0.25936715218483175,0.21395613594508622,1613750.0,50352530000.0,41716817000.0,0.0007691768417594906,0.0007658542117439113,70.0,94.0
Bay Area,549300SK2GVCQXPD4S58,"SUN WEST MORTGAGE COMPANY, INC.",,,313,186925000.0,59,37425000.0,75,45785000.0,31762000.0,2023-2025,0.20021398956800857,0.16991841647719674,634322.033898305,50352530000.0,41716817000.0,0.0007432595740472226,0.0007613716070427904,103.0,95.0
Bay Area,2549001SI0EMFPT39035,"Cornerstone First Mortgage, Inc",,,254,244690000.0,28,32790000.0,60,63400000.0,31695500.0,2023-2025,0.13400629367771466,0.1295332870162246,1171071.4285714286,50352530000.0,41716817000.0,0.0006512085887243401,0.0007597775256918571,135.0,96.0
Bay Area,549300A4ZI1DF2OO1B51,MERIWEST,,,84,67280000.0,50,42590000.0,51,43125000.0,31428500.0,2023-2025,0.6330261593341261,0.4671299048751486,851800.0,50352530000.0,41716817000.0,0.0008458363462570798,0.0007533772291399893,3.0,97.0
Bay Area,549300LROQOOQU77WS20,LENOX FINANCIAL MORTGAGE CORPORATION,,,173,123235000.0,48,36900000.0,66,50860000.0,31099000.0,2023-2025,0.2994279222623443,0.25235525621779525,768750.0,50352530000.0,41716817000.0,0.0007328330870365402,0.0007454787358297254,50.0,98.0
Bay Area,549300R77W0P105C3S50,HOMEXPRESS MORTGAGE CORP.,,,229,194245000.0,37,35645000.0,79,62175000.0,31071000.0,2023-2025,0.1835053669335118,0.15995778527117815,963378.3783783783,50352530000.0,41716817000.0,0.0007079088180871944,0.000744807543681964,112.0,99.0
Bay Area,549300R4F5COFJE0DN81,"ONY GLO, INC.",,,108,98510000.0,38,38190000.0,43,41895000.0,30621000.0,2023-2025,0.38767637803268706,0.31084153893005784,1005000.0,50352530000.0,41716817000.0,0.0007584524551199314,0.0007340205270215127,29.0,100.0
Bay Area,2549005SIVTHG14U2905,A&D Mortgage LLC,,,273,178685000.0,54,37150000.0,82,51050000.0,29956500.0,2023-2025,0.2079077706578616,0.16764977474326329,687962.9629629629,50352530000.0,41716817000.0,0.0007377980808511509,0.0007180916990862462,105.0,101.0
Bay Area,549300XQVJ1XBNFA5536,21ST MORTGAGE CORPORATION,,,416,81990000.0,168,37240000.0,168,37240000.0,29715000.0,2023-2025,0.45420173191852664,0.3624222466154409,221666.66666666666,50352530000.0,41716817000.0,0.0007395854786244107,0.000712302666811804,15.0,102.0
Bay Area,549300PRAPL43XPYR044,"EMET LENDING GROUP, INC.",,,149,112825000.0,47,38355000.0,58,43370000.0,29167000.0,2023-2025,0.33995125193884335,0.25851539995568357,816063.8297872341,50352530000.0,41716817000.0,0.0007617293510375745,0.0006991664776341877,47.0,103.0
Bay Area,54930054ET8KM4O1D485,"SOFI BANK, NATIONAL ASSOCIATION",,,168,128360000.0,40,34690000.0,55,47075000.0,28796000.0,2023-2025,0.27025553131816765,0.22433779993767528,867250.0,50352530000.0,41716817000.0,0.0006889425417153815,0.0006902731816763489,66.0,104.0
Bay Area,213800XR2TCBQJSF1X93,NBKC BANK,,,192,132500000.0,45,34655000.0,65,48375000.0,28548000.0,2023-2025,0.26154716981132076,0.21545660377358491,770111.1111111111,50352530000.0,41716817000.0,0.0006882474425813361,0.0006843283369390335,69.0,105.0
Bay Area,549300DD5QQUHO6PCH70,"Mortgage Research Center, LLC",,,566,373620000.0,37,29735000.0,61,47845000.0,27301500.0,2023-2025,0.07958621058829828,0.07307290830255339,803648.6486486486,50352530000.0,41716817000.0,0.0005905363643097973,0.0006544483007895832,166.0,106.0
Bay Area,549300RD5IG88VPO6P22,"GUIDANCE RESIDENTIAL, LLC",,,98,78810000.0,41,34395000.0,44,36410000.0,25974000.0,2023-2025,0.4364293871336125,0.3295774647887324,838902.4390243902,50352530000.0,41716817000.0,0.0006830838490141409,0.0006226266016412517,25.0,107.0
Bay Area,549300DT7WZ1SOTNFJ62,First Bank,,,133,103475000.0,36,31960000.0,40,34970000.0,25149500.0,2023-2025,0.3088668760570186,0.24304904566320368,887777.7777777778,50352530000.0,41716817000.0,0.0006347248092598326,0.0006028623900044915,57.0,108.0
Bay Area,549300Y5Y88FQLI7VE83,DEEPHAVEN MORTGAGE LLC,,,107,117525000.0,28,30030000.0,38,35100000.0,24466000.0,2023-2025,0.2555201021059349,0.20817698362050627,1072500.0,50352530000.0,41716817000.0,0.0005963950570110379,0.0005864781102546726,72.0,109.0
Bay Area,5493000349C5XXDRQX28,STG MORTGAGE INC,,,384,302720000.0,23,25195000.0,49,46525000.0,24383500.0,2023-2025,0.08322872621564482,0.08054803118393235,1095434.7826086956,50352530000.0,41716817000.0,0.0005003720766364669,0.0005845004905335898,163.0,110.0
Bay Area,54930002O9LLXKR6TF11,BAY-VALLEY MORTGAGE GROUP,,,123,82325000.0,44,31980000.0,49,34375000.0,24241500.0,2023-2025,0.3884603704828424,0.29446097783176434,726818.1818181818,50352530000.0,41716817000.0,0.0006351220087650014,0.000581096587498514,35.0,111.0
Bay Area,984500U2F9A83N391A91,"CHAMPIONS FUNDING, LLC",,,195,152185000.0,34,25360000.0,46,37060000.0,22901500.0,2023-2025,0.16663928770903835,0.15048460755002135,745882.3529411765,50352530000.0,41716817000.0,0.00050364897255411,0.0005489752489985034,121.0,112.0
Bay Area,54930048P8RWCQHQM310,ARC HOME LLC,,,117,136735000.0,25,28235000.0,31,34045000.0,22423000.0,2023-2025,0.2064943138187004,0.16398873733864774,1129400.0,50352530000.0,41716817000.0,0.0005607464014221332,0.0005375050546162235,108.0,113.0
Bay Area,549300CIQ950OK0BS407,Sunward Federal Credit Union,,,218,220860000.0,20,25130000.0,32,36660000.0,22245000.0,2023-2025,0.11378248664312234,0.10071991306710133,1256500.0,50352530000.0,41716817000.0,0.0004990811782446681,0.0005332381902483116,149.0,114.0
Bay Area,549300VVH8HHFMWL8536,CHEVRON Federal Credit Union,,,247,225045000.0,22,25590000.0,43,44625000.0,21943500.0,2023-2025,0.11371059121509032,0.09750716523361995,1163181.8181818181,50352530000.0,41716817000.0,0.0005082167668635519,0.0005260108890858092,153.0,115.0
Bay Area,5493001NJEVHTZW7FG34,SCHOOLSFIRST,,,126,101540000.0,27,24025000.0,42,35780000.0,20795000.0,2023-2025,0.2366062635414615,0.20479613945243255,889814.8148148148,50352530000.0,41716817000.0,0.00047713590558408884,0.000498480025453524,74.0,116.0
Bay Area,549300SBA6BX8HZZF585,"FIDELITY LENDING SOLUTIONS, INC.",,,90,79690000.0,35,29005000.0,38,31190000.0,20776000.0,2023-2025,0.363972894968001,0.2607102522273811,828714.2857142857,50352530000.0,41716817000.0,0.0005760385823711341,0.0004980245736389715,46.0,117.0
Bay Area,549300KTR1JGH3K6LU06,Bethpage Federal Credit Union,,,90,86720000.0,25,24835000.0,36,32500000.0,20396000.0,2023-2025,0.28638145756457567,0.23519372693726937,993400.0,50352530000.0,41716817000.0,0.0004932224855434275,0.0004889155373479238,63.0,118.0
Bay Area,2549002VH9C0PKB8K153,Logan Finance Corporation,,,84,111330000.0,20,25130000.0,29,34195000.0,20383000.0,2023-2025,0.22572532111739874,0.1830863199496991,1256500.0,50352530000.0,41716817000.0,0.0004990811782446681,0.0004886039124221774,90.0,119.0
Bay Area,549300J6N77Q8OHYNF23,"ENVOY MORTGAGE, LTD",,,336,210070000.0,22,18690000.0,64,43610000.0,20364000.0,2023-2025,0.08897034321892702,0.0969391155329176,849545.4545454546,50352530000.0,41716817000.0,0.00037118293758029634,0.000488148460607625,154.0,120.0
Bay Area,254900QNIR86GUIRYH95,"FlexPoint, Inc.",,,121,85245000.0,29,24215000.0,42,32090000.0,19386000.0,2023-2025,0.2840635814417268,0.2274150976596868,835000.0,50352530000.0,41716817000.0,0.00048090930088319294,0.00046470467773224405,65.0,121.0
Bay Area,5493006RIR31ORKYB608,"LAND HOME FINANCIAL SERVICES, INC.",,,222,130530000.0,35,20765000.0,56,33440000.0,18900500.0,2023-2025,0.15908220332490616,0.14479813069792385,593285.7142857143,50352530000.0,41716817000.0,0.00041239238624156524,0.00045306668531302374,123.0,122.0
Bay Area,5493001WHVQBGRSWEU75,"HOMEBRIDGE FINANCIAL SERVICES, INC.",,,229,145615000.0,23,21375000.0,40,29080000.0,18724500.0,2023-2025,0.14679119596195447,0.1285890876626721,929347.8260869565,50352530000.0,41716817000.0,0.00042450697114921536,0.00044884776324138057,137.0,123.0
Bay Area,5493009BD405QQTMXO12,TOLL BROTHERS MORTGAGE COMPANY,,,86,59820000.0,25,18515000.0,25,18515000.0,18515000.0,2023-2025,0.3095118689401538,0.3095118689401538,740600.0,50352530000.0,41716817000.0,0.00036770744191006886,0.0004438258077072371,30.0,124.0
Bay Area,549300Q3ROEQU3D1IW91,CREDIT HUMAN FEDERAL CREDIT UNION,,,230,40960000.0,110,22530000.0,110,22530000.0,18393000.0,2023-2025,0.550048828125,0.4490478515625,204818.18181818182,50352530000.0,41716817000.0,0.0004474452425727168,0.00044090132763484807,5.0,125.0
Bay Area,549300NLJI4QKZ3D0G94,"5TH STREET CAPITAL, INC.",,,64,63760000.0,20,21970000.0,27,26795000.0,17560000.0,2023-2025,0.344573400250941,0.27540777917189463,1098500.0,50352530000.0,41716817000.0,0.0004363236564279888,0.0004209333612389459,41.0,126.0
Bay Area,5493000OM9RKJW8W5K82,ALAMEDA MORTGAGE CORPORATION,,,465,280885000.0,22,17580000.0,58,39000000.0,17422500.0,2023-2025,0.062587891841857,0.06202716414190861,799090.9090909091,50352530000.0,41716817000.0,0.0003491383650434248,0.0004176373283704747,169.0,127.0
Bay Area,549300AENO88GEUWCZ39,"Luminate Home Loans, Inc.",,,121,83645000.0,28,22340000.0,36,27290000.0,16990000.0,2023-2025,0.2670811166238269,0.20312032996592744,797857.1428571428,50352530000.0,41716817000.0,0.0004436718472736127,0.0004072698068023742,77.0,128.0
Bay Area,549300OPCWU6E72WUT29,"MUTUAL OF OMAHA MORTGAGE, INC.",,,190,119570000.0,28,18180000.0,47,30125000.0,16728000.0,2023-2025,0.15204482729781718,0.13990131303838754,649285.7142857143,50352530000.0,41716817000.0,0.0003610543501984905,0.0004009893659911781,127.0,129.0
Bay Area,5493000EUC3MM52PJV85,CAKE MORTGAGE CORP.,,,60,68730000.0,15,20635000.0,20,24470000.0,16626500.0,2023-2025,0.3002327949949076,0.24191037392696058,1375666.6666666667,50352530000.0,41716817000.0,0.00040981058945796766,0.00039855629445554295,60.0,130.0
Bay Area,549300DT7CCDCC7O6Z60,KEYPOINT Credit Union,,,96,61080000.0,32,21180000.0,35,22415000.0,16212000.0,2023-2025,0.3467583497053045,0.26542239685658153,661875.0,50352530000.0,41716817000.0,0.000420634275973819,0.00038862025355386053,45.0,131.0
Bay Area,549300CXZHD5OTAISA91,MK LENDING CORP.,,,94,59670000.0,29,21245000.0,33,23385000.0,16134500.0,2023-2025,0.35604156192391484,0.27039550863080275,732586.2068965518,50352530000.0,41716817000.0,0.0004219251743656178,0.00038676248957344946,44.0,132.0
Bay Area,984500F6E6940CCB6A60,984500F6E6940CCB6A60,,,74,79400000.0,20,20660000.0,23,22735000.0,15840500.0,2023-2025,0.26020151133501257,0.19950251889168766,1033000.0,50352530000.0,41716817000.0,0.0004103070888394287,0.0003797149720219546,83.0,133.0
Bay Area,549300KSOOZZVXCMA627,ANGEL OAK MORTGAGE SOLUTIONS LLC,,,97,97375000.0,18,19790000.0,25,22495000.0,15686000.0,2023-2025,0.20323491655969192,0.16108857509627728,1099444.4444444445,50352530000.0,41716817000.0,0.0003930289103645835,0.00037601142963519964,111.0,134.0
Bay Area,549300VRYDYOPWK5MO08,"Provident Savings Bank, F.S.B.",,,99,88935000.0,22,18260000.0,30,25430000.0,15161500.0,2023-2025,0.20531849103277675,0.17047843930960815,830000.0,50352530000.0,41716817000.0,0.00036264314821916595,0.0003634385624387402,101.0,135.0
Bay Area,549300YD7XJM19TH5O82,CITIZENS EQUITY FIRST,,,73,60125000.0,28,21240000.0,29,21765000.0,15025500.0,2023-2025,0.3532640332640333,0.2499043659043659,758571.4285714285,50352530000.0,41716817000.0,0.00042182587448932554,0.0003601784862924705,53.0,136.0
Bay Area,549300H3IZO24NSOO931,"LENNAR MORTGAGE, LLC",,,796,588180000.0,40,20960000.0,40,20960000.0,14672000.0,2023-2025,0.03563534972287395,0.024944744806011766,524000.0,50352530000.0,41716817000.0,0.0004162650814169616,0.0003517046854269826,173.0,137.0
Bay Area,549300RPOGWJRH63HS39,UNION HOME MORTGAGE CORP.,,,264,160270000.0,23,14535000.0,48,29810000.0,14430500.0,2023-2025,0.09069070942784052,0.09003868471953579,631956.5217391305,50352530000.0,41716817000.0,0.0002886647403814664,0.0003459156531525404,157.0,138.0
Bay Area,549300HRLROF7PLJ6735,CLEAREDGE LENDING LLC,,,121,144035000.0,15,18935000.0,20,22760000.0,14327000.0,2023-2025,0.13146110320408233,0.09946887909188738,1262333.3333333333,50352530000.0,41716817000.0,0.00037604863151861483,0.00034343463932063657,150.0,139.0
Bay Area,549300QKL5FUBZ8LSF50,"NATIONS DIRECT MORTGAGE, LLC",,,97,70545000.0,18,15980000.0,25,20915000.0,14142500.0,2023-2025,0.22652207810617336,0.20047487419377702,887777.7777777778,50352530000.0,41716817000.0,0.0003173624046299163,0.0003390119624898515,80.0,140.0
Bay Area,549300UR5AOWTJJ7KZ64,LENDSURE MORTGAGE CORP.,,,91,83575000.0,15,18575000.0,20,21650000.0,13735000.0,2023-2025,0.2222554591684116,0.16434340412802872,1238333.3333333333,50352530000.0,41716817000.0,0.00036889904042557544,0.00032924371962510945,107.0,141.0
Bay Area,549300AG10BX85DF5S49,MLD MORTGAGE INC.,,,377,215425000.0,11,9525000.0,55,34165000.0,13550500.0,2023-2025,0.04421492398746663,0.06290124173146107,865909.0909090909,50352530000.0,41716817000.0,0.0001891662643366679,0.0003248210427943244,167.0,142.0
Bay Area,5493008NWHQT1R22C024,"AMERICAN FINANCIAL NETWORK, INC.",,,217,158895000.0,14,13670000.0,38,29800000.0,13432000.0,2023-2025,0.08603165612511407,0.08453381163661537,976428.5714285715,50352530000.0,41716817000.0,0.0002714858617829134,0.00032198046174040554,159.0,143.0
Bay Area,5493000NYUJT9UC6G261,LEADERONE FINANCIAL CORPORATION,,,70,52410000.0,13,14345000.0,19,19885000.0,12570500.0,2023-2025,0.2737073077656936,0.239849265407365,1103461.5384615385,50352530000.0,41716817000.0,0.0002848913450823623,0.0003013293176226748,61.0,144.0
Bay Area,2549004Z576VEJBK3N72,"NP, INC.",,,79,68945000.0,10,15740000.0,14,17470000.0,12080000.0,2023-2025,0.22829791863079266,0.17521212560736818,1574000.0,50352530000.0,41716817000.0,0.00031259601056789004,0.00028957146946278285,96.0,145.0
Bay Area,549300R9S3MVDV4MGF56,"CARRINGTON MORTGAGE SERVICES, LLC",,,120,73150000.0,12,12910000.0,20,16400000.0,11653000.0,2023-2025,0.17648667122351333,0.1593028024606972,1075833.3333333333,50352530000.0,41716817000.0,0.00025639228058649683,0.00027933578920942125,114.0,146.0
Bay Area,5493002QI2ILHHZH8D20,"KBHS HOME LOANS, LLC",,,550,367150000.0,20,16290000.0,21,16995000.0,11614500.0,2023-2025,0.0443687865994825,0.031634209451177994,814500.0,50352530000.0,41716817000.0,0.0003235189969600336,0.0002784129000062493,172.0,147.0
Bay Area,5493006L4FQIQFVFNS72,5493006L4FQIQFVFNS72,,,118,70390000.0,23,13325000.0,34,20640000.0,11430000.0,2023-2025,0.1893024577354738,0.16238102003125443,579347.8260869565,50352530000.0,41716817000.0,0.0002646341703187506,0.0002739902231754642,110.0,148.0
Bay Area,549300YIQ7S7Z8PIHE53,AMERISAVE MORTGAGE CORPORATION,,,177,77785000.0,30,13760000.0,39,17875000.0,11224000.0,2023-2025,0.17689785948447645,0.14429517259111654,458666.6666666667,50352530000.0,41716817000.0,0.00027327325955617325,0.00026905216665979093,124.0,149.0
Bay Area,549300B4IYL7TZT8FA34,"PREMIER MORTGAGE RESOURCES, L.L.C.",,,144,88280000.0,17,9715000.0,41,22975000.0,11203500.0,2023-2025,0.11004757589487993,0.1269086995922066,571470.5882352941,50352530000.0,41716817000.0,0.00019293965963577202,0.00026856075812303705,141.0,150.0
Bay Area,549300UXY7OP0IC38293,Northpointe Bank,,,85,68705000.0,20,13630000.0,29,19335000.0,11191000.0,2023-2025,0.19838439705989375,0.1628847973218834,681500.0,50352530000.0,41716817000.0,0.00027069146277257567,0.0002682611187713578,109.0,151.0
Bay Area,549300JYXTZDSPJEPI44,"PLAZA HOME MORTGAGE, INC.",,,265,136165000.0,11,7155000.0,123,48135000.0,11036500.0,2023-2025,0.05254654279734146,0.08105239966217456,650454.5454545454,50352530000.0,41716817000.0,0.0001420981229741584,0.00026455757638460287,162.0,152.0
Bay Area,549300FX7K8PTEQUU487,PENTAGON FEDERAL CREDIT UNION,,,82,55000000.0,13,12045000.0,17,15325000.0,10997000.0,2023-2025,0.219,0.19994545454545454,926538.4615384615,50352530000.0,41716817000.0,0.0002392134019879438,0.00026361071603329657,82.0,153.0
Bay Area,549300TUQC6OYE8A0Y96,"PACIFIC RESIDENTIAL MORTGAGE, LLC",,,143,77405000.0,19,13845000.0,26,16860000.0,10790500.0,2023-2025,0.1788644144435114,0.13940313933208448,728684.2105263158,50352530000.0,41716817000.0,0.00027496135745314087,0.00025866067394355615,128.0,154.0
Bay Area,549300C04BJ0G297NC13,Ally Bank,,,68,52350000.0,11,10755000.0,22,16860000.0,10476500.0,2023-2025,0.20544412607449858,0.20012416427889207,977727.2727272727,50352530000.0,41716817000.0,0.00021359403390455256,0.00025113373342937453,81.0,155.0
Bay Area,70WY0ID1N53Q4254VH70,Comerica Bank,,,63,57395000.0,21,13315000.0,26,16580000.0,10195000.0,2023-2025,0.23198884920289223,0.17762871330255248,634047.619047619,50352530000.0,41716817000.0,0.0002644355705661662,0.00024438585522955884,94.0,156.0
Bay Area,549300NOCASXPA34X033,"LAKEVIEW LOAN SERVICING, LLC",,,167,103935000.0,15,12295000.0,23,17255000.0,10176500.0,2023-2025,0.11829508827632655,0.09791215663635926,819666.6666666666,50352530000.0,41716817000.0,0.00024417839580255453,0.00024394238898907365,152.0,157.0
Bay Area,IFQSIUC9AGQV2NE8CN25,Umpqua Bank,COLB,Columbia Banking System,164,122950000.0,12,11370000.0,22,16330000.0,9426000.0,2023-2025,0.09247661651077674,0.07666531110207402,947500.0,50352530000.0,41716817000.0,0.0002258079186884949,0.00022595204231425423,165.0,158.0
Bay Area,549300NJVKCDJA5YC939,"HOMEOWNERS FINANCIAL GROUP USA, LLC",,,285,170045000.0,11,7265000.0,31,21555000.0,9177000.0,2023-2025,0.04272398482754565,0.05396806727630921,660454.5454545454,50352530000.0,41716817000.0,0.00014428272025258712,0.00021998322642880448,171.0,159.0
Bay Area,5493001SDQVS1NWYH012,"PREMIER LENDING, INC.",,,150,101700000.0,13,10245000.0,16,11850000.0,8601000.0,2023-2025,0.10073746312684366,0.08457227138643068,788076.9230769231,50352530000.0,41716817000.0,0.00020346544652274673,0.00020617584510342676,158.0,160.0
Bay Area,5493003NV9L53LK1XI52,ROYAL PACIFIC FUNDING CORP.,,,101,73965000.0,10,8380000.0,19,15695000.0,8424000.0,2023-2025,0.11329682958155884,0.11389170553640235,838000.0,50352530000.0,41716817000.0,0.00016642659266575085,0.00020193295188364923,146.0,161.0
Bay Area,549300RA3E0BUFO7YZ21,"Hometown Equity Mortgage, LLC",,,107,69825000.0,14,8560000.0,25,16005000.0,8026000.0,2023-2025,0.12259219477264591,0.11494450411743645,611428.5714285715,50352530000.0,41716817000.0,0.00017000138821227057,0.00019239243492618336,144.0,162.0
Bay Area,2549005Q4HZ55QX7YC64,"Watermark Capital, Inc.",,,74,51330000.0,10,8130000.0,16,13320000.0,7762500.0,2023-2025,0.15838690824079485,0.1512273524254822,813000.0,50352530000.0,41716817000.0,0.00016146159885114015,0.00018607603739278575,120.0,163.0
Bay Area,549300BXWU32AYWT1A56,UIF CORPORATION,,,61,48795000.0,12,10690000.0,14,12040000.0,7749000.0,2023-2025,0.21907982375243365,0.1588072548416846,890833.3333333334,50352530000.0,41716817000.0,0.00021230313551275377,0.0001857524268929722,115.0,164.0
Bay Area,5493003V40VGM7YDFM54,FIRST COLONY MORTGAGE CORPORATION,,,117,68385000.0,12,8770000.0,22,14240000.0,7748500.0,2023-2025,0.1282444980624406,0.11330701177158733,730833.3333333334,50352530000.0,41716817000.0,0.00017417198301654356,0.00018574044131890502,147.0,165.0
Bay Area,549300JPGMCMBEJEK584,DIGITAL,,,62,57730000.0,10,9770000.0,13,12025000.0,7354500.0,2023-2025,0.16923609908193313,0.12739476875108263,977000.0,50352530000.0,41716817000.0,0.00019403195827498638,0.0001762958089539765,139.0,166.0
Bay Area,254900VHUBSJJKOMBF27,"GOLDEN EMPIRE MORTGAGE, INC.",,,141,88855000.0,10,8730000.0,17,13285000.0,7300000.0,2023-2025,0.09824995779640988,0.08215632209779979,873000.0,50352530000.0,41716817000.0,0.00017337758400620584,0.00017498938138065518,161.0,167.0
Bay Area,PAOOWF3GUFM46FBSP561,PHH Mortgage Corporation,,,90,47570000.0,13,8185000.0,17,9125000.0,7069000.0,2023-2025,0.17206222409081354,0.1486020601219256,629615.3846153846,50352530000.0,41716817000.0,0.0001625538974903545,0.0001694520461616235,122.0,168.0
Bay Area,254900LTD432L5CHIZ48,Home Mortgage Alliance Corporation (HMAC),,,71,48595000.0,12,8270000.0,14,9870000.0,6269000.0,2023-2025,0.1701821175018006,0.1290050416709538,689166.6666666666,50352530000.0,41716817000.0,0.00016424199538732216,0.00015027512765415443,136.0,169.0
Bay Area,5493001GDRY0EL7VG372,"ARK-LA-TEX FINANCIAL SERVICES, LLC.",,,119,74705000.0,12,8060000.0,15,9875000.0,6202500.0,2023-2025,0.10789103808312697,0.08302657117997457,671666.6666666666,50352530000.0,41716817000.0,0.00016007140058304915,0.00014868104630322109,160.0,170.0
Bay Area,254900YZ174H294JW398,"Tri Pointe Connect, LLC",,,86,65450000.0,11,8615000.0,11,8615000.0,6030500.0,2023-2025,0.13162719633307868,0.09213903743315507,783181.8181818182,50352530000.0,41716817000.0,0.00017109368685148493,0.00014455800882411522,156.0,171.0
Bay Area,549300K4ZLGS7SRDTL86,Equity Prime Mortgage LLC,,,170,96990000.0,11,7275000.0,15,8935000.0,5590500.0,2023-2025,0.07500773275595422,0.05763996288277142,661363.6363636364,50352530000.0,41716817000.0,0.00014448132000517155,0.00013401070364500725,170.0,172.0
Bay Area,549300GQDT484LGI9C04,NETWORK CAPITAL FUNDING CORPORATION,,,62,32000000.0,11,4335000.0,15,6995000.0,3930000.0,2023-2025,0.13546875,0.1228125,394090.9090909091,50352530000.0,41716817000.0,8.609299274534963e-05,9.420661216794177e-05,142.0,173.0
Seattle/Puget Sound,KB1H1DSPRFMYMCUFXT09,"Wells Fargo Bank, National Association",,,3082,3241510000.0,1227,1548505000.0,1589,1932175000.0,1535918500.0,2023-2025,0.4777110050562855,0.4738280924630805,1262025.2648736755,26492930000.0,24364863500.0,0.05844974489420385,0.06303825588844363,5.0,1.0
Seattle/Puget Sound,7H6GLXDRUGQFU57RNE97,"JPMorgan Chase Bank, National Association",,,3974,3447620000.0,1557,1556775000.0,1972,1922900000.0,1485489500.0,2023-2025,0.4515506349307638,0.4308739072171527,999855.4913294797,26492930000.0,24364863500.0,0.058761903647501425,0.060968513121364296,12.0,2.0
Seattle/Puget Sound,549300KM40FP4MSQU941,Boeing Employees Credit Union,,,7357,4746655000.0,1858,1514020000.0,2721,2091015000.0,1481352500.0,2023-2025,0.3189656716150637,0.3120834566657994,814865.4467168999,26492930000.0,24364863500.0,0.057148076864280396,0.06079871943464818,37.0,3.0
Seattle/Puget Sound,B4TYDEB6GKMZO031MB27,"Bank of America, National Association",,,3000,2854330000.0,1062,1233050000.0,1443,1607935000.0,1234185000.0,2023-2025,0.43199279690855646,0.4323904383865916,1161064.0301318266,26492930000.0,24364863500.0,0.04654260589523318,0.05065429568279749,10.0,4.0
Seattle/Puget Sound,6BYL5QZYBDK8S7L73M02,U.S. Bank National Association,,,3832,3550190000.0,1110,1220000000.0,1532,1638740000.0,1212867000.0,2023-2025,0.34364357963939957,0.3416343913987702,1099099.0990990992,26492930000.0,24364863500.0,0.046050021647284764,0.049779347214483675,29.0,5.0
Seattle/Puget Sound,549300DD4R4SYK5RAQ92,"MOVEMENT MORTGAGE, LLC",,,8658,5073360000.0,1887,1345035000.0,2693,1745895000.0,1146031000.0,2023-2025,0.26511720043521453,0.22589191384013751,712790.1430842608,26492930000.0,24364863500.0,0.05076958267734071,0.04703621672249467,69.0,6.0
Seattle/Puget Sound,549300HW662MN1WU8550,"UNITED WHOLESALE MORTGAGE, LLC",,,12692,7259890000.0,1628,1157640000.0,2828,1786500000.0,1047275000.0,2023-2025,0.15945696146911317,0.14425494050185333,711081.0810810811,26492930000.0,24364863500.0,0.043696186114559624,0.04298300296244221,107.0,7.0
Seattle/Puget Sound,549300VZVN841I2ILS84,"CROSSCOUNTRY MORTGAGE, LLC",,,7670,4603910000.0,1629,1176305000.0,2433,1599725000.0,1000419000.0,2023-2025,0.25550130215403866,0.21729768826931892,722102.5168815224,26492930000.0,24364863500.0,0.04440071369984369,0.04105990579425984,71.0,8.0
Seattle/Puget Sound,549300FGXN1K3HLB1R50,"ROCKET MORTGAGE, LLC",,,9769,5134965000.0,1563,1010315000.0,2520,1456460000.0,896324500.0,2023-2025,0.19675207133836356,0.1745531858542366,646394.7536788228,26492930000.0,24364863500.0,0.03813526854145616,0.03678758553274883,92.0,9.0
Seattle/Puget Sound,549300GKFNPRWNS0GF29,"CMG MORTGAGE, INC.",,,4674,2987390000.0,1237,940025000.0,1601,1143005000.0,790558500.0,2023-2025,0.31466430563133707,0.2646318358165489,759923.201293452,26492930000.0,24364863500.0,0.03548210786802366,0.03244666238331276,50.0,10.0
Seattle/Puget Sound,AD6GFRVSDT01YPT1CS68,"PNC Bank, National Association",,,1221,1331125000.0,586,707510000.0,714,833430000.0,691310500.0,2023-2025,0.5315128181049864,0.5193430369048737,1207354.9488054607,26492930000.0,24364863500.0,0.02670561542268069,0.028373255610481873,2.0,11.0
Seattle/Puget Sound,1IE8VN30JCEQV1H4R804,"HSBC BANK USA, NATIONAL ASSOCIATION",,,804,950450000.0,411,516225000.0,528,653770000.0,524587000.0,2023-2025,0.5431374612025882,0.5519353990215161,1256021.897810219,26492930000.0,24364863500.0,0.019485387233499653,0.021530471533320925,1.0,12.0
Seattle/Puget Sound,549300AQ3T62GXDU7D76,GUILD MORTGAGE COMPANY LLC,,,5574,3099630000.0,833,584385000.0,1342,852460000.0,517052000.0,2023-2025,0.1885337927430048,0.16681087742730583,701542.6170468187,26492930000.0,24364863500.0,0.02205814909864632,0.021221214721765216,94.0,13.0
Seattle/Puget Sound,549300G4ESSS6M0MEG51,"OriginPoint, LLC",,,1588,1265340000.0,653,576695000.0,766,665320000.0,500156000.0,2023-2025,0.4557628779616546,0.3952739975026475,883147.0137825421,26492930000.0,24364863500.0,0.02176788297859089,0.02052775711220381,15.0,14.0
Seattle/Puget Sound,549300CY7WNAHKHYSJ73,"CORNERSTONE CAPITAL BANK, SSB",,,2042,1364200000.0,745,574935000.0,873,646025000.0,476819000.0,2023-2025,0.42144480281483654,0.3495227972438059,771724.8322147651,26492930000.0,24364863500.0,0.021701450160476775,0.019569943414622454,27.0,15.0
Seattle/Puget Sound,549300MGPZBLQDIL7538,FAIRWAY INDEPENDENT MORTGAGE CORPORATION,,,4839,2694755000.0,704,503960000.0,1161,733555000.0,441953500.0,2023-2025,0.18701514608934763,0.16400507652829294,715852.2727272727,26492930000.0,24364863500.0,0.01902243353226691,0.018138968847496315,95.0,16.0
Seattle/Puget Sound,E57ODZWZ7FF32TWEFA76,"Citibank, National Association",,,664,797710000.0,303,385135000.0,382,477640000.0,376862000.0,2023-2025,0.4828007671960988,0.47242983038948994,1271072.6072607262,26492930000.0,24364863500.0,0.014537274661579523,0.015467437361182015,6.0,17.0
Seattle/Puget Sound,RVDPPPGHCGZ40J4VQ731,"PENNYMAC LOAN SERVICES, LLC",,,2796,1759680000.0,481,393535000.0,754,551860000.0,356301000.0,2023-2025,0.22364009365339152,0.20248056464811784,818160.0831600832,26492930000.0,24364863500.0,0.014854340384396893,0.014623558223504925,80.0,18.0
Seattle/Puget Sound,5493009HUMWCHFRDKF12,SAMMAMISH MORTGAGE COMPANY,,,1459,925145000.0,573,391525000.0,672,452240000.0,331971000.0,2023-2025,0.42320393019472624,0.3588313183338828,683289.7033158813,26492930000.0,24364863500.0,0.014778471086437024,0.013624989115986634,24.0,19.0
Seattle/Puget Sound,549300Q02LGIN9AXKP98,FIRST TECHNOLOGY FEDERAL CREDIT UNION,,,893,825205000.0,335,312345000.0,465,439835000.0,324745000.0,2023-2025,0.3785059470071073,0.3935325161626505,932373.1343283582,26492930000.0,24364863500.0,0.011789749189689476,0.01332841450148079,16.0,20.0
Seattle/Puget Sound,HUX2X73FUCYHUVH1BK78,KeyBank National Association,,,1271,921105000.0,312,286150000.0,466,410480000.0,295213500.0,2023-2025,0.31065947964672863,0.3204992916117055,917147.4358974359,26492930000.0,24364863500.0,0.010800994831451258,0.012116361743623148,35.0,21.0
Seattle/Puget Sound,549300GS0W0TEUQS8571,"Morgan Stanley Private Bank, National Association",,,555,656255000.0,254,324510000.0,289,355575000.0,286888500.0,2023-2025,0.494487661046392,0.43716009782782606,1277598.4251968504,26492930000.0,24364863500.0,0.012248928298983918,0.01177468119203705,9.0,22.0
Seattle/Puget Sound,549300DK7QID2ZON6Q55,Global Federal Credit Union,,,1058,807130000.0,285,268385000.0,401,369335000.0,275118000.0,2023-2025,0.3325176861224338,0.3408595889138057,941701.754385965,26492930000.0,24364863500.0,0.010130438573611903,0.011291587986938651,30.0,23.0
Seattle/Puget Sound,549300U3721PJGQZYY68,"GUARANTEED RATE, INC.",,,1861,1170335000.0,392,309530000.0,560,407870000.0,271069500.0,2023-2025,0.2644798284251945,0.2316170156408208,789617.3469387755,26492930000.0,24364863500.0,0.011683494426626273,0.011125426579960114,63.0,24.0
Seattle/Puget Sound,549300FNXYY540N23N64,NEWREZ LLC,,,3075,1739115000.0,441,314565000.0,676,435090000.0,268902000.0,2023-2025,0.18087648027876246,0.1546200222526975,713299.3197278911,26492930000.0,24364863500.0,0.011873545130719781,0.011036466508421031,102.0,25.0
Seattle/Puget Sound,549300AG64NHILB7ZP05,"LOANDEPOT.COM, LLC",,,2365,1405135000.0,360,275970000.0,591,400825000.0,255570500.0,2023-2025,0.19640105754963047,0.18188323541866083,766583.3333333334,26492930000.0,24364863500.0,0.010416741372132112,0.010489305634730932,88.0,26.0
Seattle/Puget Sound,5493003T5D4N1CM46J77,1st Security Bank of Washington,FSBW,FS Bancorp,1519,952965000.0,363,275115000.0,481,345605000.0,236767500.0,2023-2025,0.28869370858321136,0.2484535108844501,757892.561983471,26492930000.0,24364863500.0,0.010384468611059629,0.00971757957929869,58.0,27.0
Seattle/Puget Sound,549300MCIFZSDHUT8X63,"NFM, INC.",,,1764,1083830000.0,347,260365000.0,507,349525000.0,222786500.0,2023-2025,0.24022678833396383,0.20555483793583865,750331.4121037464,26492930000.0,24364863500.0,0.009827716300160081,0.00914376146617854,77.0,28.0
Seattle/Puget Sound,549300INFJ8TYNZ1G568,"Charles Schwab Bank, SSB",,,334,446410000.0,171,236965000.0,196,273930000.0,215240000.0,2023-2025,0.5308236822651823,0.48215765775856273,1385760.2339181288,26492930000.0,24364863500.0,0.008944461786597406,0.008834032663470492,4.0,29.0
Seattle/Puget Sound,549300KIOYNU323LVJ37,AMERICAN PACIFIC MORTGAGE CORPORATION,,,2866,1561890000.0,377,240565000.0,695,393045000.0,212317500.0,2023-2025,0.15402173008342457,0.13593626951962046,638103.448275862,26492930000.0,24364863500.0,0.00908034709637628,0.00871408534671249,112.0,30.0
Seattle/Puget Sound,54930060G4MDPWHISD89,EVERGREEN MONEYSOURCE MORTGAGE COMPANY,,,3261,1735965000.0,361,241855000.0,644,380320000.0,207478500.0,2023-2025,0.13932020518846866,0.11951767460749496,669958.4487534626,26492930000.0,24364863500.0,0.009129039332380375,0.00851547967834911,116.0,31.0
Seattle/Puget Sound,549300PL8ER6H23P0Z91,BAY EQUITY LLC,,,1954,1044350000.0,344,217080000.0,574,327750000.0,191280500.0,2023-2025,0.20786134916455212,0.18315746636663954,631046.5116279069,26492930000.0,24364863500.0,0.008193884179666046,0.007850669879599367,86.0,32.0
Seattle/Puget Sound,01KWVG908KE7RKPTNP46,HomeStreet Bank,HMST,"HomeStreet, Inc.",1083,627065000.0,286,194980000.0,459,283495000.0,163088000.0,2023-2025,0.3109406520855095,0.26008149075454695,681748.2517482517,26492930000.0,24364863500.0,0.007359699361301298,0.006693573308957795,55.0,33.0
Seattle/Puget Sound,3Y4U8VZURTYWI1W2K376,BMO Bank National Association,,,321,376195000.0,139,173255000.0,175,214205000.0,161406000.0,2023-2025,0.46054572761466794,0.42904876460346364,1246438.8489208634,26492930000.0,24364863500.0,0.006539669262705182,0.0066245394725892885,13.0,34.0
Seattle/Puget Sound,IFQSIUC9AGQV2NE8CN25,Umpqua Bank,COLB,Columbia Banking System,791,519165000.0,193,172865000.0,257,208735000.0,151937000.0,2023-2025,0.3329673610509183,0.29265647722785626,895673.5751295337,26492930000.0,24364863500.0,0.006524948354145804,0.006235906062022469,41.0,35.0
Seattle/Puget Sound,D38AC76TAMYI50NBPX33,WASHINGTON FEDERAL BANK,WAFD,"WaFd, Inc.",426,432620000.0,130,157830000.0,154,182340000.0,145163500.0,2023-2025,0.36482363274929497,0.33554505108409227,1214076.923076923,26492930000.0,24364863500.0,0.005957438456222094,0.005957903273293528,31.0,36.0
Seattle/Puget Sound,549300E2UX99HKDBR481,"NEW AMERICAN FUNDING, LLC",,,1968,1076170000.0,203,147355000.0,406,248640000.0,132693500.0,2023-2025,0.13692539282827063,0.12330161591570105,725886.6995073892,26492930000.0,24364863500.0,0.0055620499506849564,0.005446100693320116,115.0,37.0
Seattle/Puget Sound,593C3GZG957YOJPS2Z63,City National Bank,,,181,245245000.0,102,129900000.0,114,143150000.0,121242500.0,2023-2025,0.5296744072254276,0.4943729739648107,1273529.4117647058,26492930000.0,24364863500.0,0.004903194927854337,0.004976120633715022,3.0,38.0
Seattle/Puget Sound,54930043BMDE130FJ617,"PROVIDENT FUNDING ASSOCIATES, L.P.",,,935,499025000.0,210,116120000.0,296,159990000.0,105612000.0,2023-2025,0.2326937528179951,0.2116366915485196,552952.380952381,26492930000.0,24364863500.0,0.004383056158756317,0.004334602572265591,74.0,39.0
Seattle/Puget Sound,549300WTZMQSET2VY242,ACADEMY MORTGAGE CORPORATION,,,822,443800000.0,180,127420000.0,208,140950000.0,103934000.0,2023-2025,0.28711131140153223,0.23419107706173953,707888.8888888889,26492930000.0,24364863500.0,0.0048095850477844464,0.004265732906732681,61.0,40.0
Seattle/Puget Sound,254900VELJPWWT51WN03,General Mortgage Capital Corporation,,,449,263035000.0,169,97845000.0,221,129475000.0,96645000.0,2023-2025,0.3719847168627749,0.36742258634782443,578964.4970414201,26492930000.0,24364863500.0,0.0036932494820316212,0.0039665726015661856,23.0,41.0
Seattle/Puget Sound,5493003GQDUH26DNNH17,NAVY FEDERAL CREDIT UNION,,,1597,846535000.0,149,100635000.0,264,154020000.0,87287500.0,2023-2025,0.11887872326601971,0.10311150749821331,675402.6845637584,26492930000.0,24364863500.0,0.003798560597110248,0.003582515453041631,124.0,42.0
Seattle/Puget Sound,549300XY701IELCE5Q08,BETTER MORTGAGE CORPORATION,,,386,252530000.0,136,99650000.0,159,113185000.0,84593000.0,2023-2025,0.39460658139626975,0.33498198233873205,732720.5882352941,26492930000.0,24364863500.0,0.0037613808665179728,0.003471925873912653,32.0,43.0
Seattle/Puget Sound,549300UI36AJZ0WZ4U93,"Taylor Morrison Home Funding, Inc.",,,302,177790000.0,103,69865000.0,157,104625000.0,80177000.0,2023-2025,0.3929636087518983,0.4509646211822937,678300.9708737864,26492930000.0,24364863500.0,0.0026371186576947133,0.0032906812714136487,8.0,44.0
Seattle/Puget Sound,549300GWD9H4FQ2VR805,UBS Bank USA,,,157,193175000.0,71,88325000.0,87,100165000.0,75695000.0,2023-2025,0.45722790216125275,0.3918467710625081,1244014.0845070423,26492930000.0,24364863500.0,0.003333908329505268,0.003106727850127295,17.0,45.0
Seattle/Puget Sound,549300WJIJV987NXVC31,"SCENIC OAKS FUNDING, LLC",,,470,290690000.0,116,83660000.0,167,115515000.0,73989500.0,2023-2025,0.2877979978671437,0.25453059960782964,721206.8965517242,26492930000.0,24364863500.0,0.0031578236155834784,0.0030367295100996563,57.0,46.0
Seattle/Puget Sound,549300P2GEYNMH5OQA71,Washington Trust Bank,,,192,166130000.0,90,81300000.0,109,93755000.0,71583000.0,2023-2025,0.4893757900439415,0.4308854511527117,903333.3333333334,26492930000.0,24364863500.0,0.00306874324583955,0.002937960231133657,11.0,47.0
Seattle/Puget Sound,5493000FWM3I2HHQY149,WASHINGTON STATE EMPLOYEES CREDIT UNION,,,754,366330000.0,118,78580000.0,176,111580000.0,71195500.0,2023-2025,0.21450604646084132,0.1943479922474272,665932.2033898305,26492930000.0,24364863500.0,0.002966074345117735,0.0029220561814352047,81.0,48.0
Seattle/Puget Sound,254900DTLHVWQ7NP7R34,"THE LOAN STORE, INC.",,,713,407465000.0,111,72365000.0,191,112685000.0,64835500.0,2023-2025,0.17759807590836021,0.15911918815112955,651936.9369369369,26492930000.0,24364863500.0,0.0027314834561522642,0.002661024552836095,100.0,49.0
Seattle/Puget Sound,549300NWBS6MQJX15N44,NexBank,,,395,264945000.0,77,68645000.0,150,107110000.0,64026500.0,2023-2025,0.2590915095585876,0.24165958972616958,891493.5064935065,26492930000.0,24364863500.0,0.0025910686360474285,0.0026278210013366173,60.0,50.0
Seattle/Puget Sound,549300370QILXLFUWD20,"ZILLOW HOME LOANS, LLC",,,434,231200000.0,120,68300000.0,173,92685000.0,59444000.0,2023-2025,0.2954152249134948,0.25711072664359863,569166.6666666666,26492930000.0,24364863500.0,0.0025780462938602864,0.0024397427878058912,56.0,51.0
Seattle/Puget Sound,549300SVKVT1EF3U0N48,"ON Q FINANCIAL, LLC",,,248,161500000.0,88,70720000.0,102,78390000.0,57576000.0,2023-2025,0.4378947368421053,0.3565077399380805,803636.3636363636,26492930000.0,24364863500.0,0.0026693914187671955,0.0023630750075821273,26.0,52.0
Seattle/Puget Sound,549300MZ8VZJOVC63092,"KIND LENDING, LLC",,,587,352555000.0,91,66335000.0,136,90650000.0,57104500.0,2023-2025,0.18815503963920524,0.16197330912907207,728956.043956044,26492930000.0,24364863500.0,0.0025038755622726516,0.00234372337033614,99.0,53.0
Seattle/Puget Sound,213800XR2TCBQJSF1X93,NBKC BANK,,,677,389275000.0,101,65865000.0,151,91765000.0,56961000.0,2023-2025,0.16919915227024598,0.146325862179693,652128.7128712871,26492930000.0,24364863500.0,0.002486134980162632,0.0023378337416091,106.0,54.0
Seattle/Puget Sound,549300J7XKT2BI5WX213,"CALIBER HOME LOANS, INC.",,,520,286760000.0,105,65715000.0,140,82570000.0,55503000.0,2023-2025,0.22916376063607197,0.1935520993165016,625857.1428571428,26492930000.0,24364863500.0,0.002480473092255179,0.0022779934720340215,83.0,55.0
Seattle/Puget Sound,2WHM8VNJH63UN14OL754,The Huntington National Bank,,,143,156095000.0,51,62415000.0,59,69545000.0,54020500.0,2023-2025,0.39985265383260193,0.3460745059098626,1223823.5294117648,26492930000.0,24364863500.0,0.002355911558291212,0.0022171476560909112,28.0,56.0
Seattle/Puget Sound,8WH0EE09O9V05QJZ3V89,"Zions Bancorporation, N.A.",,,171,176625000.0,36,47910000.0,66,79510000.0,53225500.0,2023-2025,0.27125265392781317,0.3013474876150035,1330833.3333333333,26492930000.0,24364863500.0,0.0018084069976405026,0.0021845187025160227,40.0,57.0
Seattle/Puget Sound,F28JOQ8OBWCFUYM0UX93,East West Bank,EWBC,East West Bancorp,286,180810000.0,59,51205000.0,87,65105000.0,50729000.0,2023-2025,0.28319783197831977,0.28056523422377083,867881.3559322034,26492930000.0,24364863500.0,0.0019327798020075545,0.0020820555797490922,46.0,58.0
Seattle/Puget Sound,5493001SXWZ4OFP8Z903,"DHI MORTGAGE COMPANY, LTD.",,,1984,1297850000.0,28,35350000.0,115,99715000.0,49803000.0,2023-2025,0.027237354085603113,0.03837346380552452,1262500.0,26492930000.0,24364863500.0,0.0013343182501897677,0.0020440500313084046,146.0,59.0
Seattle/Puget Sound,549300LYRWPSYPK6S325,FREEDOM MORTGAGE CORPORATION,,,1669,829745000.0,85,54625000.0,227,119195000.0,49424000.0,2023-2025,0.0658334789604035,0.05956528813069076,642647.0588235294,26492930000.0,24364863500.0,0.002061870846297484,0.002028494844635596,140.0,60.0
Seattle/Puget Sound,549300XHPPLC0TBRV021,"PRIORITY HOME LENDING, LLC",,,545,301915000.0,91,54705000.0,141,81135000.0,49137000.0,2023-2025,0.18119338224334663,0.16275110544358512,601153.8461538461,26492930000.0,24364863500.0,0.0020648905198481257,0.0020167155871815166,98.0,61.0
Seattle/Puget Sound,254900ZFWS2106HWPH46,"Paramount Residential Mortgage Group, Inc.",,,810,439860000.0,74,54890000.0,155,93935000.0,47888000.0,2023-2025,0.12478970581548675,0.10887100441049424,741756.7567567568,26492930000.0,24364863500.0,0.0020718735149339845,0.001965453243766377,121.0,62.0
Seattle/Puget Sound,5493001WHVQBGRSWEU75,"HOMEBRIDGE FINANCIAL SERVICES, INC.",,,391,228155000.0,81,56685000.0,115,72015000.0,47553500.0,2023-2025,0.24844951896736867,0.208426289145537,699814.8148148148,26492930000.0,24364863500.0,0.0021396274402265057,0.0019517244576395842,75.0,63.0
Seattle/Puget Sound,549300LROQOOQU77WS20,LENOX FINANCIAL MORTGAGE CORPORATION,,,281,178405000.0,85,53605000.0,106,66030000.0,46519500.0,2023-2025,0.3004680362097475,0.26075222107003726,630647.0588235294,26492930000.0,24364863500.0,0.002023370008526803,0.0019092862966377793,54.0,64.0
Seattle/Puget Sound,549300OPCWU6E72WUT29,"MUTUAL OF OMAHA MORTGAGE, INC.",,,551,294375000.0,74,49660000.0,145,84625000.0,44217000.0,2023-2025,0.1686963906581741,0.15020636942675158,671081.0810810811,26492930000.0,24364863500.0,0.0018744623565607882,0.0018147854593972997,104.0,65.0
Seattle/Puget Sound,549300O6Z0I6KYMESL47,AMWEST FUNDING CORP.,,,188,133570000.0,49,46265000.0,64,54670000.0,44127000.0,2023-2025,0.34637268847795166,0.33036610017219437,944183.6734693878,26492930000.0,24364863500.0,0.001746314960255434,0.001811091615596369,34.0,66.0
Seattle/Puget Sound,549300ZBXINP1Y94CN02,"DIRECTORS MORTGAGE, INC.",,,393,238955000.0,63,49715000.0,90,64170000.0,43609500.0,2023-2025,0.20805172522022974,0.18250088928877822,789126.9841269841,26492930000.0,24364863500.0,0.0018765383821268543,0.0017898520137410168,87.0,67.0
Seattle/Puget Sound,549300KHXD7JSQUZIJ22,"HIGHLANDS RESIDENTIAL MORTGAGE, LTD.",,,319,189105000.0,80,49050000.0,111,67515000.0,43603500.0,2023-2025,0.2593797096850956,0.23057825017847228,613125.0,26492930000.0,24364863500.0,0.0018514373457371458,0.0017896057574876216,65.0,68.0
Seattle/Puget Sound,FT6J43S06X6CLJ0R0B48,Cathay Bank,,,132,108850000.0,44,43790000.0,48,47360000.0,42501000.0,2023-2025,0.4022967386311438,0.3904547542489665,995227.2727272727,26492930000.0,24364863500.0,0.0016528938097824589,0.0017443561709262192,18.0,69.0
Seattle/Puget Sound,L9VVX1KT5TFTKS0MLF66,First-Citizens Bank & Trust Company,,,89,106925000.0,27,45595000.0,30,48530000.0,41117000.0,2023-2025,0.42642038812251576,0.38454056581716156,1688703.7037037036,26492930000.0,24364863500.0,0.0017210251942688106,0.0016875530618096835,20.0,70.0
Seattle/Puget Sound,549300DD5QQUHO6PCH70,"Mortgage Research Center, LLC",,,2030,1042310000.0,73,46305000.0,249,130505000.0,40686500.0,2023-2025,0.04442536289587551,0.039034932025980754,634315.0684931506,26492930000.0,24364863500.0,0.001747824797030755,0.0016698841756285644,145.0,71.0
Seattle/Puget Sound,5493008GYZEYGLI3NQ97,PENRITH HOME LOANS LLC,,,240,135130000.0,70,43620000.0,95,57585000.0,38442000.0,2023-2025,0.3228002664101236,0.28448161030119146,623142.8571428572,26492930000.0,24364863500.0,0.0016464770034873455,0.0015777638155042403,44.0,72.0
Seattle/Puget Sound,5493007L4GYNO2PUBS09,"MEMBER FIRST MORTGAGE, LLC",,,177,118185000.0,61,43565000.0,75,51695000.0,36788000.0,2023-2025,0.36861699877310994,0.31127469645048017,714180.3278688524,26492930000.0,24364863500.0,0.0016444009779212794,0.0015098791749849122,38.0,73.0
Seattle/Puget Sound,549300VORTI31GZTJL53,"CARDINAL FINANCIAL COMPANY, LIMITED PARTNERSHIP",,,289,161525000.0,65,44855000.0,98,60340000.0,36580500.0,2023-2025,0.2776969509363876,0.2264695867512769,690076.9230769231,26492930000.0,24364863500.0,0.0016930932139253756,0.0015013628128883218,68.0,74.0
Seattle/Puget Sound,5493005PKOSG7MYX0B34,"Prosperity Home Mortgage, LLC",,,311,171505000.0,69,42425000.0,99,57245000.0,36434000.0,2023-2025,0.24736888137372087,0.21243695519081077,614855.0724637681,26492930000.0,24364863500.0,0.0016013706298246362,0.0014953500560345844,73.0,75.0
Seattle/Puget Sound,54930054ET8KM4O1D485,"SOFI BANK, NATIONAL ASSOCIATION",,,194,118140000.0,56,40870000.0,70,49450000.0,35831500.0,2023-2025,0.34594548840358896,0.30329693583883527,729821.4285714285,26492930000.0,24364863500.0,0.0015426757251840396,0.0014706218239227977,39.0,76.0
Seattle/Puget Sound,WE0I402RW25AU38DTI13,Banner Bank,,,603,332235000.0,65,35395000.0,127,65495000.0,34574500.0,2023-2025,0.10653603623940885,0.10406639878399326,544538.4615384615,26492930000.0,24364863500.0,0.0013360168165620035,0.0014190311388364643,123.0,77.0
Seattle/Puget Sound,254900YZ174H294JW398,"Tri Pointe Connect, LLC",,,172,128990000.0,35,27745000.0,54,42570000.0,33675000.0,2023-2025,0.21509419334832158,0.2610667493604155,792714.2857142857,26492930000.0,24364863500.0,0.0010472605332818982,0.001382113222181606,52.0,78.0
Seattle/Puget Sound,549300AENO88GEUWCZ39,"Luminate Home Loans, Inc.",,,393,231595000.0,54,39350000.0,85,53275000.0,33329000.0,2023-2025,0.16990867678490468,0.14391070618968457,728703.7037037037,26492930000.0,24364863500.0,0.0014853019277218488,0.001367912444902472,108.0,79.0
Seattle/Puget Sound,549300DCGBXW5FJMV921,"NMSI, INC.",,,186,111700000.0,56,34250000.0,71,43265000.0,32152500.0,2023-2025,0.30662488809310656,0.2878469113697404,611607.1428571428,26492930000.0,24364863500.0,0.0012927977388684452,0.0013196256978825266,42.0,80.0
Seattle/Puget Sound,54930001NSTOD85LT125,"GUARANTEED RATE AFFINITY, LLC",,,185,112345000.0,52,36670000.0,74,48930000.0,31904000.0,2023-2025,0.32640526948239795,0.28398237571765544,705192.3076923077,26492930000.0,24364863500.0,0.0013841428637753545,0.0013094265847210676,45.0,81.0
Seattle/Puget Sound,549300LBCBNR1OT00651,NATIONSTAR MORTGAGE LLC,,,760,334000000.0,62,34220000.0,129,61635000.0,31200000.0,2023-2025,0.10245508982035928,0.09341317365269461,551935.4838709678,26492930000.0,24364863500.0,0.0012916653612869546,0.001280532517656009,128.0,82.0
Seattle/Puget Sound,CKVBED0S4DMLKJJ5XH28,Stifel Bank and Trust,,,66,66800000.0,25,34525000.0,30,37880000.0,30468500.0,2023-2025,0.5168413173652695,0.45611526946107783,1381000.0,26492930000.0,24364863500.0,0.0013031778666987759,0.0012505097760962215,7.0,83.0
Seattle/Puget Sound,54930004MLYQ2HKUPN66,"TRISTAR FINANCE, INC.",,,117,90885000.0,46,36340000.0,50,38520000.0,30332500.0,2023-2025,0.3998459591791825,0.33374594267480884,790000.0,26492930000.0,24364863500.0,0.0013716867103789577,0.001244927967685926,33.0,84.0
Seattle/Puget Sound,5493009BD405QQTMXO12,TOLL BROTHERS MORTGAGE COMPANY,,,188,131490000.0,36,29470000.0,44,37730000.0,30120000.0,2023-2025,0.22412350749106397,0.22906684919005246,818611.1111111111,26492930000.0,24364863500.0,0.0011123722442176083,0.0012362063920448394,66.0,85.0
Seattle/Puget Sound,549300323EON4W3CCM44,"RESICENTRAL, LLC",,,303,167085000.0,53,32075000.0,96,54100000.0,29383000.0,2023-2025,0.1919681599186043,0.17585659993416525,605188.679245283,26492930000.0,24364863500.0,0.0012107003642103762,0.0012059579155861062,90.0,86.0
Seattle/Puget Sound,549300EKFFG3BU8DNX74,NEXERA HOLDING LLC,,,131,115435000.0,25,29705000.0,31,34185000.0,26988500.0,2023-2025,0.2573309654784078,0.23379824143457356,1188200.0,26492930000.0,24364863500.0,0.001121242535272618,0.0011076811491268974,62.0,87.0
Seattle/Puget Sound,254900E6AIE4Z8YQM970,Citadel Servicing Corporation,,,124,85460000.0,36,29640000.0,44,33120000.0,26789000.0,2023-2025,0.346828925813246,0.31346828925813247,823333.3333333334,26492930000.0,24364863500.0,0.0011187890505127216,0.0010994931287015008,36.0,88.0
Seattle/Puget Sound,549300T94GSH3C4U5M59,ALLIANT CREDIT UNION,,,78,66140000.0,26,25800000.0,33,34855000.0,24333000.0,2023-2025,0.39008164499546416,0.3679014212276988,992307.6923076923,26492930000.0,24364863500.0,0.0009738447200819237,0.0009986922356449894,22.0,89.0
Seattle/Puget Sound,549300GTVXJ2PGXNLM73,T2 FINANCIAL LLC,,,508,257460000.0,40,27130000.0,96,52270000.0,23770000.0,2023-2025,0.10537559232502136,0.09232502136254175,678250.0,26492930000.0,24364863500.0,0.0010240467928613408,0.0009755851905347223,129.0,90.0
Seattle/Puget Sound,54930021QRU8VXNS6152,Sound Credit Union,,,369,158715000.0,46,26440000.0,105,45125000.0,23316000.0,2023-2025,0.16658790914532337,0.14690482941120878,574782.6086956522,26492930000.0,24364863500.0,0.0009980021084870568,0.0009569518006944714,105.0,91.0
Seattle/Puget Sound,5493004WMLN60ZJ2ON46,PULTE MORTGAGE LLC,,,424,235040000.0,32,18220000.0,60,39500000.0,23088000.0,2023-2025,0.07751872021783526,0.09823008849557523,569375.0,26492930000.0,24364863500.0,0.0006877306511586298,0.0009475940630654467,127.0,92.0
Seattle/Puget Sound,5493004AS1SPBQOFDR49,"Commerce Home Mortgage, Inc.",,,116,83390000.0,25,24125000.0,32,30640000.0,22972000.0,2023-2025,0.2893032737738338,0.2754766758604149,965000.0,26492930000.0,24364863500.0,0.0009106203051153647,0.0009428331088331359,48.0,93.0
Seattle/Puget Sound,5493008NWHQT1R22C024,"AMERICAN FINANCIAL NETWORK, INC.",,,237,140935000.0,26,25390000.0,44,34520000.0,22945500.0,2023-2025,0.18015397168907651,0.16280909639195373,976538.4615384615,26492930000.0,24364863500.0,0.0009583688931348854,0.0009417454770473063,97.0,94.0
Seattle/Puget Sound,549300UR5AOWTJJ7KZ64,LENDSURE MORTGAGE CORP.,,,111,82395000.0,25,24735000.0,30,28530000.0,22101000.0,2023-2025,0.3002002548698343,0.2682322956490078,989400.0,26492930000.0,24364863500.0,0.0009336453159390071,0.0009070849093819057,49.0,95.0
Seattle/Puget Sound,C5654JQHZUHN0772B561,USAA Federal Savings Bank,,,424,222420000.0,46,25930000.0,82,44680000.0,22071500.0,2023-2025,0.11658124269400234,0.09923343224530168,563695.6521739131,26492930000.0,24364863500.0,0.0009787516896017164,0.0009058741494693783,126.0,96.0
Seattle/Puget Sound,549300RD5IG88VPO6P22,"GUIDANCE RESIDENTIAL, LLC",,,199,122175000.0,33,22255000.0,47,30735000.0,22049500.0,2023-2025,0.18215674237773685,0.18047472887251892,674393.9393939395,26492930000.0,24364863500.0,0.0008400354358691168,0.0009049712098735952,89.0,97.0
Seattle/Puget Sound,549300KX6E1IE2LM5E30,"FLYHOMES MORTGAGE, LLC",,,68,61030000.0,21,22295000.0,27,28835000.0,21878500.0,2023-2025,0.3653121415697198,0.3584876290349009,1061666.6666666667,26492930000.0,24364863500.0,0.0008415452726444376,0.0008979529066518267,25.0,98.0
Seattle/Puget Sound,254900HEJ9F73IMPX887,"Tomo Mortgage, LLC",,,82,53490000.0,34,24680000.0,38,26990000.0,20523000.0,2023-2025,0.46139465320620676,0.38367919237240605,725882.3529411765,26492930000.0,24364863500.0,0.000931569290372941,0.000842319514738919,21.0,99.0
Seattle/Puget Sound,549300J6N77Q8OHYNF23,"ENVOY MORTGAGE, LTD",,,234,126790000.0,31,21175000.0,79,43595000.0,19254500.0,2023-2025,0.16700843915135263,0.15186134553198202,683064.5161290322,26492930000.0,24364863500.0,0.0007992698429354549,0.0007902568385002444,103.0,100.0
Seattle/Puget Sound,SS1TRMSN6BRNMOREEV51,"Flagstar Bank, N.A.",,,195,117815000.0,27,21635000.0,40,27850000.0,19240500.0,2023-2025,0.18363536052285362,0.16331112337138734,801296.2962962963,26492930000.0,24364863500.0,0.0008166329658516442,0.0007896822405756552,96.0,101.0
Seattle/Puget Sound,5493001VH4ZJNSI25781,Peoples Bank,,,110,78780000.0,22,19320000.0,32,26550000.0,18240500.0,2023-2025,0.24523990860624523,0.23153719218075652,878181.8181818182,26492930000.0,24364863500.0,0.0007292511624799522,0.0007486395316764241,64.0,102.0
Seattle/Puget Sound,5493000NYUJT9UC6G261,LEADERONE FINANCIAL CORPORATION,,,248,127210000.0,32,21620000.0,47,27955000.0,18210000.0,2023-2025,0.1699551922018709,0.14314912349658046,675625.0,26492930000.0,24364863500.0,0.0008160667770608989,0.0007473877290549975,109.0,103.0
Seattle/Puget Sound,549300TF1E42EUFBSL45,Mechanics Bank,,,69,47065000.0,29,20255000.0,36,24340000.0,18154500.0,2023-2025,0.43036226495272495,0.38573249760968875,698448.275862069,26492930000.0,24364863500.0,0.0007645435971030762,0.0007451098587110903,19.0,104.0
Seattle/Puget Sound,549300UXY7OP0IC38293,Northpointe Bank,,,111,68315000.0,30,20000000.0,44,27290000.0,17825500.0,2023-2025,0.29276147259020713,0.26093098148283683,666666.6666666666,26492930000.0,24364863500.0,0.000754918387660406,0.0007316068074832432,53.0,105.0
Seattle/Puget Sound,254900TG14TB8RKS3U42,"Filo Mortgage, L.L.C.",,,105,60875000.0,31,20415000.0,42,26330000.0,17415000.0,2023-2025,0.3353593429158111,0.28607802874743327,658548.3870967742,26492930000.0,24364863500.0,0.0007705829442043595,0.0007147587754801089,43.0,106.0
Seattle/Puget Sound,549300RN01LBYR8ZVX74,"LOWER, LLC",,,155,86835000.0,27,19925000.0,38,25400000.0,16853000.0,2023-2025,0.2294581677894858,0.19408072781712443,737962.9629629629,26492930000.0,24364863500.0,0.0007520874437066795,0.000691692773078741,82.0,107.0
Seattle/Puget Sound,54930021WPEXNHYZUL09,"PLANET HOME LENDING, LLC",,,359,179855000.0,28,18910000.0,64,35570000.0,16337000.0,2023-2025,0.1051402518695616,0.09083428317255567,675357.1428571428,26492930000.0,24364863500.0,0.0007137753355329139,0.0006705147352867378,130.0,108.0
Seattle/Puget Sound,549300U8DCOOTG96YM89,Sound Community Bank,,,318,61170000.0,21,18575000.0,38,21520000.0,16039500.0,2023-2025,0.3036619257806114,0.2622118685630211,884523.8095238095,26492930000.0,24364863500.0,0.000701130452539602,0.0006583045293892166,51.0,109.0
Seattle/Puget Sound,2549001SI0EMFPT39035,"Cornerstone First Mortgage, Inc",,,608,306500000.0,29,18635000.0,90,46680000.0,15685000.0,2023-2025,0.060799347471451874,0.05117455138662316,642586.2068965518,26492930000.0,24364863500.0,0.0007033952077025833,0.0006437548890844392,142.0,110.0
Seattle/Puget Sound,549300WKFR15017V9850,MEGASTAR FINANCIAL CORP.,,,64,37950000.0,24,17640000.0,33,22105000.0,15668500.0,2023-2025,0.46482213438735176,0.41287220026350463,735000.0,26492930000.0,24364863500.0,0.0006658380179164781,0.0006430776843876019,14.0,111.0
Seattle/Puget Sound,5493006TY8FGNLX44X28,"AXIA FINANCIAL, LLC",,,177,88845000.0,32,17640000.0,46,23920000.0,15300000.0,2023-2025,0.19854803309133884,0.17221002870167146,551250.0,26492930000.0,24364863500.0,0.0006658380179164781,0.0006279534461582352,93.0,112.0
Seattle/Puget Sound,549300121SF0K2LN2804,"PRIMELENDING, A PLAINSCAPITAL COMPANY",,,450,237370000.0,26,16250000.0,61,33815000.0,15188500.0,2023-2025,0.06845852466613304,0.06398660319332687,625000.0,26492930000.0,24364863500.0,0.0006133711899740799,0.0006233771841159709,138.0,113.0
Seattle/Puget Sound,549300LLESTPOVRG3X73,Farmers Bank & Trust,,,91,64755000.0,25,17705000.0,31,21475000.0,14830000.0,2023-2025,0.2734151802949579,0.2290170643193576,708200.0,26492930000.0,24364863500.0,0.0006682915026763744,0.0006086633729755967,67.0,114.0
Seattle/Puget Sound,549300NFPC3Y4W3Y7R87,CALCON MUTUAL MORTGAGE LLC,,,136,75230000.0,25,16115000.0,35,20205000.0,14290500.0,2023-2025,0.214209756745979,0.18995746377774825,644600.0,26492930000.0,24364863500.0,0.0006082754908573721,0.0005865208315244615,85.0,115.0
Seattle/Puget Sound,Q708HHR4LD2B7XIZNO92,First Federal Bank,,,101,65685000.0,21,16175000.0,29,20845000.0,13633000.0,2023-2025,0.2462510466620994,0.20755119129177133,770238.0952380953,26492930000.0,24364863500.0,0.0006105402460203533,0.000559535250423217,76.0,116.0
Seattle/Puget Sound,2549005SIVTHG14U2905,A&D Mortgage LLC,,,103,65365000.0,15,15255000.0,26,22330000.0,13315000.0,2023-2025,0.23338177923965425,0.20370228715673525,1017000.0,26492930000.0,24364863500.0,0.0005758140001879746,0.0005464836689932616,78.0,117.0
Seattle/Puget Sound,5493009B17HXCVXTD608,"JMAC LENDING, INC.",,,84,53080000.0,16,15420000.0,26,20120000.0,12999500.0,2023-2025,0.2905048982667671,0.2449039186134137,963750.0,26492930000.0,24364863500.0,0.0005820420768861731,0.0005335346943355541,59.0,118.0
Seattle/Puget Sound,549300HIVO8XPBPNVG69,NOVA FINANCIAL & INVESTMENT CORPORATION,,,569,276735000.0,22,14020000.0,115,56485000.0,12176000.0,2023-2025,0.05066218584566463,0.043998771387789765,637272.7272727273,26492930000.0,24364863500.0,0.0005291977897499446,0.0004997360235570374,144.0,119.0
Seattle/Puget Sound,549300BLL6VL7AXWYP56,CHURCHILL MORTGAGE CORPORATION,,,291,140525000.0,26,13080000.0,58,27150000.0,12064000.0,2023-2025,0.09307952321650952,0.08584949297278065,503076.92307692306,26492930000.0,24364863500.0,0.0004937166255299055,0.0004951392401603235,131.0,120.0
Seattle/Puget Sound,549300J7I82PNDVU8H22,"OCMBC, INC.",,,109,68575000.0,20,13030000.0,32,19550000.0,12011500.0,2023-2025,0.19001093693036822,0.17515858549033905,651500.0,26492930000.0,24364863500.0,0.0004918293295607545,0.0004929844979431138,91.0,121.0
Seattle/Puget Sound,549300R77W0P105C3S50,HOMEXPRESS MORTGAGE CORP.,,,85,61935000.0,15,13165000.0,23,17725000.0,11950000.0,2023-2025,0.21256155647049327,0.19294421571001857,877666.6666666666,26492930000.0,24364863500.0,0.0004969250286774623,0.0004904603713458112,84.0,122.0
Seattle/Puget Sound,549300UB5TJ0YPVPT503,MASON MCDUFFIE MORTGAGE CORPORATION,,,367,189565000.0,22,12830000.0,52,27080000.0,10679000.0,2023-2025,0.06768127027668609,0.0563342389154116,583181.8181818182,26492930000.0,24364863500.0,0.00048428014568415047,0.00043829508833488845,141.0,123.0
Seattle/Puget Sound,2549004FXPNKCLIN8250,"Synergy One Lending, Inc.",,,200,106940000.0,17,12325000.0,49,26655000.0,10642500.0,2023-2025,0.11525154292126426,0.09951842154479147,725000.0,26492930000.0,24364863500.0,0.0004652184563957252,0.00043679702946006655,125.0,124.0
Seattle/Puget Sound,5493007QERYQSQ3QNH02,Seattle Metropolitan Credit Union,,,140,66900000.0,18,12080000.0,33,18415000.0,10577000.0,2023-2025,0.18056801195814648,0.158101644245142,671111.1111111111,26492930000.0,24364863500.0,0.0004559707061468852,0.0004341087320271669,101.0,125.0
Seattle/Puget Sound,549300C04BJ0G297NC13,Ally Bank,,,71,37635000.0,23,12285000.0,31,15925000.0,10503500.0,2023-2025,0.32642487046632124,0.27908861432177495,534130.4347826086,26492930000.0,24364863500.0,0.00046370861962040437,0.0004310920929230734,47.0,126.0
Seattle/Puget Sound,549300B4IYL7TZT8FA34,"PREMIER MORTGAGE RESOURCES, L.L.C.",,,627,314675000.0,20,10990000.0,95,45755000.0,10264500.0,2023-2025,0.03492492253912767,0.03261936919043457,549500.0,26492930000.0,24364863500.0,0.0004148276540193931,0.0004212828854961572,150.0,127.0
Seattle/Puget Sound,549300ZWNETGFXTBBY03,"CANOPY MORTGAGE, LLC",,,537,286475000.0,12,9890000.0,83,47115000.0,10139000.0,2023-2025,0.03452308229339384,0.03539226808622044,824166.6666666666,26492930000.0,24364863500.0,0.0003733071426980708,0.0004161320255293037,149.0,128.0
Seattle/Puget Sound,549300JYXTZDSPJEPI44,"PLAZA HOME MORTGAGE, INC.",,,169,94635000.0,16,11330000.0,33,19635000.0,9976000.0,2023-2025,0.11972314682728377,0.10541554393194907,708125.0,26492930000.0,24364863500.0,0.00042766126660962,0.00040944206397872904,122.0,129.0
Seattle/Puget Sound,5493001XKL0FTNOJ0866,"GENEVA FINANCIAL, LLC",,,157,87345000.0,18,10880000.0,47,25445000.0,9798000.0,2023-2025,0.12456351250787108,0.11217585437059935,604444.4444444445,26492930000.0,24364863500.0,0.0004106756028872609,0.0004021364617946659,119.0,130.0
Seattle/Puget Sound,549300BXWU32AYWT1A56,UIF CORPORATION,,,61,42005000.0,11,7275000.0,18,13380000.0,9264500.0,2023-2025,0.17319366742054518,0.2205570765385073,661363.6363636364,26492930000.0,24364863500.0,0.0002746015635114727,0.00038024017659692616,70.0,131.0
Seattle/Puget Sound,549300QKL5FUBZ8LSF50,"NATIONS DIRECT MORTGAGE, LLC",,,229,122105000.0,20,10940000.0,41,20095000.0,9254000.0,2023-2025,0.08959502067892387,0.07578723230006962,547000.0,26492930000.0,24364863500.0,0.00041294035805024206,0.0003798092281534842,134.0,132.0
Seattle/Puget Sound,549300KJ8PAJ7E52HG32,Plains Commerce Bank,,,195,107075000.0,13,9795000.0,40,24130000.0,9050500.0,2023-2025,0.0914779360261499,0.08452486574830727,753461.5384615385,26492930000.0,24364863500.0,0.0003697212803566838,0.0003714570368924907,132.0,133.0
Seattle/Puget Sound,549300XWUSRVVOHPRY47,"EVERETT FINANCIAL, INC.",,,108,65780000.0,14,9550000.0,21,14215000.0,9018500.0,2023-2025,0.14518090605047126,0.13710094253572513,682142.8571428572,26492930000.0,24364863500.0,0.00036047353010784384,0.0003701436702077153,111.0,134.0
Seattle/Puget Sound,549300NOCASXPA34X033,"LAKEVIEW LOAN SERVICING, LLC",,,345,165215000.0,17,8935000.0,52,24830000.0,8093500.0,2023-2025,0.05408104590987501,0.04898768271646037,525588.2352941176,26492930000.0,24364863500.0,0.0003372597896872864,0.0003321791644759266,143.0,135.0
Seattle/Puget Sound,549300YIQ7S7Z8PIHE53,AMERISAVE MORTGAGE CORPORATION,,,275,108075000.0,13,7905000.0,45,19105000.0,7512500.0,2023-2025,0.07314365024288688,0.0695119130233634,608076.9230769231,26492930000.0,24364863500.0,0.00029838149272277546,0.00030833335060547336,137.0,136.0
Seattle/Puget Sound,549300FX7K8PTEQUU487,PENTAGON FEDERAL CREDIT UNION,,,106,59190000.0,11,6385000.0,26,15470000.0,7354000.0,2023-2025,0.10787295151207975,0.12424396012840007,580454.5454545454,26492930000.0,24364863500.0,0.00024100769526058462,0.0003018280812449452,114.0,137.0
Seattle/Puget Sound,5493002Y5XYV7DV1ZV88,"GOLD STAR MORTGAGE FINANCIAL GROUP, CORPORATION",,,176,97860000.0,16,8450000.0,27,13315000.0,7188000.0,2023-2025,0.08634784385857347,0.07345187001839362,528125.0,26492930000.0,24364863500.0,0.0003189530187865215,0.0002950149915676728,136.0,138.0
Seattle/Puget Sound,549300AG10BX85DF5S49,MLD MORTGAGE INC.,,,406,193540000.0,15,8235000.0,48,22670000.0,7174000.0,2023-2025,0.042549343804898214,0.037067272915159655,549000.0,26492930000.0,24364863500.0,0.00031083764611917217,0.0002944403936430836,147.0,139.0
Seattle/Puget Sound,549300BX448ALT10FI43,The Federal Savings Bank,,,361,198975000.0,11,7345000.0,55,29935000.0,7096500.0,2023-2025,0.03691418519914562,0.035665284583490386,667727.2727272727,26492930000.0,24364863500.0,0.0002772437778682841,0.0002912595837033932,148.0,140.0
Seattle/Puget Sound,549300RPOGWJRH63HS39,UNION HOME MORTGAGE CORP.,,,178,90920000.0,12,8260000.0,25,13375000.0,6752500.0,2023-2025,0.09084909810822701,0.07426858776946767,688333.3333333334,26492930000.0,24364863500.0,0.00031178129410374766,0.0002771408918420577,135.0,141.0
Seattle/Puget Sound,549300ZZME37MXI1EF14,"DAS Acquisition Company, LLC",,,102,55140000.0,12,7850000.0,24,13970000.0,6563000.0,2023-2025,0.14236488937250635,0.11902430177729416,654166.6666666666,26492930000.0,24364863500.0,0.00029630546715670933,0.0002693632985056534,117.0,142.0
Seattle/Puget Sound,549300ISCZS1R0CJMO47,"Premia Mortgage, LLC DBA Premia Relocation Mortgage",,,72,45960000.0,10,7360000.0,14,9800000.0,6495000.0,2023-2025,0.16013925152306355,0.14131853785900783,736000.0,26492930000.0,24364863500.0,0.0002778099666590294,0.00026657239430050573,110.0,143.0
Seattle/Puget Sound,5493001B4U37VT2ML818,GESA,,,72,31550000.0,14,7670000.0,19,9045000.0,6406000.0,2023-2025,0.24310618066561016,0.20304278922345484,547857.1428571428,26492930000.0,24364863500.0,0.0002895112016677657,0.00026291959320847417,79.0,144.0
Seattle/Puget Sound,54930052M48FOD3CWA54,"PRIMARY RESIDENTIAL MORTGAGE, INC.",,,115,57055000.0,12,7460000.0,23,12515000.0,6342000.0,2023-2025,0.13075102970817631,0.11115590219963194,621666.6666666666,26492930000.0,24364863500.0,0.00028158455859733146,0.0002602928598389234,120.0,145.0
Seattle/Puget Sound,549300TWPFOYZ33TOU32,MANN FINANCIAL INC.,,,104,49760000.0,12,6950000.0,21,10705000.0,5801000.0,2023-2025,0.13967041800643087,0.11657958199356913,579166.6666666666,26492930000.0,24364863500.0,0.0002623341397119911,0.00023808875432443938,118.0,146.0
Seattle/Puget Sound,5493000BAKE4VAHVCU55,SALAL Credit Union,,,63,26425000.0,17,7055000.0,23,9815000.0,5715500.0,2023-2025,0.26698202459791864,0.21629139072847683,415000.0,26492930000.0,24364863500.0,0.0002662974612472082,0.00023457960271355512,72.0,147.0
Seattle/Puget Sound,C398JSK21YCXWM603F55,"Barrington Bank & Trust Company, National Association",,,76,43120000.0,10,6390000.0,16,8830000.0,5565000.0,2023-2025,0.14819109461966604,0.12905844155844157,639000.0,26492930000.0,24364863500.0,0.0002411964248574997,0.00022840267502422085,113.0,148.0
Seattle/Puget Sound,PAOOWF3GUFM46FBSP561,PHH Mortgage Corporation,,,127,64125000.0,11,5825000.0,20,10130000.0,5218000.0,2023-2025,0.09083820662768032,0.08137231968810917,529545.4545454546,26492930000.0,24364863500.0,0.00021986998040609326,0.00021416085503618765,133.0,149.0
Seattle/Puget Sound,549300SK2GVCQXPD4S58,"SUN WEST MORTGAGE COMPANY, INC.",,,169,81665000.0,11,5595000.0,19,9725000.0,5035000.0,2023-2025,0.0685116022775975,0.061654319475907673,508636.36363636365,26492930000.0,24364863500.0,0.0002111884189479986,0.00020665003930762837,139.0,150.0
