NARE,LNRENROT,REPDTE,EQPP,INTAN,LNRE,LNLSRES,ASSET,LNLSGR,EQ,NAME,NARERES,P9RENRES,P9REMULT,P3RE,RBCT1J,NARENRES,P9RECONS,LNREMULT,NAREMULT,P9RE,LNRENRES,CERT,LNRERES,LNRENROW,NARECONS,LNRECONS,P9RERES,ID,tce_proxy,cre_proxy,investor_cre_proxy,real_estate_to_loans,cre_to_loans,cre_to_tce,investor_cre_to_tce,one_to_four_family_to_tce,real_estate_noncurrent,real_estate_noncurrent_rate,real_estate_early_delinquency_rate,cre_category_noncurrent,cre_category_noncurrent_rate,allowance_to_loans,moderate_gross_loss,moderate_gross_loss_to_tce,allowance_coverage_of_moderate_loss,severe_gross_loss,severe_gross_loss_to_tce,allowance_coverage_of_severe_loss
15947000.0,6017789000.0,20230331,0.0,1919832000.0,27473829000.0,417464000.0,53985895000.0,37140618000.0,5299040000.0,UMPQUA BANK,148000.0,1000.0,0.0,24671000.0,4030994000.0,10223000.0,0.0,5755591000.0,0.0,22826000.0,10705616000.0,17266,7780086000.0,4687827000.0,127000.0,2640666000.0,22825000.0,17266_20230331,3379208000.0,19101873000.0,14414046000.0,0.7397246055517978,0.5143122012670872,5.652766269492734,4.265510143205153,2.302340074952474,38773000.0,0.0014112703402208698,0.0008979818575707085,10351000.0,0.0005418840340944577,0.011240092989298131,474557060.0,0.1404344035643855,0.8796918962705981,1173904080.0,0.3473902997388737,0.3556201968392511
11309000.0,6111827000.0,20230630,0.0,1877248000.0,27847684000.0,404603000.0,53580370000.0,37232932000.0,5246427000.0,UMPQUA BANK,0.0,96000.0,0.0,25971000.0,4141323000.0,10213000.0,653000.0,5809449000.0,0.0,23122000.0,10854006000.0,17266,7991102000.0,4742179000.0,120000.0,2590099000.0,22355000.0,17266_20230630,3369179000.0,19253554000.0,14511375000.0,0.7479315354482424,0.5171108737823816,5.714612966541701,4.307095289386524,2.371824708630797,34431000.0,0.0012364044349253605,0.000932608973873734,11082000.0,0.0005755820457874946,0.010866804687849993,476470530.0,0.14142036680152642,0.8491668939105216,1180693880.0,0.35043964123010385,0.34268238944373963
26349000.0,6183947000.0,20230930,0.0,1791712000.0,27888932000.0,416560000.0,51974259000.0,37230911000.0,5058191000.0,UMPQUA BANK,0.0,1000.0,0.0,29993000.0,4224375000.0,25017000.0,1430000.0,5851387000.0,0.0,25951000.0,10878970000.0,17266,7909167000.0,4695023000.0,109000.0,2660819000.0,24520000.0,17266_20230930,3266479000.0,19391176000.0,14696153000.0,0.7490800319121925,0.5208353886371462,5.936415326717239,4.499080814540672,2.4213126733709296,52300000.0,0.0018752959059170856,0.001075444552699257,26557000.0,0.001369540454895567,0.011188552436979048,482537330.0,0.14772399577649206,0.8632699981988958,1194217700.0,0.3655978501622083,0.3488141232540767
28955000.0,6201338000.0,20231231,0.0,1749391000.0,27972926000.0,440871000.0,52167342000.0,37472666000.0,5367571000.0,UMPQUA BANK,0.0,800000.0,0.0,26546000.0,4231569000.0,27631000.0,2202000.0,5834518000.0,0.0,30984000.0,10862118000.0,17266,8102416000.0,4660780000.0,103000.0,2603871000.0,27982000.0,17266_20231231,3618180000.0,19300507000.0,14639727000.0,0.7464888140064547,0.5150556141375155,5.3343136604591255,4.046157736762682,2.239362331337855,59939000.0,0.002142750458067919,0.0009489890331815842,30736000.0,0.0015924970261143917,0.011765135685835643,479531850.0,0.13253399499195728,0.9193779307881218,1188043440.0,0.3283538795748139,0.3710899662052761
40180000.0,6294272000.0,20240331,0.0,1717981000.0,28181092000.0,414344000.0,52217569000.0,37689614000.0,5322449000.0,UMPQUA BANK,0.0,253000.0,0.0,29130000.0,4289253000.0,38767000.0,1818000.0,6003424000.0,0.0,33730000.0,11026861000.0,17266,8198657000.0,4732589000.0,96000.0,2386566000.0,31659000.0,17266_20240331,3604468000.0,19416851000.0,14684262000.0,0.7477150601754637,0.5151777622344448,5.386884000634768,4.073905497288365,2.2745817135843627,73910000.0,0.0026226804837796917,0.0010336717966784254,40934000.0,0.0021081688271697607,0.010993585659964573,475550830.0,0.13193370838636936,0.8712927701125031,1184347230.0,0.32857754043037696,0.34985010265950467
39642000.0,6146532000.0,20240630,0.0,1687676000.0,28209347000.0,418671000.0,52043206000.0,37766297000.0,5335339000.0,UMPQUA BANK,1863000.0,0.0,0.0,29817000.0,4353875000.0,36775000.0,2349000.0,6025076000.0,0.0,55573000.0,10884019000.0,17266,8180980000.0,4737487000.0,89000.0,2548766000.0,53224000.0,17266_20240630,3647663000.0,19457861000.0,14720374000.0,0.7469450076082387,0.515217602615369,5.334336258585291,4.035563044064103,2.2428003902772815,95215000.0,0.0033752996834701633,0.0010569900820462097,39213000.0,0.0020152780410960898,0.011085836665426849,479710650.0,0.13151177891159355,0.8727573590454997,1189977570.0,0.3262301287152898,0.3518310013187896
40566000.0,6174038000.0,20240930,0.0,1649753000.0,28185765000.0,420054000.0,51904432000.0,37569641000.0,5626271000.0,UMPQUA BANK,1726000.0,136000.0,0.0,28235000.0,4443716000.0,38370000.0,2081000.0,5949817000.0,0.0,63773000.0,10925799000.0,17266,8238912000.0,4751761000.0,0.0,2502501000.0,61556000.0,17266_20240930,3976518000.0,19378117000.0,14626356000.0,0.7502271581461212,0.5157919129437516,4.873137000762979,3.6781817660576412,2.071891036328768,104339000.0,0.0037018331771374664,0.001001746803750049,40587000.0,0.0020944759493401756,0.011180676440320524,476860140.0,0.11991901960458874,0.8808746312912629,1184216820.0,0.2978024543080152,0.3547103814992258
43032000.0,6104439000.0,20241231,0.0,1627029000.0,28162413000.0,424629000.0,51566291000.0,37752436000.0,5477508000.0,UMPQUA BANK,1664000.0,0.0,0.0,60501000.0,4530964000.0,39081000.0,761000.0,5960190000.0,0.0,67921000.0,10922764000.0,17266,8274274000.0,4818325000.0,1289000.0,2421810000.0,67160000.0,17266_20241231,3850479000.0,19304764000.0,14486439000.0,0.7459760477443098,0.5113514794118186,5.013600645530076,3.7622433468667147,2.1488947219294015,110953000.0,0.003939754736215253,0.002148288926804674,41131000.0,0.0021306139769437225,0.011247724517697347,471610720.0,0.12248105235738203,0.9003802966989385,1173095370.0,0.30466219137930634,0.36197312755569055
43939000.0,5996314000.0,20250331,0.0,1596094000.0,28203764000.0,421495000.0,51508816000.0,37680848000.0,5588117000.0,UMPQUA BANK,1458000.0,0.0,0.0,110369000.0,4554090000.0,41483000.0,1029000.0,5959264000.0,0.0,55024000.0,10891707000.0,17266,8244258000.0,4895393000.0,0.0,2518941000.0,53995000.0,17266_20250331,3992023000.0,19369912000.0,14474519000.0,0.7484906921415356,0.5140519130567337,4.852154408930009,3.6258606225465133,2.065182991180161,98963000.0,0.003508857895704985,0.003913272001566883,42512000.0,0.002194744095894705,0.01118592129349106,473975680.0,0.11873069869587424,0.8892755847726196,1176424210.0,0.2946937455019673,0.3582848741271654
35045000.0,5958006000.0,20250630,0.0,1567081000.0,28147148000.0,420907000.0,51892650000.0,37702603000.0,5687667000.0,UMPQUA BANK,1761000.0,361000.0,0.0,101210000.0,4647009000.0,30682000.0,1616000.0,5924133000.0,0.0,75924000.0,10851381000.0,17266,8234841000.0,4893375000.0,0.0,2530938000.0,73947000.0,17266_20250630,4120586000.0,19306452000.0,14413077000.0,0.7465571541572342,0.5120721240387567,4.685365625180496,3.4978221544217254,1.9984635680459042,110969000.0,0.003942459818664399,0.0035957461835920287,32659000.0,0.0016916106594831613,0.01116387109929784,472703490.0,0.11471754017511102,0.8904249892464301,1172742180.0,0.2846056798717464,0.3589083834266113
55609000.0,7943286000.0,20250930,0.0,2340262000.0,37571090000.0,472997000.0,67491443000.0,48802552000.0,8092635000.0,COLUMBIA BANK,1758000.0,0.0,0.0,42085000.0,6298841000.0,52957000.0,2015000.0,10550784000.0,0.0,72616000.0,14858060000.0,17266,8887413000.0,6914774000.0,424000.0,2581798000.0,70601000.0,17266_20250930,5752373000.0,27990642000.0,21075868000.0,0.7698591253998357,0.5735487357300495,4.865929591144385,3.6638562902649046,1.5449994289313298,128225000.0,0.003412863454320862,0.0011201431739137726,55396000.0,0.001979090011583157,0.009692054628618602,647551900.0,0.11257126406788989,0.730438749388273,1628625100.0,0.28312230448199377,0.29042718302695936
52481000.0,7704503000.0,20251231,0.0,2297602000.0,36733244000.0,466424000.0,66821352000.0,48038606000.0,8141845000.0,COLUMBIA BANK,1543000.0,1383000.0,987000.0,43506000.0,6338506000.0,48932000.0,1674000.0,10458377000.0,0.0,77386000.0,14530985000.0,17266,8690602000.0,6826482000.0,0.0,2271131000.0,73342000.0,17266_20251231,5844243000.0,27260493000.0,20434011000.0,0.7646609062719264,0.5674705256851125,4.664503683368402,3.496434183178215,1.4870363877751147,129867000.0,0.0035354078719538086,0.001184376746034192,52976000.0,0.001943325089535248,0.009709357511331616,622124000.0,0.10645074135349951,0.7497283499752461,1571186650.0,0.2688434840919517,0.29686097447429305
3169000.0,3605976000.0,20230331,0.0,785845000.0,7800718000.0,86540000.0,16271462000.0,8942489000.0,1977017000.0,CITIZENS BUSINESS BANK,535000.0,0.0,0.0,425000.0,1526293000.0,2616000.0,0.0,843059000.0,18000.0,0.0,5844114000.0,21716,509207000.0,2238138000.0,0.0,83992000.0,0.0,21716_20230331,1191172000.0,6771165000.0,4533027000.0,0.8723206704531591,0.7571901961523241,5.684456149069992,3.80551843058769,0.4274840241375721,3169000.0,0.00040624465594064544,5.44821643341036e-05,2634000.0,0.00038900248332450916,0.009677395186060615,151621440.0,0.12728761253622484,0.5707636070466023,406174370.0,0.3409871706185169,0.21306120324628067
3513000.0,3570257000.0,20230630,0.0,784125000.0,7721148000.0,86967000.0,16480769000.0,8907397000.0,1987427000.0,CITIZENS BUSINESS BANK,371000.0,0.0,0.0,532000.0,1556770000.0,3142000.0,0.0,837176000.0,0.0,0.0,5803296000.0,21716,492718000.0,2233039000.0,0.0,68836000.0,0.0,21716_20230630,1203302000.0,6709308000.0,4476269000.0,0.8668242809880372,0.7532288052278348,5.575747401732898,3.7199879996875267,0.40947160396974325,3513000.0,0.0004549841552059357,6.890167109865009e-05,3142000.0,0.0004683046299260669,0.009763458393063652,149623420.0,0.12434403001075374,0.5812392204375492,401354130.0,0.33354397316716833,0.21668395439209756
4048000.0,3538758000.0,20230930,0.0,782558000.0,7664927000.0,88995000.0,15902022000.0,8877632000.0,1936392000.0,CITIZENS BUSINESS BANK,410000.0,0.0,0.0,136000.0,1587362000.0,3638000.0,0.0,834635000.0,0.0,0.0,5758298000.0,21716,498249000.0,2219540000.0,0.0,63022000.0,0.0,21716_20230930,1153834000.0,6655955000.0,4436415000.0,0.8633976943401123,0.7497444138256688,5.768555095447005,3.8449334999661997,0.4318203485076709,4048000.0,0.0005281198372795984,1.7743156588445003e-05,3638000.0,0.0005465782145462222,0.010024632694844752,148201940.0,0.12844303426662762,0.600498212101677,397720790.0,0.34469498212047833,0.22376250434381365
15818000.0,3521017000.0,20231231,0.0,781113000.0,7600659000.0,86842000.0,16027043000.0,8904910000.0,2061860000.0,CITIZENS BUSINESS BANK,394000.0,0.0,0.0,625000.0,1610514000.0,15424000.0,0.0,831382000.0,0.0,0.0,5704073000.0,21716,499258000.0,2183056000.0,0.0,66734000.0,0.0,21716_20231231,1280747000.0,6602189000.0,4419133000.0,0.8535357460097857,0.7414099637166462,5.154951758622117,3.4504340045301687,0.38981781725820946,15818000.0,0.0020811353331336136,8.222971192366346e-05,15424000.0,0.002336194859008126,0.009752147972298428,147425410.0,0.115108924713468,0.5890572052673959,395415540.0,0.3087382129335458,0.2196221220845291
11025000.0,3476234000.0,20240331,0.0,779675000.0,7535536000.0,82817000.0,16476335000.0,8770713000.0,2072130000.0,CITIZENS BUSINESS BANK,364000.0,0.0,0.0,20189000.0,1633753000.0,10661000.0,0.0,835462000.0,0.0,0.0,5634919000.0,21716,506713000.0,2158685000.0,0.0,58806000.0,0.0,21716_20240331,1292455000.0,6529187000.0,4370502000.0,0.8591702863837866,0.7444305839217404,5.05177124155193,3.381550614915026,0.39205465567466563,11025000.0,0.0014630677897365231,0.0026791723906567496,10661000.0,0.0016328219730879204,0.009442447837479119,145523410.0,0.11259456615510792,0.5690974393741873,390512970.0,0.30214821405774284,0.21207234166895916
22074000.0,3431204000.0,20240630,0.0,778238000.0,7447580000.0,82786000.0,16159023000.0,8681846000.0,2096668000.0,CITIZENS BUSINESS BANK,166000.0,0.0,0.0,145000.0,1658608000.0,12624000.0,0.0,841424000.0,9284000.0,0.0,5592510000.0,21716,479883000.0,2161306000.0,0.0,52227000.0,0.0,21716_20240630,1318430000.0,6486161000.0,4324855000.0,0.8578336911297436,0.7470946847018479,4.919609687279567,3.280306880152909,0.3639806436443345,22074000.0,0.0029639157954664467,1.9469411540392987e-05,21908000.0,0.0033776528211371874,0.009535529655789793,143989010.0,0.10921247999514574,0.5749466573872548,386629400.0,0.2932498502006174,0.2141223611034236
19020000.0,3430252000.0,20240930,0.0,776952000.0,7364482000.0,82942000.0,15410563000.0,8572565000.0,2180807000.0,CITIZENS BUSINESS BANK,226000.0,0.0,0.0,30701000.0,1684415000.0,10881000.0,0.0,828021000.0,7913000.0,0.0,5581532000.0,21716,478014000.0,2151280000.0,0.0,14755000.0,0.0,21716_20240930,1403855000.0,6424308000.0,4273028000.0,0.8590756675510772,0.7494032416202152,4.576190560990986,3.043781587129725,0.34050097766507226,19020000.0,0.0025826663708323275,0.004168792862824568,18794000.0,0.0029254512703936362,0.00967528388527821,141718530.0,0.10094954963297492,0.5852586814159023,381835110.0,0.27199041923845413,0.21721941704103637
26183000.0,3371300000.0,20241231,0.0,775789000.0,7265380000.0,80122000.0,15160648000.0,8536432000.0,2162877000.0,CITIZENS BUSINESS BANK,147000.0,0.0,0.0,88000.0,1704433000.0,25168000.0,0.0,811845000.0,0.0,0.0,5498763000.0,21716,487475000.0,2127463000.0,0.0,16083000.0,0.0,21716_20241231,1387088000.0,6326691000.0,4199228000.0,0.8511026620958264,0.7411399751090385,4.561131665763095,3.0273695684772703,0.35143768816398097,26183000.0,0.0036038032422254585,1.2112236386809775e-05,25168000.0,0.0039780668915235465,0.00938588862419334,139454680.0,0.10053773084332068,0.5745379072254871,375728440.0,0.2708757050742274,0.213244437924369
24713000.0,3375198000.0,20250331,0.0,774634000.0,7246108000.0,78252000.0,15263140000.0,8363632000.0,2212100000.0,CITIZENS BUSINESS BANK,165000.0,0.0,0.0,0.0,1719949000.0,23876000.0,0.0,813167000.0,0.0,0.0,5493350000.0,21716,485155000.0,2118152000.0,0.0,15706000.0,0.0,21716_20250331,1437466000.0,6322223000.0,4204071000.0,0.8663829302867463,0.7559183617834931,4.398172200246823,2.9246403045358984,0.33750711321172117,24713000.0,0.003410520516669086,0.0,23876000.0,0.003776519746298098,0.009356222272811621,139486100.0,0.09703610381045534,0.5610021356966751,375789350.0,0.2614248615271596,0.20823368198167405
24410000.0,3416617000.0,20250630,0.0,773479000.0,7299545000.0,78003000.0,15418191000.0,8358501000.0,2218177000.0,CITIZENS BUSINESS BANK,31000.0,0.0,0.0,3365000.0,1717851000.0,23707000.0,0.0,815980000.0,0.0,0.0,5538665000.0,21716,508626000.0,2122048000.0,0.0,17658000.0,0.0,21716_20250630,1444698000.0,6372303000.0,4250255000.0,0.8733079053289579,0.7623738993391279,4.410820116038092,2.941967802267325,0.3520638915538057,24410000.0,0.0033440440465809856,0.0004609876369006561,23707000.0,0.003720319011823512,0.009332175709496236,140921490.0,0.09754390883077294,0.5535209711449971,379555600.0,0.26272314352203713,0.2055113927972608
27095000.0,3429423000.0,20250930,0.0,772476000.0,7317900000.0,79336000.0,15669875000.0,8470906000.0,2262447000.0,CITIZENS BUSINESS BANK,23000.0,0.0,0.0,43000.0,1742715000.0,27072000.0,0.0,821869000.0,0.0,0.0,5548993000.0,21716,504282000.0,2119570000.0,0.0,29977000.0,0.0,21716_20250930,1489971000.0,6400839000.0,4281269000.0,0.8638863422637437,0.7556262576871943,4.2959487130957585,2.8733908243851727,0.33845088260107076,27095000.0,0.0037025649434947183,5.8760026783640115e-06,27072000.0,0.004229445546122938,0.009365704211568397,142014620.0,0.09531368060183722,0.5586467083459435,382032090.0,0.2564023662205506,0.2076684186399106
4207000.0,3404389000.0,20251231,0.0,771596000.0,7374736000.0,77161000.0,15634835000.0,8699193000.0,2270968000.0,CITIZENS BUSINESS BANK NA,21000.0,0.0,0.0,3054000.0,1732156000.0,4186000.0,0.0,836385000.0,0.0,0.0,5574723000.0,21716,492377000.0,2170334000.0,0.0,45308000.0,0.0,21716_20251231,1499372000.0,6456416000.0,4286082000.0,0.8477494406665078,0.7421856257241333,4.306080145554272,2.858584794167158,0.32838881878546483,4207000.0,0.000570461098539663,0.00041411651888284545,4186000.0,0.0006483473183884062,0.00886990321975843,142828110.0,0.09525862160958054,0.5402367923233039,383811190.0,0.25598129750322135,0.20103895355422025
27230000.0,2725851000.0,20230331,0.0,308524000.0,15262243000.0,177420000.0,22319547000.0,17450876000.0,2224071000.0,WASHINGTON FEDERAL BANK,17313000.0,0.0,0.0,7090000.0,1872006000.0,4068000.0,0.0,2860140000.0,5844000.0,0.0,3604494000.0,28088,6452555000.0,878643000.0,5000.0,2336635000.0,0.0,28088_20230331,1915547000.0,8801269000.0,7922626000.0,0.8745832014392859,0.5043453979043803,4.594650509749957,4.135960120007496,3.3685182352612597,27230000.0,0.0017841414266566193,0.0004645450868525681,9917000.0,0.001126769332922332,0.01016682486311862,264596510.0,0.1381310455968974,0.67053038605838,621097870.0,0.32424047543599815,0.28565546360672595
26517000.0,2694464000.0,20230630,0.0,309069000.0,15457800000.0,178069000.0,22550095000.0,17563815000.0,2290228000.0,WASHINGTON FEDERAL BANK,16311000.0,0.0,0.0,6366000.0,1934080000.0,4046000.0,0.0,2858514000.0,5951000.0,0.0,3559153000.0,28088,6582407000.0,864689000.0,209000.0,2448713000.0,0.0,28088_20230630,1981159000.0,8866380000.0,8001691000.0,0.8800935332101825,0.5048094619534538,4.475350035004762,4.0388938999848065,3.322503140838267,26517000.0,0.0017154446298955866,0.0004118309203120755,10206000.0,0.0011510898472657386,0.010138401025062038,269086740.0,0.13582288953082514,0.6617531581080509,629294790.0,0.3176397199820913,0.2829659530472197
45275000.0,2738673000.0,20230930,0.0,310619000.0,15684702000.0,177207000.0,22460983000.0,17655299000.0,2340199000.0,WASHINGTON FEDERAL BANK,15656000.0,0.0,0.0,16268000.0,1982943000.0,24394000.0,0.0,2898091000.0,5128000.0,0.0,3591273000.0,28088,6726434000.0,852600000.0,97000.0,2459755000.0,0.0,28088_20230930,2029580000.0,8949119000.0,8096519000.0,0.8883849545680308,0.5068800590689515,4.409345283260576,3.9892583687265346,3.31419998226234,45275000.0,0.0028865706214883774,0.0010371889756018316,29619000.0,0.0033097112687852292,0.010037043269558902,271635760.0,0.1338384099173228,0.6523699236065237,635551890.0,0.31314453729343017,0.27882381090865765
40644000.0,2807678000.0,20231231,0.0,311103000.0,15767413000.0,179320000.0,22637277000.0,17766574000.0,2379606000.0,WASHINGTON FEDERAL BANK,16973000.0,0.0,0.0,13344000.0,2021794000.0,23394000.0,0.0,3022786000.0,132000.0,0.0,3662643000.0,28088,6844451000.0,854965000.0,145000.0,2230043000.0,0.0,28088_20231231,2068503000.0,8915472000.0,8060507000.0,0.8874762798950434,0.5018115479101373,4.310108324715991,3.8967828424711013,3.308891019254021,40644000.0,0.002577721532378203,0.0008463024340137472,23671000.0,0.002655047315498271,0.01009311080459294,264737860.0,0.12798524343450313,0.6773492843071256,624406790.0,0.3018640968855254,0.28718457722088514
56067000.0,2973468000.0,20240331,0.0,453538000.0,22078316000.0,201577000.0,30135321000.0,23992716000.0,2974684000.0,WASHINGTON FEDERAL BANK,21356000.0,0.0,0.0,27368000.0,2427111000.0,26134000.0,0.0,7080810000.0,8377000.0,0.0,3884810000.0,28088,8964325000.0,911342000.0,200000.0,2140996000.0,0.0,28088_20240331,2521146000.0,13106616000.0,12195274000.0,0.9202091168002822,0.5462747944001004,5.198673936376553,4.837194672581437,3.555654849025007,56067000.0,0.0025394599841763294,0.001239587294610694,34711000.0,0.0026483571350530144,0.008401591549702,346983460.0,0.13762926066161976,0.5809412356427595,833357800.0,0.3305472193994318,0.24188529824764346
60015000.0,3150205000.0,20240630,0.0,452255000.0,19508535000.0,203824000.0,28564202000.0,21549194000.0,2996266000.0,WASHINGTON FEDERAL BANK,22145000.0,0.0,0.0,22233000.0,2451717000.0,26367000.0,0.0,4441099000.0,9984000.0,0.0,4027675000.0,28088,9009436000.0,877470000.0,1519000.0,2022873000.0,0.0,28088_20240630,2544011000.0,10491647000.0,9614177000.0,0.9053023050421283,0.48686957850952567,4.124057246607817,3.7791412851595374,3.541429655767998,60015000.0,0.003076345814793371,0.001139655027914705,37870000.0,0.003609538140198579,0.009458544017934035,293246480.0,0.11526934435425004,0.695060346504415,702682750.0,0.27621057849199554,0.29006546695503765
69232000.0,3148322000.0,20240930,0.0,448426000.0,19154828000.0,203753000.0,28050298000.0,21125311000.0,3009845000.0,WASHINGTON FEDERAL BANK,22084000.0,0.0,0.0,19340000.0,2463265000.0,26362000.0,0.0,4558416000.0,18743000.0,0.0,4050327000.0,28088,8647735000.0,902005000.0,2043000.0,1890563000.0,0.0,28088_20240930,2561419000.0,10499306000.0,9597301000.0,0.9067240714231378,0.49700125124785144,4.099019332643351,3.7468688254440217,3.3761500949278505,69232000.0,0.0036143368136743385,0.0010096671189112217,47148000.0,0.004490582520406587,0.009644970433808051,289166180.0,0.11289296284598498,0.7046225115260712,695903010.0,0.27168651829318047,0.29278936442594206
70036000.0,3091740000.0,20241231,0.0,449213000.0,19284193000.0,204522000.0,27670704000.0,21272251000.0,3007190000.0,WASHINGTON FEDERAL BANK,18227000.0,0.0,0.0,29422000.0,2466082000.0,26252000.0,0.0,4743399000.0,24077000.0,0.0,3984964000.0,28088,8741315000.0,893224000.0,1480000.0,1807892000.0,0.0,28088_20241231,2557977000.0,10536255000.0,9643031000.0,0.90654218963475,0.4953051277930107,4.1189795686200465,3.7697880004394095,3.4172766213300587,70036000.0,0.0036317827767021415,0.0015257055350980982,51809000.0,0.004917212045456379,0.00961449730919403,286947020.0,0.11217732606665345,0.7127517825415995,692095070.0,0.270563445253808,0.295511424463694
59687000.0,3084051000.0,20250331,0.0,446660000.0,19185856000.0,202709000.0,27629229000.0,21128278000.0,3023464000.0,WASHINGTON FEDERAL BANK,19034000.0,0.0,0.0,29212000.0,2480725000.0,29320000.0,0.0,4877810000.0,10477000.0,0.0,4046228000.0,28088,8650296000.0,962177000.0,856000.0,1604910000.0,0.0,28088_20250331,2576804000.0,10528948000.0,9566771000.0,0.9080652952408143,0.4983344122980586,4.086049229976358,3.712649856178429,3.356986406416631,59687000.0,0.003110989679063577,0.0015225799672425352,40653000.0,0.00386106950096059,0.009594203559797917,279945000.0,0.10864039329339756,0.724102948793513,679970890.0,0.26388149428516877,0.29811423250780633
82445000.0,3045771000.0,20250630,0.0,444291000.0,18650082000.0,198768000.0,26719225000.0,20480755000.0,3026838000.0,WASHINGTON FEDERAL BANK,19908000.0,0.0,0.0,20891000.0,2502215000.0,46680000.0,0.0,4781170000.0,11601000.0,0.0,4005812000.0,28088,8481347000.0,960041000.0,4256000.0,1374731000.0,0.0,28088_20250630,2582547000.0,10161713000.0,9201672000.0,0.9106149651221354,0.49615910155655885,3.9347640139753506,3.5630220863356987,3.2841017026989245,82445000.0,0.0044206239951116565,0.0011201559328264615,62537000.0,0.006154178926328661,0.009705110968809499,265333490.0,0.10274101110260529,0.7491251858180435,648994510.0,0.2513001738206507,0.30627069557183156
117389000.0,3073677000.0,20250930,0.0,442093000.0,18452653000.0,199720000.0,26682607000.0,20291070000.0,3042944000.0,WAFD BANK,24153000.0,0.0,0.0,38878000.0,2506270000.0,69932000.0,0.0,4632108000.0,19121000.0,0.0,4057704000.0,28088,8309174000.0,984027000.0,4183000.0,1446770000.0,0.0,28088_20250930,2600851000.0,10136582000.0,9152555000.0,0.9093977301344878,0.49955877142013705,3.8974097324298853,3.519061645592154,3.194790474348588,117389000.0,0.00636163266062609,0.0021069057116068894,93236000.0,0.009197972255342086,0.009842753487125124,267031240.0,0.1026707181610942,0.7479274709580797,651697370.0,0.25057082085824983,0.30646126437490456
132955000.0,3034564000.0,20251231,0.0,443084000.0,18142156000.0,199539000.0,27269094000.0,20051426000.0,3055489000.0,WAFD BANK,27060000.0,0.0,0.0,27555000.0,2516845000.0,68461000.0,0.0,4623432000.0,31710000.0,0.0,4059624000.0,28088,8075081000.0,1025060000.0,5724000.0,1378305000.0,0.0,28088_20251231,2612405000.0,10061361000.0,9036301000.0,0.9047813357513824,0.501777828669143,3.8513787104220056,3.458996977880535,3.0910524976027838,132955000.0,0.007328511561690904,0.0015188382240787699,105895000.0,0.01052491805035124,0.009951362062728107,262671410.0,0.10054773666410836,0.759652525564164,642519020.0,0.24594923834550922,0.3105573435008975
49013000.0,11368899000.0,20230331,0.0,472748000.0,33894962000.0,619893000.0,67218944000.0,48944198000.0,6195415000.0,EAST WEST BANK,29756000.0,0.0,0.0,49161000.0,6447212000.0,19098000.0,0.0,4206512000.0,159000.0,0.0,14460615000.0,31628,14428305000.0,3091716000.0,0.0,706157000.0,0.0,31628_20230331,5722667000.0,19373284000.0,16281568000.0,0.6925225743815436,0.39582391359237307,3.385359308867701,2.845101418621772,2.521255386692953,49013000.0,0.0014460261085408503,0.0014503925391626048,19257000.0,0.0009939977135523333,0.012665301002582573,491422220.0,0.08587293651718683,1.2614264776224404,1283204700.0,0.22423193591379684,0.48308192761451074
56328000.0,11656399000.0,20230630,0.0,471966000.0,34752527000.0,635400000.0,68508732000.0,49831194000.0,6338759000.0,EAST WEST BANK,40136000.0,0.0,0.0,83411000.0,6685571000.0,15725000.0,0.0,4275990000.0,467000.0,0.0,14783870000.0,31628,14845138000.0,3127471000.0,0.0,756192000.0,0.0,31628_20230630,5866793000.0,19816052000.0,16688581000.0,0.6974050631819098,0.39766360003334456,3.3776634014528892,2.8445832331224232,2.5303667608521385,56328000.0,0.001620831774333993,0.0024001420098170127,16192000.0,0.0008171153365968155,0.01275104907179226,504296080.0,0.08595770806980918,1.2599741009289622,1315754750.0,0.22427154835699845,0.4829167441728787
57128000.0,11886584000.0,20230930,0.0,471196000.0,35659885000.0,655523000.0,68154331000.0,50911946000.0,6369382000.0,EAST WEST BANK,44932000.0,0.0,0.0,61690000.0,6813681000.0,610000.0,0.0,4431374000.0,445000.0,0.0,15081471000.0,31628,15281244000.0,3194887000.0,11141000.0,773925000.0,0.0,31628_20230930,5898186000.0,20286770000.0,17091883000.0,0.7004227455772364,0.39846777807314615,3.4394930916047746,2.89782027898069,2.5908379288140457,57128000.0,0.0016020242353557786,0.0017299551022107896,12196000.0,0.0006011799808446588,0.0128756225503539,515870120.0,0.08746250457344004,1.2707132562746608,1345734530.0,0.22816074806728712,0.4871116742467773
69638000.0,11950237000.0,20231231,0.0,472149000.0,36245898000.0,668743000.0,69478848000.0,52210898000.0,6542852000.0,EAST WEST BANK,45955000.0,0.0,0.0,106559000.0,6732946000.0,23249000.0,0.0,4543473000.0,434000.0,0.0,15228599000.0,31628,15765011000.0,3278362000.0,0.0,640223000.0,0.0,31628_20231231,6070703000.0,20412295000.0,17133933000.0,0.6942209268264261,0.39095851214817257,3.3624268886157007,2.822396845966604,2.596900391931544,69638000.0,0.0019212656836368077,0.002939891294733545,23683000.0,0.00116023210520914,0.012808494502431274,514171340.0,0.0846971660448551,1.3006228624100284,1345565770.0,0.22164908578133372,0.49699763096678656
110816000.0,11933401000.0,20240331,0.0,471781000.0,36229748000.0,670280000.0,70747599000.0,52005784000.0,6657354000.0,EAST WEST BANK,55334000.0,0.0,0.0,102760000.0,6864994000.0,42835000.0,0.0,4426469000.0,411000.0,0.0,15202506000.0,31628,15969039000.0,3269105000.0,12236000.0,583947000.0,0.0,31628_20240331,6185573000.0,20212922000.0,16943817000.0,0.6966484343356885,0.3886668067536488,3.2677525590596055,2.7392477624950833,2.5816588050937237,110816000.0,0.0030587019263838104,0.0028363432171816375,55482000.0,0.0027448777569121377,0.012888566394845619,508419810.0,0.0821944563583681,1.3183593298616747,1332463380.0,0.21541470450676115,0.5030382148288383
122871000.0,11911866000.0,20240630,0.0,471450000.0,36566623000.0,683794000.0,72334717000.0,52786818000.0,6833251000.0,EAST WEST BANK,58656000.0,0.0,0.0,74002000.0,7031035000.0,52502000.0,0.0,4521651000.0,397000.0,0.0,15243245000.0,31628,16190899000.0,3331379000.0,11316000.0,563972000.0,0.0,31628_20240630,6361801000.0,20328868000.0,16997489000.0,0.6927226225304961,0.38511258625212075,3.19545801574114,2.67180457232158,2.545018148162761,122871000.0,0.003360195443806774,0.0020237581140593705,64215000.0,0.0031588084491472913,0.012953877992797368,509301390.0,0.080056164913049,1.342611690103575,1335370400.0,0.209904459444739,0.5120631698890435
104252000.0,11917233000.0,20240930,0.0,471110000.0,36762870000.0,696485000.0,74349454000.0,53253181000.0,7227288000.0,EAST WEST BANK,59152000.0,0.0,0.0,79514000.0,7207089000.0,33408000.0,0.0,4539127000.0,376000.0,0.0,15162101000.0,31628,16392947000.0,3244868000.0,11316000.0,620021000.0,0.0,31628_20240930,6756178000.0,20321249000.0,17076381000.0,0.6903412962316748,0.3815969040422205,3.0078024883299403,2.5275208853289537,2.42636398863381,104252000.0,0.002835796008309471,0.002162888806015417,45100000.0,0.0022193517731119777,0.013078749230022522,511749260.0,0.07574537852614303,1.3609887779808416,1339683130.0,0.19829008797577566,0.519887863333772
105580000.0,11960369000.0,20241231,0.0,470781000.0,36897840000.0,702052000.0,75841883000.0,53726637000.0,7251084000.0,EAST WEST BANK,62162000.0,0.0,0.0,81822000.0,7367996000.0,31740000.0,0.0,4334742000.0,362000.0,0.0,15268811000.0,31628,16628504000.0,3308442000.0,11316000.0,602577000.0,0.0,31628_20241231,6780303000.0,20206130000.0,16897688000.0,0.6867699536079283,0.37609147209418675,2.980121979799428,2.492172989909153,2.4524721092847916,105580000.0,0.0028614141098774345,0.0022175281805113796,43418000.0,0.0021487538682568113,0.01306711231525621,508719180.0,0.07502897436884458,1.3800383936772347,1333077580.0,0.19661032552675006,0.5266400174549482
109916000.0,12128429000.0,20250331,0.0,470488000.0,37374688000.0,734856000.0,75712113000.0,54252734000.0,7489605000.0,EAST WEST BANK,75324000.0,0.0,0.0,97320000.0,7486690000.0,34248000.0,0.0,4395079000.0,344000.0,0.0,15468514000.0,31628,16864143000.0,3340085000.0,0.0,611804000.0,0.0,31628_20250331,7019117000.0,20475397000.0,17135312000.0,0.6888996230125471,0.37740765285672057,2.917090141110342,2.4412347023136958,2.402601780252416,109916000.0,0.0029409208713662037,0.0026039013355777046,34592000.0,0.0016894422120362306,0.013545050098304723,515745500.0,0.07347726216844655,1.4248422914014762,1351411220.0,0.19253293825989792,0.5437693494952632
84517000.0,12253559000.0,20250630,0.0,470176000.0,37774652000.0,760416000.0,77620355000.0,54973057000.0,7692029000.0,EAST WEST BANK,59620000.0,0.0,0.0,139654000.0,7653957000.0,24570000.0,0.0,4354181000.0,327000.0,0.0,15605335000.0,31628,17092891000.0,3351776000.0,0.0,688598000.0,0.0,31628_20250630,7221853000.0,20648114000.0,17296338000.0,0.6871484698404166,0.37560425282516124,2.8591157975660817,2.39500000900046,2.3668289841956076,84517000.0,0.0022373998309766032,0.0036970294259759165,24897000.0,0.0012057759851577727,0.013832521629641227,522638050.0,0.07236896818586587,1.454957211783566,1367406850.0,0.18934293594732543,0.5561007683996902
107680000.0,12476089000.0,20250930,0.0,469910000.0,38404534000.0,790520000.0,79081956000.0,55786368000.0,8028345000.0,EAST WEST BANK,62122000.0,0.0,0.0,129504000.0,7907656000.0,36354000.0,0.0,4415701000.0,307000.0,0.0,15845973000.0,31628,17329850000.0,3369884000.0,8897000.0,740268000.0,0.0,31628_20250930,7558435000.0,21001942000.0,17632058000.0,0.6884214795987436,0.3764708611250691,2.778609857728485,2.3327657114204197,2.292782831366546,107680000.0,0.002803835609618385,0.003372101846099734,45558000.0,0.0021692279694896788,0.014170486954805876,533308930.0,0.0705581155358219,1.4822928241610356,1393995490.0,0.18442911660945685,0.5670893526348496
126186000.0,12660768000.0,20251231,0.0,469666000.0,38926509000.0,809773000.0,79661753000.0,56899148000.0,8151065000.0,EAST WEST BANK,51768000.0,0.0,0.0,129508000.0,7973536000.0,46316000.0,0.0,4475601000.0,292000.0,0.0,16079300000.0,31628,17593839000.0,3418532000.0,27810000.0,701680000.0,0.0,31628_20251231,7681399000.0,21256581000.0,17838049000.0,0.6841316674899948,0.3735834673658031,2.767279892634141,2.3222396076548035,2.2904472219188197,126186000.0,0.0032416469712195357,0.003326987272349545,74418000.0,0.003500939309101497,0.01423172452424068,538604380.0,0.0701180058476327,1.5034653078758846,1409365450.0,0.18347770373599914,0.5745656671234561
14155000.0,652284000.0,20230331,0.0,136410000.0,7112964000.0,41500000.0,9853995000.0,7516318000.0,783288000.0,HOMESTREET BANK,10487000.0,0.0,0.0,6624000.0,818536000.0,2696000.0,5732000.0,3811585000.0,0.0,11259000.0,1089460000.0,32489,1604855000.0,437176000.0,0.0,606092000.0,5527000.0,32489_20230331,646878000.0,5507137000.0,5069961000.0,0.9463362247313113,0.7326907935507785,8.513409019938845,7.837584521347147,2.4809237599671037,25414000.0,0.0035729127829130024,0.0009312573492569343,8428000.0,0.0015303777625288784,0.005521320412467913,130476580.0,0.2017019901743451,0.31806474387970624,316486450.0,0.4892521464634753,0.13112725679093054
32529000.0,650710000.0,20230630,0.0,94894000.0,7091894000.0,41500000.0,9494914000.0,7473351000.0,734058000.0,HOMESTREET BANK,9612000.0,0.0,0.0,5113000.0,823351000.0,18957000.0,0.0,3803441000.0,0.0,4715000.0,1085110000.0,32489,1628018000.0,434400000.0,3960000.0,575325000.0,4715000.0,32489_20230630,639164000.0,5463876000.0,5029476000.0,0.9489577031775973,0.7311145963838712,8.548472692454519,7.868834915608514,2.5471052812736636,37244000.0,0.005251629536482074,0.0007209639625183343,22917000.0,0.0041942752727184875,0.005553064482050956,128700370.0,0.20135735116495923,0.322454395430254,312793350.0,0.4893788605115432,0.1326754548969791
32523000.0,633084000.0,20230930,0.0,93232000.0,7084319000.0,40000000.0,9453404000.0,7479938000.0,705364000.0,HOMESTREET BANK,9915000.0,0.0,0.0,5661000.0,821627000.0,18737000.0,0.0,3803274000.0,0.0,3337000.0,1061337000.0,32489,1655167000.0,428253000.0,3871000.0,564541000.0,3337000.0,32489_20230930,612132000.0,5429152000.0,5000899000.0,0.9471093209596122,0.725828476118385,8.869250423111355,8.169641515228742,2.7039380395078187,35860000.0,0.0050618838592672065,0.0007990888044426006,22608000.0,0.0041641862301884346,0.005347637908228651,127567580.0,0.20839880940712133,0.3135592914751538,310112110.0,0.5066098651924749,0.12898561104240658
30888000.0,641312000.0,20231231,0.0,90458000.0,7079004000.0,40500000.0,9378379000.0,7448158000.0,737748000.0,HOMESTREET BANK,10131000.0,0.0,0.0,10254000.0,814719000.0,16936000.0,0.0,3790823000.0,0.0,4261000.0,1032598000.0,32489,1690620000.0,391286000.0,3821000.0,564963000.0,4261000.0,32489_20231231,647290000.0,5388384000.0,4997098000.0,0.9504368731168162,0.7234518924007788,8.324528418483215,7.720029662129803,2.611843223284772,35149000.0,0.004965246523380973,0.00144850885802579,20757000.0,0.003852175346077785,0.005437586044764357,127216830.0,0.19653761065364828,0.3183541045630519,309080990.0,0.4775000231735389,0.1310336167876258
43755000.0,632301000.0,20240331,0.0,88949000.0,7074536000.0,39677000.0,9451336000.0,7471771000.0,726468000.0,HOMESTREET BANK,10716000.0,0.0,0.0,7972000.0,808549000.0,16926000.0,0.0,3775684000.0,1915000.0,3794000.0,1014245000.0,32489,1710296000.0,381944000.0,14198000.0,574311000.0,3794000.0,32489_20240331,637519000.0,5364240000.0,4982296000.0,0.9468352282209934,0.7179342086367476,8.414243340198489,7.8151333528883065,2.6827372988099176,47549000.0,0.006721147507059121,0.0011268583550921218,33039000.0,0.00615912039729766,0.005310253753761993,127017700.0,0.19923751292118352,0.3123737872753167,308257700.0,0.48352707919293386,0.1287137352935547
31264000.0,612405000.0,20240630,0.0,90544000.0,7031960000.0,39741000.0,9260740000.0,7415579000.0,718051000.0,HOMESTREET BANK,8632000.0,0.0,0.0,6226000.0,800121000.0,16896000.0,0.0,3789425000.0,1915000.0,5459000.0,984857000.0,32489,1727569000.0,372452000.0,3821000.0,530109000.0,5459000.0,32489_20240630,627507000.0,5304391000.0,4931939000.0,0.9482685033764727,0.7153036870081216,8.453118451268272,7.859576068474136,2.7530672964604377,36723000.0,0.0052222993304853835,0.0008853861512295292,22632000.0,0.004266653796826064,0.005359123003072315,124390620.0,0.19822985241598898,0.31948550461441544,302648110.0,0.4823023647544968,0.13131091418347202
36763000.0,590615000.0,20240930,0.0,83710000.0,7027502000.0,38651000.0,9196814000.0,7379635000.0,741311000.0,HOMESTREET BANK,13603000.0,0.0,0.0,5399000.0,798532000.0,17424000.0,0.0,3798211000.0,1915000.0,4967000.0,955753000.0,32489,1737936000.0,365138000.0,3821000.0,535602000.0,4967000.0,32489_20240930,657601000.0,5289566000.0,4924428000.0,0.9522831413748784,0.7167788108761477,8.043731685322863,7.488474013877716,2.642842696407092,41730000.0,0.00593809863021028,0.000768267301809377,23160000.0,0.004378431047084014,0.005237521909958962,124114150.0,0.18873777564206867,0.31141493536393716,301674090.0,0.4587494392496362,0.1281217090934127
34350000.0,570411000.0,20241231,0.0,84999000.0,5866470000.0,38743000.0,8121034000.0,6257219000.0,598874000.0,HOMESTREET BANK,11223000.0,0.0,0.0,6626000.0,678869000.0,17391000.0,0.0,2837752000.0,1915000.0,4354000.0,862480000.0,32489,1693498000.0,292069000.0,3821000.0,472740000.0,4354000.0,32489_20241231,513875000.0,4172972000.0,3880903000.0,0.9375522896034165,0.6669052177972354,8.120597421551933,7.55223157382632,3.2955446363415226,38704000.0,0.0065974938932611945,0.0011294696810859,23127000.0,0.005542093261109828,0.006191728306137279,100425060.0,0.19542702018973485,0.3857901603444399,243556550.0,0.4739606908294819,0.1590718870011913
36536000.0,544976000.0,20250331,0.0,83334000.0,5728164000.0,39634000.0,7798917000.0,6104735000.0,608507000.0,HOMESTREET BANK,13805000.0,0.0,0.0,5888000.0,681006000.0,17020000.0,0.0,2793070000.0,1915000.0,4182000.0,815897000.0,32489,1682587000.0,270921000.0,3796000.0,436610000.0,4182000.0,32489_20250331,525173000.0,4045577000.0,3774656000.0,0.9383149309511387,0.6626949408942403,7.703322524196788,7.187452515647225,3.203871866984784,40718000.0,0.0071083858632539155,0.0010279035306950011,22731000.0,0.005618728799377691,0.006492337505231595,96750390.0,0.18422575037178224,0.40965209545925346,235040210.0,0.44754816032050393,0.16862646608425
38638000.0,508446000.0,20250630,0.0,88459000.0,5633734000.0,45806000.0,7604778000.0,5990554000.0,615831000.0,HOMESTREET BANK,16033000.0,0.0,0.0,6655000.0,682744000.0,16919000.0,0.0,2760611000.0,1915000.0,3737000.0,769671000.0,32489,1677734000.0,261225000.0,3771000.0,425718000.0,3737000.0,32489_20250630,527372000.0,3956000000.0,3694775000.0,0.9404362267663391,0.6603729805290128,7.5013462982486745,7.0060128334458405,3.1813103463968506,42375000.0,0.0075216543770082155,0.0011812769292976913,22605000.0,0.005714105156723963,0.007646371270503529,94363750.0,0.1789320441737521,0.485419453974646,229114780.0,0.43444623529501,0.1999259934256533
2023000.0,1018421000.0,20230331,0.0,77525000.0,1888627000.0,23330000.0,4135167000.0,2112328000.0,415941000.0,BANK OF MARIN,768000.0,0.0,0.0,399000.0,400290000.0,331000.0,0.0,151457000.0,924000.0,0.0,1347979000.0,32779,240606000.0,329558000.0,0.0,125868000.0,0.0,32779_20230331,338416000.0,1625304000.0,1295746000.0,0.8940974129017842,0.769437322234047,4.8026807243156355,3.8288556096638455,0.7109770223630089,2023000.0,0.0010711485115906952,0.00021126458533103677,1255000.0,0.0007721632383849422,0.0110446862419094,43170750.0,0.12756710675618174,0.5404122003903106,111520070.0,0.32953545340645835,0.2092000121592463
2112000.0,1015431000.0,20230630,0.0,77185000.0,1877872000.0,23832000.0,4092788000.0,2102796000.0,414093000.0,BANK OF MARIN,749000.0,0.0,0.0,887000.0,406094000.0,457000.0,0.0,152152000.0,906000.0,0.0,1337738000.0,32779,241639000.0,322307000.0,0.0,123935000.0,0.0,32779_20230630,336908000.0,1613825000.0,1291518000.0,0.8930357485937771,0.7674662687203133,4.790105904282475,3.8334441449891363,0.7172254740166455,2112000.0,0.001124677294299079,0.00047234316289928175,1363000.0,0.0008445773240593001,0.011333481707212682,42925790.0,0.12741101428283091,0.5551907140206389,110904790.0,0.3291841986536384,0.21488702156146727
5672000.0,1008033000.0,20230930,0.0,76850000.0,1871056000.0,24260000.0,4036176000.0,2086942000.0,407060000.0,BANK OF MARIN,490000.0,0.0,0.0,2118000.0,406530000.0,447000.0,0.0,152540000.0,901000.0,0.0,1329964000.0,32779,237800000.0,321931000.0,0.0,127924000.0,0.0,32779_20230930,330210000.0,1610428000.0,1288497000.0,0.8965539051875903,0.771668786195304,4.876981314920808,3.902053238848006,0.7201477847430423,5672000.0,0.003031443206403229,0.0011319810844784978,1348000.0,0.0008370445620667301,0.011624664221621875,42907300.0,0.1299394324823597,0.5654049544016986,110719970.0,0.33530168680536626,0.21911133104533898
5294000.0,1023306000.0,20231231,0.0,76520000.0,1854337000.0,25172000.0,3804953000.0,2073720000.0,431819000.0,BANK OF MARIN,468000.0,0.0,0.0,458000.0,407981000.0,1745000.0,0.0,148856000.0,3081000.0,0.0,1332551000.0,32779,236465000.0,309245000.0,0.0,117668000.0,0.0,32779_20231231,355299000.0,1599075000.0,1289830000.0,0.8942079933645816,0.7711142295006076,4.500645934832352,3.6302663390552747,0.6655380397918373,5294000.0,0.0028549287427258366,0.0002469885463106221,4826000.0,0.003017994778231165,0.01213857222768744,42652150.0,0.12004579241709096,0.590169545966616,110351430.0,0.3105875051717005,0.22810760132424202
3935000.0,1024028000.0,20240331,0.0,76269000.0,1837159000.0,25501000.0,3766797000.0,2054963000.0,427805000.0,BANK OF MARIN,1345000.0,8118000.0,0.0,1518000.0,406282000.0,416000.0,0.0,148331000.0,2174000.0,8118000.0,1327012000.0,32779,238121000.0,302984000.0,0.0,105098000.0,0.0,32779_20240331,351536000.0,1580441000.0,1277457000.0,0.8940107437457512,0.769084893499299,4.495815506804424,3.633929384188248,0.6773730144281098,12053000.0,0.006560673300460113,0.0008262757877788477,10708000.0,0.006775324102576433,0.012409469172924282,41972200.0,0.11939659096081198,0.6075688193613868,108938110.0,0.30989176073005326,0.23408704263365684
23961000.0,1016292000.0,20240630,0.0,76023000.0,1846509000.0,30675000.0,3694329000.0,2082399000.0,411541000.0,BANK OF MARIN,2069000.0,8118000.0,0.0,1737000.0,366418000.0,19700000.0,0.0,191999000.0,2192000.0,8118000.0,1316622000.0,32779,235342000.0,300330000.0,0.0,84747000.0,0.0,32779_20240630,335518000.0,1593368000.0,1293038000.0,0.886721997081251,0.7651597988665957,4.748979190386208,3.8538558288974065,0.7014288354127052,32079000.0,0.017372782910887518,0.000940694033985212,30010000.0,0.018834318249142695,0.014730606382350356,41569390.0,0.12389615460273368,0.7379227840485512,108387910.0,0.3230464833481363,0.2830112694303267
31968000.0,1000798000.0,20240930,0.0,75782000.0,1861955000.0,30675000.0,3792509000.0,2090091000.0,422117000.0,BANK OF MARIN,2033000.0,0.0,0.0,6171000.0,372379000.0,27785000.0,0.0,205935000.0,2150000.0,0.0,1293739000.0,32779,271945000.0,292941000.0,0.0,72735000.0,0.0,32779_20240930,346335000.0,1572409000.0,1279468000.0,0.8908487716563537,0.7523160474831,4.540138882873518,3.6943075346124417,0.7852079633880491,31968000.0,0.01716905080949862,0.003314258400444694,29935000.0,0.019037667680609816,0.014676394472776544,40708800.0,0.11754168651738924,0.7535225798844476,106422320.0,0.3072814471537673,0.28823840713113563
30814000.0,1003719000.0,20241231,0.0,75546000.0,1865054000.0,30656000.0,3700995000.0,2083256000.0,424987000.0,BANK OF MARIN,1249000.0,0.0,0.0,1663000.0,379028000.0,27438000.0,0.0,210908000.0,2127000.0,0.0,1300601000.0,32779,265867000.0,296882000.0,0.0,70278000.0,0.0,32779_20241231,349441000.0,1581787000.0,1284905000.0,0.895259152019723,0.759285944694267,4.526621089110894,3.677029884873269,0.7608351624451625,30814000.0,0.01652177363229161,0.0008916631904491774,29565000.0,0.01869088568814891,0.014715426236621903,40812450.0,0.11679353596172172,0.7511433398387012,106777180.0,0.30556568920075206,0.2871025438206928
29878000.0,1026721000.0,20250331,0.0,75320000.0,1862405000.0,29906000.0,3783907000.0,2073548000.0,433514000.0,BANK OF MARIN,2056000.0,0.0,0.0,5516000.0,385191000.0,27822000.0,0.0,207903000.0,0.0,0.0,1321075000.0,32779,257287000.0,294354000.0,0.0,58938000.0,0.0,32779_20250331,358194000.0,1587916000.0,1293562000.0,0.898173083044135,0.7657965959794516,4.433117249311826,3.611344690307487,0.7182895302545548,29878000.0,0.016042697479871457,0.002961761807984837,27822000.0,0.01752107794115054,0.01442262248088783,40850130.0,0.11404470761654299,0.7320906934690293,107257250.0,0.2994389911612143,0.2788249745355209
29304000.0,1046945000.0,20250630,0.0,75098000.0,1856226000.0,29854000.0,3725667000.0,2073638000.0,407114000.0,BANK OF MARIN,1738000.0,0.0,0.0,1857000.0,345868000.0,27566000.0,0.0,197157000.0,0.0,0.0,1342907000.0,32779,256013000.0,295962000.0,0.0,42878000.0,0.0,32779_20250630,332016000.0,1582942000.0,1286980000.0,0.8951543133372363,0.7633646759945564,4.767667823237434,3.8762589754710617,0.771086333188762,29304000.0,0.015786870779743414,0.0010004169750881628,27566000.0,0.017414409371916344,0.014396919809532812,40455010.0,0.12184656763529468,0.7379555708922084,106780110.0,0.32161133800780684,0.2795839037813316
27816000.0,1065073000.0,20250930,0.0,74882000.0,1876839000.0,29853000.0,3868658000.0,2090354000.0,417865000.0,BANK OF MARIN,627000.0,0.0,0.0,10557000.0,354780000.0,27189000.0,0.0,213343000.0,0.0,0.0,1354066000.0,32779,258690000.0,288993000.0,0.0,33631000.0,0.0,32779_20250930,342983000.0,1601040000.0,1312047000.0,0.8978570136924177,0.7659181172184233,4.66798645997032,3.8253995095966857,0.7542356326698407,27816000.0,0.01482066389285389,0.00562488311464116,27189000.0,0.01698208664368161,0.014281313117299748,40790530.0,0.11892872241481356,0.7318610471597207,107905880.0,0.3146099952475779,0.27665776878887416
26174000.0,1078687000.0,20251231,0.0,74671000.0,1903905000.0,30090000.0,3904329000.0,2120855000.0,403614000.0,BANK OF MARIN,473000.0,0.0,0.0,1631000.0,326461000.0,25701000.0,0.0,238382000.0,0.0,0.0,1365752000.0,32779,251674000.0,287065000.0,0.0,31605000.0,0.0,32779_20251231,328943000.0,1635739000.0,1348674000.0,0.8977063495618512,0.7712639477946395,4.972712597623296,4.100023408310863,0.7650991205163205,26174000.0,0.013747534672160638,0.000856660390092993,25701000.0,0.01571216434895787,0.014187674310596435,41579150.0,0.1264022946224726,0.7236800175087754,109986510.0,0.3343634307463603,0.2735790052798293
691000.0,197167000.0,20230331,0.0,41539000.0,1542531000.0,29937000.0,2782772000.0,2352976000.0,283615000.0,1ST SECURITY BANK OF WA,691000.0,0.0,0.0,556000.0,282398000.0,0.0,0.0,234706000.0,0.0,0.0,353411000.0,57633,612773000.0,156244000.0,0.0,337658000.0,0.0,57633_20230331,242076000.0,925775000.0,769531000.0,0.6555659726236052,0.39344855196143097,3.8243155042218144,3.178881838761381,2.5313248731803237,691000.0,0.00044796506520776566,0.00036044656476920075,0.0,0.0,0.012723036699056854,29054470.0,0.12002210049736446,1.0303750163055805,65961780.0,0.2724837654290388,0.4538537316609709
1323000.0,206942000.0,20230630,0.0,40544000.0,1538338000.0,30350000.0,2905481000.0,2389580000.0,291339000.0,1ST SECURITY BANK OF WA,259000.0,0.0,0.0,149000.0,290867000.0,1064000.0,0.0,233920000.0,0.0,0.0,360929000.0,57633,627243000.0,153987000.0,0.0,312300000.0,0.0,57633_20230630,250795000.0,907149000.0,753162000.0,0.643769197934365,0.37962696373421273,3.6170936422177475,3.0030981478897107,2.501018760342112,1323000.0,0.0008600190595304803,9.685777767954767e-05,1064000.0,0.0011729054433174705,0.012700976740682463,28041530.0,0.11181056241153133,1.0823232541163053,64100970.0,0.2555911003010427,0.47347177429608317
1432000.0,198906000.0,20230930,0.0,39572000.0,1571819000.0,30501000.0,2919993000.0,2424815000.0,291394000.0,1ST SECURITY BANK OF WA,354000.0,0.0,0.0,154000.0,298887000.0,1078000.0,0.0,246127000.0,0.0,0.0,377490000.0,57633,654187000.0,178584000.0,0.0,290089000.0,0.0,57633_20230930,251822000.0,913706000.0,735122000.0,0.6482222355107503,0.3768147260718859,3.62838036390784,2.9192127772791894,2.597815123380801,1432000.0,0.0009110463736600715,9.79756575025496e-05,1078000.0,0.0011798105736418498,0.012578691570284743,27180010.0,0.10793342122610415,1.122185017591973,62585250.0,0.2485297154339176,0.4873512528910566
6055000.0,205331000.0,20231231,0.0,38112000.0,1603367000.0,31534000.0,2972308000.0,2458789000.0,305315000.0,1ST SECURITY BANK OF WA,268000.0,0.0,0.0,67000.0,307686000.0,1088000.0,0.0,226192000.0,0.0,0.0,379561000.0,57633,690398000.0,174230000.0,4699000.0,303417000.0,0.0,57633_20231231,267203000.0,909170000.0,734940000.0,0.652096214843974,0.36976332658068667,3.402544133112278,2.7504930708113307,2.583795840615562,6055000.0,0.0037764279793709114,4.1787064346465905e-05,5787000.0,0.006365146232277792,0.012825012638335376,27596920.0,0.10328072663854822,1.1426637465340335,63304680.0,0.2369160525892299,0.4981306279409358
6183000.0,199576000.0,20240331,0.0,29003000.0,1632788000.0,31479000.0,2969744000.0,2496971000.0,318513000.0,1ST SECURITY BANK OF WA,344000.0,0.0,0.0,8000.0,314938000.0,1102000.0,0.0,225042000.0,0.0,0.0,373689000.0,57633,728763000.0,174113000.0,4737000.0,301550000.0,0.0,57633_20240331,289510000.0,900281000.0,726168000.0,0.6539074742958568,0.3605492414609541,3.1096715139373425,2.5082656903043072,2.5172291112569516,6183000.0,0.003786774523085667,4.899595048469244e-06,5839000.0,0.006485752781631513,0.012606874489131031,27306750.0,0.0943205761459017,1.152791892114587,62596570.0,0.2162155711374391,0.5028869792705895
6182000.0,200096000.0,20240630,0.0,28427000.0,1645474000.0,31238000.0,2941161000.0,2542262000.0,326644000.0,1ST SECURITY BANK OF WA,325000.0,0.0,0.0,388000.0,323105000.0,1120000.0,0.0,242110000.0,0.0,0.0,377239000.0,57633,748277000.0,177143000.0,4737000.0,274209000.0,0.0,57633_20240630,298217000.0,893558000.0,716415000.0,0.6472480019761928,0.35148147594543755,2.996334883658544,2.402327835099944,2.509169497379425,6182000.0,0.0037569721551358455,0.00023579831708067097,5857000.0,0.006554694826748795,0.01228748256473959,26326960.0,0.08828121803921306,1.1865403373575985,60848370.0,0.20404058118752452,0.5133744749448507
6190000.0,188504000.0,20240930,0.0,26917000.0,1646558000.0,31232000.0,2969996000.0,2544424000.0,331337000.0,1ST SECURITY BANK OF WA,323000.0,0.0,0.0,967000.0,331442000.0,1130000.0,0.0,239899000.0,0.0,0.0,364321000.0,57633,746359000.0,175817000.0,4737000.0,292369000.0,0.0,57633_20240930,304420000.0,896589000.0,720772000.0,0.6471240642282889,0.35237405400986627,2.9452368438341763,2.3676893765192824,2.4517410157019905,6190000.0,0.0037593573988890763,0.0005872857196649009,5867000.0,0.0065436894719877224,0.012274683779118575,26829720.0,0.08813389396228895,1.164082219270272,61586680.0,0.20230825832731095,0.5071226440522528
8175000.0,188306000.0,20241231,0.0,26506000.0,1691477000.0,31870000.0,3028747000.0,2561715000.0,336578000.0,1ST SECURITY BANK OF WA,425000.0,0.0,0.0,4445000.0,336416000.0,2771000.0,0.0,246482000.0,0.0,0.0,357640000.0,57633,752820000.0,169334000.0,4979000.0,330703000.0,0.0,57633_20241231,310072000.0,934825000.0,765491000.0,0.6602908598341346,0.36492154669820803,3.0148642895843545,2.4687524187930547,2.427887716401352,8175000.0,0.004833054188735643,0.0026278808402360777,7750000.0,0.008290321717968605,0.01244088432944336,28807310.0,0.09290522846306665,1.1063164176037263,65538900.0,0.21136671482752392,0.4862760894674766
9069000.0,187756000.0,20250331,0.0,25397000.0,1717475000.0,31653000.0,3066005000.0,2563854000.0,342465000.0,1ST SECURITY BANK OF WA,1386000.0,0.0,0.0,2011000.0,342982000.0,1196000.0,0.0,245900000.0,0.0,0.0,353035000.0,57633,776431000.0,165279000.0,6487000.0,338119000.0,0.0,57633_20250331,317068000.0,937054000.0,771775000.0,0.6698801881854427,0.36548649026036584,2.9553723491490786,2.434099309927208,2.4487838570905924,9069000.0,0.00528042620707725,0.0011709049622265243,7683000.0,0.008199100585451853,0.0123458668083284,29109420.0,0.09180812948641932,1.0873799615382238,66085750.0,0.20842768743613357,0.4789686127493446
13189000.0,188586000.0,20250630,0.0,24315000.0,1807266000.0,32189000.0,3175832000.0,2668162000.0,344920000.0,1ST SECURITY BANK OF WA,2060000.0,0.0,0.0,79000.0,349058000.0,2046000.0,0.0,264067000.0,0.0,0.0,368599000.0,57633,814786000.0,180013000.0,9083000.0,355162000.0,0.0,57633_20250630,320605000.0,987828000.0,807815000.0,0.6773449288311579,0.37022789470804246,3.081137224934109,2.519658146317119,2.5414014129536344,13189000.0,0.007297763583224605,4.371243635413935e-05,11129000.0,0.01126613135080196,0.0120641100502893,30497150.0,0.09512375040938226,1.0554756755959163,69206820.0,0.21586319614478877,0.46511312035432345
13313000.0,200355000.0,20250930,0.0,23382000.0,1818675000.0,30056000.0,3208628000.0,2668384000.0,347213000.0,1ST SECURITY BANK OF WA,2116000.0,0.0,0.0,685000.0,349690000.0,2047000.0,0.0,263509000.0,0.0,0.0,371058000.0,57633,799424000.0,170703000.0,9150000.0,380337000.0,0.0,57633_20250930,323831000.0,1014904000.0,844201000.0,0.6815641976567091,0.3803440584263734,3.134054491385939,2.606918423498677,2.4686456824701772,13313000.0,0.007320164405405034,0.0003766478342749529,11197000.0,0.01103257056825079,0.011263746147481022,32004710.0,0.09883152014476687,0.9391117744856929,72358640.0,0.22344568617581392,0.41537541335768613
13453000.0,196188000.0,20251231,0.0,22718000.0,1834902000.0,31938000.0,3196183000.0,2698866000.0,349514000.0,1ST SECURITY BANK OF WA,2168000.0,0.0,0.0,1432000.0,351232000.0,2049000.0,0.0,263189000.0,0.0,0.0,367605000.0,57633,803265000.0,171417000.0,9236000.0,396707000.0,0.0,57633_20251231,326796000.0,1027501000.0,856084000.0,0.6798788824639682,0.3807158265730866,3.144166391265499,2.6196281472233442,2.458001321925605,13453000.0,0.0073317267080203734,0.0007804231506641771,11285000.0,0.010982957680819775,0.011833859109714968,32698940.0,0.10005918065092596,0.9767289092551624,73667700.0,0.22542411779825947,0.43354142996184214
12299000.0,804939000.0,20230331,0.0,45573000.0,1844473000.0,20400000.0,2532519000.0,2044536000.0,362380000.0,UNITED BUSINESS BANK,1737000.0,0.0,0.0,11601000.0,329130000.0,4319000.0,0.0,246849000.0,5338000.0,0.0,1479820000.0,57716,96593000.0,674881000.0,0.0,10254000.0,0.0,57716_20230331,316807000.0,1736923000.0,1062042000.0,0.9021474799172037,0.849543857383778,5.482590346804206,3.3523312300548915,0.304895409507997,12299000.0,0.0066680292961729445,0.006289601420026208,9657000.0,0.005559831955705578,0.00997781403702356,36346660.0,0.11472808365976762,0.5612620251764536,98009400.0,0.3093662703159968,0.2081433005405604
12173000.0,718689000.0,20230630,0.0,45082000.0,1831185000.0,19100000.0,2552135000.0,2013307000.0,357595000.0,UNITED BUSINESS BANK,1695000.0,0.0,0.0,1160000.0,328276000.0,4261000.0,0.0,252060000.0,5327000.0,0.0,1469284000.0,57716,90019000.0,750595000.0,0.0,9989000.0,0.0,57716_20230630,312513000.0,1731333000.0,980738000.0,0.909540869822635,0.8599448568946514,5.540035134538403,3.138231049588337,0.2880488171692058,12173000.0,0.006647607969702679,0.0006334695839033195,9588000.0,0.005537929445115411,0.009486879050239233,34607270.0,0.11073865727185749,0.5519071570800008,93614870.0,0.2995551225069037,0.20402741573000102
12368000.0,921069000.0,20230930,0.0,44552000.0,1798106000.0,19800000.0,2559241000.0,1970078000.0,364545000.0,UNITED BUSINESS BANK,1554000.0,0.0,0.0,1892000.0,336437000.0,4277000.0,0.0,253439000.0,5316000.0,0.0,1441186000.0,57716,87604000.0,520117000.0,366000.0,8394000.0,0.0,57716_20230930,319993000.0,1703019000.0,1182902000.0,0.9127080247584106,0.8644424230918776,5.322050794861138,3.696649614210311,0.27376848868569,12368000.0,0.006878348662425908,0.0010522182785664472,9959000.0,0.005847850200144567,0.010050363488146155,38321720.0,0.1197579947061342,0.5166782701820273,102800380.0,0.32125821502345364,0.19260629192226722
10896000.0,909982000.0,20231231,0.0,44022000.0,1763833000.0,22000000.0,2535924000.0,1927829000.0,358771000.0,UNITED BUSINESS BANK,1496000.0,0.0,0.0,3986000.0,328303000.0,2898000.0,0.0,249580000.0,5305000.0,0.0,1411644000.0,57716,86006000.0,501662000.0,366000.0,9549000.0,0.0,57716_20231231,314749000.0,1670773000.0,1169111000.0,0.9149322891190038,0.8666603728857695,5.308271035015203,3.7144232388347542,0.273252655290406,10896000.0,0.0061774555754428,0.0022598511310311124,8569000.0,0.005128763751868147,0.01141180052795139,37785130.0,0.12004845130564354,0.5822396270702258,101282320.0,0.3217875831217891,0.21721461356730376
14767000.0,893616000.0,20240331,0.0,43521000.0,1726887000.0,18890000.0,2543555000.0,1888414000.0,365601000.0,UNITED BUSINESS BANK,1463000.0,0.0,0.0,1903000.0,335964000.0,4055000.0,0.0,243652000.0,8075000.0,0.0,1382515000.0,57716,83870000.0,488899000.0,366000.0,9606000.0,0.0,57716_20240331,322080000.0,1635773000.0,1146874000.0,0.9144642011762252,0.8662152472921721,5.078778564331843,3.560835817188276,0.26040114257327374,14767000.0,0.008551225413127785,0.0011019829322937748,12496000.0,0.007639201771883996,0.010003103133105347,37050810.0,0.11503604694485842,0.5098404056483515,99299450.0,0.3083067871336314,0.19023267500474575
14630000.0,877203000.0,20240630,0.0,43137000.0,1708008000.0,19000000.0,2576770000.0,1864172000.0,372833000.0,UNITED BUSINESS BANK,1422000.0,0.0,0.0,693000.0,342858000.0,4624000.0,0.0,246142000.0,7431000.0,0.0,1347162000.0,57716,105224000.0,469959000.0,1153000.0,3470000.0,0.0,57716_20240630,329696000.0,1596774000.0,1126815000.0,0.9162287600071238,0.8565593732767148,4.843170678443172,3.417739372027565,0.3191546151606328,14630000.0,0.008565533650896249,0.0004057358045161381,13208000.0,0.008271677770304376,0.010192192565922029,36112020.0,0.10953126516548578,0.526140603599577,96929110.0,0.29399540789090556,0.19601954459295046
9294000.0,886855000.0,20240930,0.0,42626000.0,1736749000.0,18310000.0,2543655000.0,1914358000.0,366122000.0,UNITED BUSINESS BANK,1404000.0,0.0,0.0,3227000.0,333965000.0,7135000.0,0.0,254946000.0,84000.0,0.0,1370358000.0,57716,103092000.0,483503000.0,0.0,2637000.0,0.0,57716_20240930,323496000.0,1627941000.0,1144438000.0,0.9072226824867659,0.850384828751989,5.03233733956525,3.5377191680886315,0.31868091104681356,9294000.0,0.005351377775372261,0.001858069300745243,7219000.0,0.004434435891718435,0.009564564203769619,36671450.0,0.11335982516012563,0.49929850060469383,98464490.0,0.3043762210351905,0.18595536319743292
8937000.0,941643000.0,20241231,0.0,42205000.0,1778012000.0,17900000.0,2646302000.0,1955112000.0,372266000.0,UNITED BUSINESS BANK,1103000.0,0.0,0.0,5806000.0,342614000.0,7127000.0,0.0,225240000.0,77000.0,0.0,1435964000.0,57716,109665000.0,494321000.0,0.0,1519000.0,0.0,57716_20241231,330061000.0,1662723000.0,1168402000.0,0.9094169541182295,0.8504489768361096,5.037623348411354,3.5399577653827627,0.332256764658654,8937000.0,0.005026400271764195,0.0032654447776505444,7204000.0,0.004332651920975412,0.009155485721534112,37773250.0,0.11444323928001188,0.47388032536252506,101574970.0,0.3077460530023238,0.17622451672887524
9351000.0,949511000.0,20250331,0.0,41877000.0,1786106000.0,18500000.0,2547328000.0,1966944000.0,381099000.0,UNITED BUSINESS BANK,1084000.0,0.0,0.0,7846000.0,349640000.0,7585000.0,0.0,236223000.0,72000.0,0.0,1436611000.0,57716,107275000.0,487100000.0,0.0,481000.0,0.0,57716_20250331,339222000.0,1673315000.0,1186215000.0,0.9080614394715864,0.8507181699123106,4.932802117787172,3.4968693068256185,0.31623833359864634,9351000.0,0.005235411560120172,0.004392796396182533,7657000.0,0.00457594654921518,0.009405453332682577,38104840.0,0.1123300965149666,0.4855026290623448,102433130.0,0.3019648784571755,0.18060563022920417
12459000.0,965115000.0,20250630,0.0,41549000.0,1816677000.0,18700000.0,2605907000.0,2000249000.0,389120000.0,UNITED BUSINESS BANK,976000.0,0.0,0.0,6589000.0,357137000.0,10830000.0,0.0,253016000.0,62000.0,92000.0,1450141000.0,57716,105555000.0,485026000.0,0.0,2593000.0,0.0,57716_20250630,347571000.0,1705750000.0,1220724000.0,0.9082254259344712,0.8527688302806301,4.9076303834324495,3.5121572283073097,0.3036933461077017,12551000.0,0.006908768041869854,0.003626951846695918,10892000.0,0.006385460940935073,0.009348836069909296,38993680.0,0.11218910668611592,0.479564893593013,104670080.0,0.301147333926018,0.17865659412890483
12547000.0,968669000.0,20250930,0.0,41230000.0,1863947000.0,20800000.0,2586421000.0,2042758000.0,317627000.0,UNITED BUSINESS BANK,753000.0,181000.0,0.0,1760000.0,283745000.0,11148000.0,0.0,280925000.0,55000.0,181000.0,1457419000.0,57716,115226000.0,488750000.0,0.0,5128000.0,0.0,57716_20250930,276397000.0,1743472000.0,1254722000.0,0.9124658917013175,0.8534892532546684,6.30785428206529,4.539564467052826,0.4168858562140689,12728000.0,0.006828520338829376,0.0009442328564063249,11384000.0,0.006529499756807107,0.0101823123443893,39822470.0,0.14407707030105246,0.5223181786564218,106715070.0,0.38609344529788675,0.19491155279193464
12519000.0,950265000.0,20251231,0.0,40971000.0,1889444000.0,21210000.0,2576971000.0,2067652000.0,326553000.0,UNITED BUSINESS BANK,716000.0,0.0,0.0,299000.0,291596000.0,11249000.0,0.0,310603000.0,0.0,0.0,1451598000.0,57716,113118000.0,501333000.0,0.0,8962000.0,0.0,57716_20251231,285582000.0,1771163000.0,1269830000.0,0.9138114150737164,0.8566059472290308,6.201941999145604,4.446463712698979,0.3960963926297876,12519000.0,0.0066257586887994565,0.00015824761146665368,11249000.0,0.006351194102406159,0.010258012470183571,40181440.0,0.14070018418527777,0.5278556467861779,107487540.0,0.37638065424291445,0.19732519694840908
