ticker,form,report_date,metric,balance_usd_m,denominator_usd_m,denominator_name,portfolio_pct,document_url,accession,source_sha256,amount_unit
FSBW,10-Q,2026-06-30,CRE incl. multifamily/construction,1004.99,2660.157,total gross loans,37.779349113604944,https://www.sec.gov/Archives/edgar/data/1530249/000143774926026740/fsbw20260630_10q.htm,0001437749-26-026740,255d80da88c6cd8d5f09232d6eb49f81bf7058cad1345326c0cae3610c828d82,USD millions
FSBW,10-Q,2026-06-30,Residential real estate,793.497,2660.157,total gross loans,29.828953704612168,https://www.sec.gov/Archives/edgar/data/1530249/000143774926026740/fsbw20260630_10q.htm,0001437749-26-026740,255d80da88c6cd8d5f09232d6eb49f81bf7058cad1345326c0cae3610c828d82,USD millions
FSBW,10-Q,2026-06-30,Construction & development,370.459,2660.157,total gross loans,13.926208114784203,https://www.sec.gov/Archives/edgar/data/1530249/000143774926026740/fsbw20260630_10q.htm,0001437749-26-026740,255d80da88c6cd8d5f09232d6eb49f81bf7058cad1345326c0cae3610c828d82,USD millions
WAFD,10-Q,2026-06-30,CRE + multifamily + construction + land A&D,10727.588,21633.392,total gross loans,49.58809973026884,https://www.sec.gov/Archives/edgar/data/936528/000093652826000061/wfsl-20260630.htm,0000936528-26-000061,829dcbf1abb25c7debad27c5be6d5c55f0960a50d58f64ea0dfa6182de7c7d3d,USD millions
WAFD,10-Q,2026-06-30,Single-family residential,7389.117,21633.392,total gross loans,34.15607224239269,https://www.sec.gov/Archives/edgar/data/936528/000093652826000061/wfsl-20260630.htm,0000936528-26-000061,829dcbf1abb25c7debad27c5be6d5c55f0960a50d58f64ea0dfa6182de7c7d3d,USD millions
BMRC,10-Q,2026-06-30,CRE incl. construction,1679.051,2100.976,total loans,79.91766683674635,https://www.sec.gov/Archives/edgar/data/1403475/000140347526000037/bmrc-20260630.htm,0001403475-26-000037,613e5fce9d14da77656760d4b0855a0a3586dce91767a90e9daa96873075a6b8,USD millions
BCML,10-Q,2026-06-30,CRE incl. multifamily/construction,1734.906,2074.704,total loans,83.62185641903616,https://www.sec.gov/Archives/edgar/data/1730984/000173098426000072/bcml-20260630x10q.htm,0001730984-26-000072,4361dce56394c3f379235ed54554793083b7b59837b3826f336918a5777e7c35,USD millions
CVBF,10-Q,2026-06-30,Commercial real estate,8983.934,12017.055,total loans,74.75986420965867,https://www.sec.gov/Archives/edgar/data/354647/000119312526340248/cvbf-20260630.htm,0001193125-26-340248,7a2da74ff5b1fbec5e51a8998eda93a37553a02d40f06d57824ea3ed194f9195,USD millions
CVBF,10-Q,2026-06-30,Office,1457.979,8983.934,commercial real estate loans,16.22873676498514,https://www.sec.gov/Archives/edgar/data/354647/000119312526340248/cvbf-20260630.htm,0001193125-26-340248,7a2da74ff5b1fbec5e51a8998eda93a37553a02d40f06d57824ea3ed194f9195,USD millions
COLB,10-Q,2026-06-30,Office,3559.0,27009.0,commercial real estate loans,13.177089118442002,https://www.sec.gov/Archives/edgar/data/887343/000088734326000170/colb-20260630.htm,0000887343-26-000170,7cb3b9e0243e9b005961a0ef6a6d5a82096c06b2df05baf547824e6492be3ad4,USD millions
EWBC,10-Q,2026-06-30,Office,2296.0,21668.988,commercial real estate loans,10.595787860512914,https://www.sec.gov/Archives/edgar/data/1069157/000106915726000044/ewbc-20260630.htm,0001069157-26-000044,d8908e2e0cc80b5819ddd52f2d5f613263427bc4a7478c6d95cad937b62a97ab,USD millions
