ticker,company,cik,form,filing_date,report_date,accession,primary_document,document_url,index_url,submissions_url,html_path,text_path,html_bytes,sha256
BCML,BayCom Corp,1730984,10-K,2026-03-16,2025-12-31,0001730984-26-000016,bcml-20251231x10k.htm,https://www.sec.gov/Archives/edgar/data/1730984/000173098426000016/bcml-20251231x10k.htm,https://www.sec.gov/Archives/edgar/data/1730984/000173098426000016/0001730984-26-000016-index.html,https://data.sec.gov/submissions/CIK0001730984.json,data\raw\sec\BCML_10K_2025-12-31.html,data\derived\sec_text\BCML_10K_2025-12-31.txt,6801326,a736b1642ad0cce4e2496c1fef049b04c3821edf0f407f225c292b6bf807a245
BCML,BayCom Corp,1730984,10-Q,2026-08-10,2026-06-30,0001730984-26-000072,bcml-20260630x10q.htm,https://www.sec.gov/Archives/edgar/data/1730984/000173098426000072/bcml-20260630x10q.htm,https://www.sec.gov/Archives/edgar/data/1730984/000173098426000072/0001730984-26-000072-index.html,https://data.sec.gov/submissions/CIK0001730984.json,data\raw\sec\BCML_10Q_2026-06-30.html,data\derived\sec_text\BCML_10Q_2026-06-30.txt,5253595,4361dce56394c3f379235ed54554793083b7b59837b3826f336918a5777e7c35
BMRC,Bank of Marin Bancorp,1403475,10-K,2026-03-13,2025-12-31,0001403475-26-000018,bmrc-20251231.htm,https://www.sec.gov/Archives/edgar/data/1403475/000140347526000018/bmrc-20251231.htm,https://www.sec.gov/Archives/edgar/data/1403475/000140347526000018/0001403475-26-000018-index.html,https://data.sec.gov/submissions/CIK0001403475.json,data\raw\sec\BMRC_10K_2025-12-31.html,data\derived\sec_text\BMRC_10K_2025-12-31.txt,4965907,1b21a4e8405e5e2110a67636a04d2344fd2aa8246d5bfb31c65e25dbc2c8d883
BMRC,Bank of Marin Bancorp,1403475,10-Q,2026-08-06,2026-06-30,0001403475-26-000037,bmrc-20260630.htm,https://www.sec.gov/Archives/edgar/data/1403475/000140347526000037/bmrc-20260630.htm,https://www.sec.gov/Archives/edgar/data/1403475/000140347526000037/0001403475-26-000037-index.html,https://data.sec.gov/submissions/CIK0001403475.json,data\raw\sec\BMRC_10Q_2026-06-30.html,data\derived\sec_text\BMRC_10Q_2026-06-30.txt,3120466,613e5fce9d14da77656760d4b0855a0a3586dce91767a90e9daa96873075a6b8
COLB,"COLUMBIA BANKING SYSTEM, INC.",887343,10-K,2026-02-26,2025-12-31,0000887343-26-000088,colb-20251231.htm,https://www.sec.gov/Archives/edgar/data/887343/000088734326000088/colb-20251231.htm,https://www.sec.gov/Archives/edgar/data/887343/000088734326000088/0000887343-26-000088-index.html,https://data.sec.gov/submissions/CIK0000887343.json,data\raw\sec\COLB_10K_2025-12-31.html,data\derived\sec_text\COLB_10K_2025-12-31.txt,5859408,0293042542675fc9b04b40ab6631c2ed84b272ede14d33ed87a433596c2d7c9f
COLB,"COLUMBIA BANKING SYSTEM, INC.",887343,10-Q,2026-08-04,2026-06-30,0000887343-26-000170,colb-20260630.htm,https://www.sec.gov/Archives/edgar/data/887343/000088734326000170/colb-20260630.htm,https://www.sec.gov/Archives/edgar/data/887343/000088734326000170/0000887343-26-000170-index.html,https://data.sec.gov/submissions/CIK0000887343.json,data\raw\sec\COLB_10Q_2026-06-30.html,data\derived\sec_text\COLB_10Q_2026-06-30.txt,4810872,7cb3b9e0243e9b005961a0ef6a6d5a82096c06b2df05baf547824e6492be3ad4
CVBF,CVB FINANCIAL CORP,354647,10-K,2026-02-27,2025-12-31,0001193125-26-083221,cvbf-20251231.htm,https://www.sec.gov/Archives/edgar/data/354647/000119312526083221/cvbf-20251231.htm,https://www.sec.gov/Archives/edgar/data/354647/000119312526083221/0001193125-26-083221-index.html,https://data.sec.gov/submissions/CIK0000354647.json,data\raw\sec\CVBF_10K_2025-12-31.html,data\derived\sec_text\CVBF_10K_2025-12-31.txt,13437267,f95ce6ecbd8eba43549c591b118c7955b5cac19d64c13ccae9e0d4355643d316
CVBF,CVB FINANCIAL CORP,354647,10-Q,2026-08-07,2026-06-30,0001193125-26-340248,cvbf-20260630.htm,https://www.sec.gov/Archives/edgar/data/354647/000119312526340248/cvbf-20260630.htm,https://www.sec.gov/Archives/edgar/data/354647/000119312526340248/0001193125-26-340248-index.html,https://data.sec.gov/submissions/CIK0000354647.json,data\raw\sec\CVBF_10Q_2026-06-30.html,data\derived\sec_text\CVBF_10Q_2026-06-30.txt,10285260,7a2da74ff5b1fbec5e51a8998eda93a37553a02d40f06d57824ea3ed194f9195
EWBC,EAST WEST BANCORP INC,1069157,10-K,2026-02-27,2025-12-31,0001069157-26-000009,ewbc-20251231.htm,https://www.sec.gov/Archives/edgar/data/1069157/000106915726000009/ewbc-20251231.htm,https://www.sec.gov/Archives/edgar/data/1069157/000106915726000009/0001069157-26-000009-index.html,https://data.sec.gov/submissions/CIK0001069157.json,data\raw\sec\EWBC_10K_2025-12-31.html,data\derived\sec_text\EWBC_10K_2025-12-31.txt,7802241,0fd40cd18f44a20b925959ae4bf840a06756d58baa477b657236ea6f5449071b
EWBC,EAST WEST BANCORP INC,1069157,10-Q,2026-08-07,2026-06-30,0001069157-26-000044,ewbc-20260630.htm,https://www.sec.gov/Archives/edgar/data/1069157/000106915726000044/ewbc-20260630.htm,https://www.sec.gov/Archives/edgar/data/1069157/000106915726000044/0001069157-26-000044-index.html,https://data.sec.gov/submissions/CIK0001069157.json,data\raw\sec\EWBC_10Q_2026-06-30.html,data\derived\sec_text\EWBC_10Q_2026-06-30.txt,7340780,d8908e2e0cc80b5819ddd52f2d5f613263427bc4a7478c6d95cad937b62a97ab
FSBW,"FS Bancorp, Inc.",1530249,10-K,2026-03-13,2025-12-31,0001437749-26-008243,fsbw20251231_10k.htm,https://www.sec.gov/Archives/edgar/data/1530249/000143774926008243/fsbw20251231_10k.htm,https://www.sec.gov/Archives/edgar/data/1530249/000143774926008243/0001437749-26-008243-index.html,https://data.sec.gov/submissions/CIK0001530249.json,data\raw\sec\FSBW_10K_2025-12-31.html,data\derived\sec_text\FSBW_10K_2025-12-31.txt,7439981,2d764b78f185b37ab542390921e7d46da3e731b200b8da16bec0386dba6cfb5a
FSBW,"FS Bancorp, Inc.",1530249,10-Q,2026-08-10,2026-06-30,0001437749-26-026740,fsbw20260630_10q.htm,https://www.sec.gov/Archives/edgar/data/1530249/000143774926026740/fsbw20260630_10q.htm,https://www.sec.gov/Archives/edgar/data/1530249/000143774926026740/0001437749-26-026740-index.html,https://data.sec.gov/submissions/CIK0001530249.json,data\raw\sec\FSBW_10Q_2026-06-30.html,data\derived\sec_text\FSBW_10Q_2026-06-30.txt,7264185,255d80da88c6cd8d5f09232d6eb49f81bf7058cad1345326c0cae3610c828d82
WAFD,WAFD INC,936528,10-K,2025-11-18,2025-09-30,0000936528-25-000117,wfsl-20250930.htm,https://www.sec.gov/Archives/edgar/data/936528/000093652825000117/wfsl-20250930.htm,https://www.sec.gov/Archives/edgar/data/936528/000093652825000117/0000936528-25-000117-index.html,https://data.sec.gov/submissions/CIK0000936528.json,data\raw\sec\WAFD_10K_2025-09-30.html,data\derived\sec_text\WAFD_10K_2025-09-30.txt,9913248,d58db091e6eba1a9c72d2eb8e11ade9e950932f2b8ceaa83c44ea9c48160e1c3
WAFD,WAFD INC,936528,10-Q,2026-08-04,2026-06-30,0000936528-26-000061,wfsl-20260630.htm,https://www.sec.gov/Archives/edgar/data/936528/000093652826000061/wfsl-20260630.htm,https://www.sec.gov/Archives/edgar/data/936528/000093652826000061/0000936528-26-000061-index.html,https://data.sec.gov/submissions/CIK0000936528.json,data\raw\sec\WAFD_10Q_2026-06-30.html,data\derived\sec_text\WAFD_10Q_2026-06-30.txt,4363552,829dcbf1abb25c7debad27c5be6d5c55f0960a50d58f64ea0dfa6182de7c7d3d
