ticker,form,report_date,geography,precision,exposure_usd_m,denominator_usd_m,denominator_name,exposure_pct,interpretation,document_url,accession,source_sha256,amount_unit
FSBW,10-K,2025-12-31,Seattle-Tacoma-Bellevue primary market,market-footprint only,,,not disclosed,,"High qualitative Puget Sound purity, but the filing does not allocate loan balances by county or metro.",https://www.sec.gov/Archives/edgar/data/1530249/000143774926008243/fsbw20251231_10k.htm,0001437749-26-008243,2d764b78f185b37ab542390921e7d46da3e731b200b8da16bec0386dba6cfb5a,USD millions
WAFD,10-Q,2026-06-30,Washington,state upper bound,5927.549408000001,21633.392,total gross loans,27.400000000000006,"Washington is material, but a state total is not a Seattle-tech-core measure.",https://www.sec.gov/Archives/edgar/data/936528/000093652826000061/wfsl-20260630.htm,0000936528-26-000061,829dcbf1abb25c7debad27c5be6d5c55f0960a50d58f64ea0dfa6182de7c7d3d,USD millions
BMRC,10-K,2025-12-31,San Francisco + San Mateo + Santa Clara counties,county,266.565,1676.47,commercial real estate loans,15.900374000131228,Strict three-county proxy; true city/tract tech-core exposure is smaller.,https://www.sec.gov/Archives/edgar/data/1403475/000140347526000018/bmrc-20251231.htm,0001403475-26-000018,1b21a4e8405e5e2110a67636a04d2344fd2aa8246d5bfb31c65e25dbc2c8d883,USD millions
BMRC,10-K,2025-12-31,Strict three counties + Alameda,county broad,468.123,1676.47,commercial real estate loans,27.92313611338109,Broad Bay-relevant proxy; Marin and Sonoma remain the two largest disclosed CRE counties.,https://www.sec.gov/Archives/edgar/data/1403475/000140347526000018/bmrc-20251231.htm,0001403475-26-000018,1b21a4e8405e5e2110a67636a04d2344fd2aa8246d5bfb31c65e25dbc2c8d883,USD millions
BCML,10-Q,2026-06-30,San Francisco Bay Area,issuer-defined region,392.416,2074.704,total loans,18.914312595917295,Direct regional disclosure; roughly four-fifths of loans are outside the Bay Area.,https://www.sec.gov/Archives/edgar/data/1730984/000173098426000072/bcml-20260630x10q.htm,0001730984-26-000072,4361dce56394c3f379235ed54554793083b7b59837b3826f336918a5777e7c35,USD millions
BCML,10-Q,2026-06-30,San Francisco Bay Area real estate,issuer-defined region,365.915,1904.625,real-estate loan categories,19.211918356631884,"Sum of disclosed Bay Area residential, multifamily, owner-occupied and non-owner CRE balances.",https://www.sec.gov/Archives/edgar/data/1730984/000173098426000072/bcml-20260630x10q.htm,0001730984-26-000072,4361dce56394c3f379235ed54554793083b7b59837b3826f336918a5777e7c35,USD millions
CVBF,10-Q,2026-06-30,Santa Clara + San Mateo,county,1661.2069999999999,12017.055,total loans,13.82374466955506,Strict Silicon Valley county proxy after the Heritage Commerce acquisition.,https://www.sec.gov/Archives/edgar/data/354647/000119312526340248/cvbf-20260630.htm,0001193125-26-340248,7a2da74ff5b1fbec5e51a8998eda93a37553a02d40f06d57824ea3ed194f9195,USD millions
CVBF,10-Q,2026-06-30,Santa Clara + San Mateo CRE,county,944.287,8983.934,commercial real estate loans,10.510840796470678,Strict county CRE proxy; Los Angeles and Central Valley/Sacramento are much larger.,https://www.sec.gov/Archives/edgar/data/354647/000119312526340248/cvbf-20260630.htm,0001193125-26-340248,7a2da74ff5b1fbec5e51a8998eda93a37553a02d40f06d57824ea3ed194f9195,USD millions
COLB,10-Q,2026-06-30,Puget Sound,issuer-defined region,3895.0,27009.0,commercial real estate loans,14.42111888629716,Direct regional CRE disclosure; Southern California is more than twice as large.,https://www.sec.gov/Archives/edgar/data/887343/000088734326000170/colb-20260630.htm,0000887343-26-000170,7cb3b9e0243e9b005961a0ef6a6d5a82096c06b2df05baf547824e6492be3ad4,USD millions
COLB,10-Q,2026-06-30,Bay Area,issuer-defined region,1740.0,27009.0,commercial real estate loans,6.442297012107075,Direct regional CRE disclosure.,https://www.sec.gov/Archives/edgar/data/887343/000088734326000170/colb-20260630.htm,0000887343-26-000170,7cb3b9e0243e9b005961a0ef6a6d5a82096c06b2df05baf547824e6492be3ad4,USD millions
COLB,10-Q,2026-06-30,Puget Sound + Bay Area,two broad regions,5635.0,27009.0,commercial real estate loans,20.863415898404234,Combined upper-bound proxy; neither region is restricted to named tech-core cities.,https://www.sec.gov/Archives/edgar/data/887343/000088734326000170/colb-20260630.htm,0000887343-26-000170,7cb3b9e0243e9b005961a0ef6a6d5a82096c06b2df05baf547824e6492be3ad4,USD millions
EWBC,10-Q,2026-06-30,Northern California + Washington CRE,broad-region upper bound,4532.713,21668.988,commercial real estate loans,20.9179727267374,Only broad regional disclosure; includes substantial non-tech-core geography.,https://www.sec.gov/Archives/edgar/data/1069157/000106915726000044/ewbc-20260630.htm,0001069157-26-000044,d8908e2e0cc80b5819ddd52f2d5f613263427bc4a7478c6d95cad937b62a97ab,USD millions
EWBC,10-Q,2026-06-30,Northern California + Washington residential,broad-region upper bound,3513.823,17375.594,residential mortgage loans,20.222750370433378,Only broad regional disclosure; not a city- or county-level measure.,https://www.sec.gov/Archives/edgar/data/1069157/000106915726000044/ewbc-20260630.htm,0001069157-26-000044,d8908e2e0cc80b5819ddd52f2d5f613263427bc4a7478c6d95cad937b62a97ab,USD millions
